pageid,ne_title,qid,en_title,ne_title_is_latinized
47993,दुःशासन,Q2044646,Dushasana,False
75569,भुइँमाला,Q1131974,Phyllanthus urinaria,False
27120,सिपाल काभ्रे,Q3424971,Sipal Kabhre,False
8803,ब्रह्माण्ड,Q1,Universe,False
122154,वडा नम्बर ६ (कथा),Q289770,Ward No. 6,False
92818,धार्चे गाउँपालिका,Q30317339,Dharche Rural Municipality,False
126683,दुहुँ गाउँपालिका,Q104855629,Duhun Rural Municipality,False
137770,बर्डलाइफ इन्टरनेसनल,Q210108,BirdLife International,False
56639,फुस्रोढाडे खोलेधोबिनी,Q1589059,Slaty-backed forktail,False
72244,अमित शाह,Q4746875,Amit Shah,False
53042,तलाश (हिन्दी चलचित्र),Q283555,Talaash: The Answer Lies Within,False
121362,पूर्व जर्मनी,Q16957,East Germany,False
81018,लिया मिशेल,Q228733,Lea Michele,False
124007,अन्तर्राष्ट्रिय व्यापार केन्द्र,Q1184878,International Trade Centre,False
146120,महिलाहरूको मताधिकार,Q205204,Women's suffrage,False
56537,घेघरी झाडीफिस्टो,Q27075474,Pale-footed bush warbler,False
83861,सेरा लियोन राष्ट्रिय क्रिकेट टिम,Q7511441,Sierra Leone national cricket team,False
51145,मिस्टर सम्पथ,Q6929150,Mr. Sampath – The Printer of Malgudi,False
77525,डर्क कुइट,Q294214,Dirk Kuyt,False
54417,घरेलु हिंसा,Q156537,Domestic violence,False
149013,स्वर्भानु,Q7651667,Svarbhānu,False
78119,जोसेओन राजवंशको शाही चिहानहरू,Q495276,Royal Tombs of the Joseon Dynasty,False
75390,हिमाली खैरो भालु,Q944893,Himalayan brown bear,False
144838,सुमित्रा भण्डारी,Q131380218,Sumitra Bhandari,False
95615,वरुण शर्मा,Q16202280,Varun Sharma,False
26246,बाङ्गेसाल,Q3413431,Bangesal,False
27240,पौवासेरा,Q3417722,Pauwasera,False
63721,बुद्ध एयर,Q734942,Buddha Air,False
27229,डमर्खुशिवालय,Q5212009,Damarkhu Shivalaya,False
5013,एकतप्पा,Q2166221,Ektappa,False
60507,गणेश शाह,Q3095117,Ganesh Shah,False
53697,आविष्कारकहरूको सूची,Q1148272,List of inventors,False
88261,बेफिक्रे,Q23838188,Befikre,False
33170,गाउँसहर,Q5527704,Gaunsahar,False
29151,"हरिहरपुर, सुर्खेत",Q5657436,"Hariharpur, Surkhet",False
85048,राजवंशी भाषा,Q12640969,Rajbanshi language (Nepal),False
38225,भान्टा,Q7540,Eggplant,False
107986,भाङ्गुडा उपजिल्ला,Q4100801,Bhangura Upazila,False
17602,मण्डी जिल्ला,Q1892161,Mandi district,False
108705,तानोर उपजिल्ला,Q4451283,Tanore Upazila,False
83336,अलेस्सन्द्र अक्सीऐ,Q462678,Alessandra Acciai,False
80052,गुर्भाकोट नगरपालिका,Q21064862,Gurbhakot,False
91596,दिव्या खोसला कुमार,Q16221279,Divya Khosla Kumar,False
139548,जितु राई,Q17438217,Jitu Rai,False
96525,जगरनाथपुर गाउँपालिका,Q60774424,Jagarnathpur Rural Municipality,False
148695,योकाई,Q503186,Yōkai,False
102840,चङ्खेली गाउँपालिका,Q60746738,Chankheli Rural Municipality,False
17276,गुमला जिल्ला,Q2295865,Gumla district,False
98066,मारियानो राखोय,Q10819,Mariano Rajoy,False
147378,बङ्गलादेशको शिल्पकला,Q4855436,Bangladeshi art,False
78781,शुशतर एतिहासिक जलीय प्रणाली,Q2274974,Shushtar Historical Hydraulic System,False
87796,एकलौटी व्यवसाय,Q2912172,Sole proprietorship,False
141551,बिघा,Q498279,Bigha,False
19351,रामकृष्ण परमहंस,Q183126,Ramakrishna,False
78116,पेटमा जुका पर्नु,Q842428,Ascariasis,False
114357,बराबर चिन्ह,Q214796,Equals sign,False
48210,श्रीगुप्त,Q4664626,Gupta (king),False
51548,डेस्टिनेसन अननोअन (उपन्यास),Q1199748,Destination Unknown (novel),False
12337,योग,Q9350,Yoga,False
91894,सासा कोहेन,Q235245,Sasha Cohen,False
55497,स्त्री स्खलन,Q212379,Female ejaculation,False
141770,चाम भाषा,Q241146,Cham language,False
2782,प्युठान जिल्ला,Q28094,Pyuthan District,False
142107,पूजा महतो,Q123505625,Puja Mahato,False
30598,दुर्गाभवानी,Q3410307,Durga Bhabani,False
112986,मान्नाद्वारा अभिनित चलचित्रहरूको सूची,Q64343340,Manna filmography,False
8464,कायस्थ,Q3243684,Kayastha,False
100223,संयुक्त राज्य अमेरिका राष्ट्रिय फुटबल टोली,Q164134,United States men's national soccer team,False
70481,स्वामी श्रीहरिदासजी,Q16885984,Swami Shree Haridas Ji,False
32998,"रारा, मुगु",Q7287576,"Rara, Nepal",False
23260,टिकाथली,Q3415281,Tikathali,False
134448,दोलखा नेवार भाषा,Q5288841,Dolakha Newar language,False
26130,पाराकाट्ने,Q3429260,Parakatne,False
5871,दुर्गौली,Q3410160,Durgauli,False
130331,"त्रिपुरासुन्दरी गाउँपालिका, सिन्धुपाल्चोक",Q65410922,"Tripurasundari Rural Municipality, Sindhupalchok",False
133817,यभगेनी प्रिगोजिन,Q20850503,Yevgeny Prigozhin,False
15346,दालचिनी,Q28165,Cinnamon,False
66307,सार्वजनिक खरिद,Q20665717,Government procurement,False
31894,सुगा भवानीपट्टी,Q7002172,Suga Bhawani,False
6411,जङ्गबहादुर राणा,Q2355896,Jung Bahadur Rana,False
4645,लोमान्थाङ,Q2603964,Lomanthang Rural Municipality,False
17363,करिश्मा मानन्धर,Q7452406,Karishma Manandhar,False
63299,न्युजिल्यान्ड राष्ट्रिय क्रिकेट टोली,Q1143797,New Zealand national cricket team,False
3114,विनोना राइडर,Q101797,Winona Ryder,False
77508,फिलिपिन्सका विश्व सम्पदा क्षेत्रहरूको सूची,Q2558353,List of World Heritage Sites in the Philippines,False
148851,शाक्त उपनिषद्,Q28172349,Shakta Upanishads,False
33141,मन्टेसरी शिक्षा,Q190218,Montessori education,False
50426,घण्टी फूल,Q93201,Tulip,False
74266,बेलायती साम्राज्य,Q8680,British Empire,False
81366,ललितपुरको युद्ध,Q4871530,Battle of Lalitpur,False
147907,डोयचे भेले,Q153770,Deutsche Welle,False
33052,शङ्करपोखरी,Q278362,Shankar Pokhari,False
70726,जाग्रेब,Q1435,Zagreb,False
99313,लिजा एन,Q233259,Lisa Ann,False
11143,अलीगढ जिल्ला,Q766918,Aligarh district,False
81114,एमिली वाट्सन,Q229535,Emily Watson,False
27542,ठूलोपर्सेल,Q3424527,Thulo Parsel,False
56457,डुन्डुल,Q912197,Jungle owlet,False
139464,क्रिस्पिन क्षेत्री,Q124724013,Crispin Chettri,False
100380,२००७ फिफा महिला विश्वकप,Q367805,2007 FIFA Women's World Cup,False
89009,लोङछेनपा,Q1708503,Longchenpa,False
114718,विल स्मिथ,Q40096,Will Smith,False
123790,नेपाली भाषाका लागि युवा पुरस्कार विजेताहरूको सूची,Q110012185,List of Yuva Puraskar winners for Nepali,False
108583,बाघा जतीन,Q2929252,Bagha Jatin,False
80561,चामिन्दा भास,Q2737023,Chaminda Vaas,False
43315,पन्जाबी भाषा,Q58635,Punjabi language,False
44567,डेहरी,Q1190622,Dehri,False
100215,मेक्सिको राष्ट्रिय फुटबल टोली,Q164089,Mexico national football team,False
128813,गोकुलगङ्गा गाउँपालिका,Q55075103,Gokulganga Rural Municipality,False
14423,रोहिणी नक्षत्र,Q3238710,Rohini (nakshatra),False
81238,सुशील क्षेत्री,Q27528743,Sushil Chhetri,False
82752,पलक मुच्छल,Q7126627,Palak Muchhal,False
126284,आतिशी,Q19559992,Atishi Marlena,False
129058,कुण्डलिनी,Q625498,Kundalini,False
52811,नालापानीमा,Q6960815,Nalapanima,False
108398,अफगान दूरसञ्चार,Q201353,Afghan Telecom,False
29106,उत्तरगङ्गा,Q3426966,Uttarganga,False
93557,ब्रह्मक्षत्रिय,Q4955536,Brahmakshatriya,False
78935,विशाल ब्लु हिमालय क्षेत्र,Q934627,Greater Blue Mountains Area,False
51142,द गाइड,Q7738453,The Guide,False
139457,कबीर पन्थ,Q6344230,Kabir panth,False
121050,इथानोल इन्धन,Q194361,Ethanol fuel,False
68197,जेनिशा मोक्तान,Q8069096,Zenisha Moktan,False
126282,हिरासिंह खत्री,Q19892750,Hira Singh Khatri,False
58569,"डोथान,अलाबामा",Q79519,"Dothan, Alabama",False
93039,नारुतो उजुमाकी,Q931,Naruto Uzumaki,False
150342,इलेक्ट्रोलाइसिस,Q64403,Electrolysis,False
12216,शाहजहाँपुर जिल्ला,Q1812557,Shahjahanpur district,False
23420,राष्ट्रिय पञ्चायत,Q17014962,Rastriya Panchayat,False
81110,केल्ली म्याकडोनाल्ड,Q230383,Kelly Macdonald,False
28840,हलवार,Q3430328,Halwar,False
26185,तालावाङ,Q3417913,Talawang,False
123589,भारतीय धर्महरू,Q1651597,Indian religions,False
51011,बुर्जुवा,Q52090,Bourgeoisie,False
24786,ढोरपाटन शिकार आरक्ष,Q5269784,Dhorpatan Hunting Reserve,False
86244,एज अफ माइथोलोगी,Q271062,Age of Mythology,False
81867,नोरा फतेही,Q18720168,Nora Fatehi,False
102934,सिम्ता गाउँपालिका,Q65396007,Simta Rural Municipality,False
38563,नेपाल इन्भेस्टमेन्ट मेगा बैङ्क,Q13182744,Nepal Investment Mega Bank,False
28825,बेला,Q4881756,"Bela, Dang",False
74491,परिकल्पना,Q41719,Hypothesis,False
100675,एमवन लिमिटेड,Q6713673,M1 (Singaporean company),False
99648,१९५४ फिफा विश्वकप,Q131075,1954 FIFA World Cup,False
75022,ज्याला,Q6821213,Wage,False
144901,हार्टबीट्स,Q131544371,Heartbeats (TV series),False
93459,फ्रेन्ड्स क्लब,Q3753291,Friends Club,False
125075,भक्तपुर राज्य,Q110654712,Kingdom of Bhaktapur,False
97899,अष्टाध्यायी,Q2868351,Aṣṭādhyāyī,False
139132,रा (सुर्यदेव),Q1252904,Ra,False
36130,हिन्दु धर्मको इतिहास,Q1192933,History of Hinduism,False
14729,प्रदीप गिरी,Q44798159,Pradeep Giri,False
103293,सत्यनारायण व्रत कथा,Q7426934,Satyanarayana Puja,False
37458,चिम्टा,Q3276479,Tongs,False
90681,नगेश,Q1022530,Nagesh,False
17934,धेमाजी जिल्ला,Q42473,Dhemaji district,False
126663,दशैं आयो,Q113611958,Dashain Aayo,False
4100,देखतभुली,Q3411990,Dekhatbhuli,False
108597,माताङ्गिनी हाजरा,Q6786063,Matangini Hazra,False
86023,२०१६-१७ युईएफए युरोपा लिग,Q18740965,2016–17 UEFA Europa League,False
88288,जोर्नी टु द वेस्ट,Q70784,Journey to the West,False
100403,डेरेन बेन्ट,Q213459,Darren Bent,False
27888,"देउराली, पाल्पा",Q5266169,"Deurali, Palpa",False
144149,सरोज खनाल,Q54854418,Saroj Khanal,False
63185,कर,Q8161,Tax,False
133139,मेध्यवानर,Q4126704,Chimpanzee,False
93160,कालीगण्डकी-ए जलविद्युत,Q16893044,Kaligandaki A Hydroelectric Power Station,False
9851,अररिया जिल्ला,Q42901,Araria district,False
93180,बुद्धशान्ति गाउँपालिका,Q32963302,Buddhashanti Rural Municipality,False
76608,शारदा नगरपालिका,Q18016527,Shaarada,False
42961,हिलियम,Q560,Helium,False
26069,बाँधु,Q3422054,Baddhu,False
2719,तेह्रथुम जिल्ला,Q28585,Tehrathum District,False
57067,ठुलो चाहा,Q26114,Eurasian woodcock,False
83882,अन्तर्राष्ट्रिय योग दिवस,Q18621241,International Day of Yoga,False
146327,अनुष्ठान दासत्व,Q2455101,Ritual servitude,False
28053,नानिकोट,Q6963612,Nanikot,False
108944,कमान्डो ३ (चलचित्र),Q61964946,Commando 3 (film),False
69280,हिरोसी अमानो,Q11443689,Hiroshi Amano,False
90632,विष्णुवर्धन (अभिनेता),Q2097394,Vishnuvardhan (actor),False
128809,सोरु गाउँपालिका,Q60765423,Soru Rural Municipality,False
107346,करोडौं कस्तूरी,Q24975856,Karodaun Kasturi,False
56723,गुलाफीटाउके सुगा,Q1271952,Blossom-headed parakeet,False
13415,मीमांसा,Q847918,Mīmāṃsā,False
17433,अनुपपुर जिल्ला,Q2299093,Anuppur district,False
148708,अञ्जना,Q12989817,Añjanā,False
149076,अय्यप्पन,Q2477202,Ayyappan,False
16134,कारागार,Q40357,Prison,False
143271,थानेसर,Q2088448,Thanesar,False
71791,घनचक्कर (चलचित्र),Q13564907,Ghanchakkar (film),False
137753,नेपाल–उत्तर कोरिया सम्बन्ध,Q61358663,Nepal–North Korea relations,False
43949,आमा (वि.सं. २०२१ चलचित्र),Q4661432,Aama (1964 film),False
30359,नैकाप नयाँभञ्ज्याङ,Q3424438,Naikap Naya Bhanjyang,False
135490,माई जलविद्युत केन्द्र,Q25036395,Mai Hydropower Station,False
91381,बागमती प्रदेश,Q25104015,Bagmati Province,False
30579,आमचौरा,Q3420120,Amchaur,False
43570,उत्तरी ध्रुव,Q934,North Pole,False
56768,कर्रा सुगा,Q753746,Alexandrine parakeet,False
16057,इङ्ल्यान्ड,Q21,England,False
44907,धनी बुबा गरिब बुबा,Q2342159,Rich Dad Poor Dad,False
122496,संयुक्त राज्य अमेरिकाको महान्यायाधिवक्ता,Q636207,United States Attorney General,False
31573,पोकली,Q7208679,Pokli,False
30722,मोहन्याल गाउँपालिका,Q3420400,Mohanyal Rural Municipality,False
127374,स्वान्टे पाबो,Q170342,Svante Pääbo,False
123996,नेपाली हस्तकला,Q17012295,Nepalese handicrafts,False
76652,कानपुर,Q66568,Kanpur,False
37275,लिगलिगकोट,Q6546674,Liglig,False
52822,धनतेरस,Q26994,Dhanteras,False
107837,रानीनगर उपजिल्ला,Q3347821,Raninagar Upazila,False
8473,किङ लियर,Q181598,King Lear,False
111170,लुसी डियाकोभस्का,Q453496,Lucy Diakovska,False
83318,साङ्ख्य दर्शन,Q164828,Samkhya,False
76360,पुलिकट ताल,Q708366,Pulicat Lake,False
61868,तारादेवी तुलाधर,Q7685055,Tara Devi Tuladhar,False
28979,तीज,Q3630226,Teej,False
55087,लारा दत्ता,Q290438,Lara Dutta,False
16493,जोन क्विन्से एडम्स,Q11816,John Quincy Adams,False
138119,टोटो भाषा,Q36709,Toto language,False
45214,योजनगन्धा,Q13185189,Yojana Gandha,False
29034,छुमचौर,Q3413000,Chhumchaur,False
121084,क्रिप्टो मुद्रा,Q13479982,Cryptocurrency,False
140084,कोरला,Q28745180,Korala,False
22881,"जवाहरलाल नेहरू रङ्गशाला, दिल्ली",Q864849,"Jawaharlal Nehru Stadium, Delhi",False
88898,दलमर्दन शाह,Q20987194,Dal Mardan Shah,False
30135,रंग अन्धता,Q133696,Color blindness,False
13690,चाङझाउ,Q57970,Changzhou,False
114098,गङ्गोत्री (चलचित्र),Q5521175,Gangotri (2003 film),False
8415,नेपाल कम्युनिस्ट पार्टी (माओवादी केन्द्र),Q506537,Communist Party of Nepal (Maoist Centre),False
17964,विजयनगरम जिल्ला,Q15392,Vizianagaram district,False
137602,सङ्घीय मामिला तथा सामान्य प्रशासन मन्त्री,Q109747487,Minister of Federal Affairs and General Administration,False
133404,अफगानिस्तानको भूगोल,Q1637198,Geography of Afghanistan,False
807,भूगोल,Q1071,Geography,False
60742,दमननाथ ढुङ्गाना,Q65920999,Daman Nath Dhungana,False
146349,स्तन आकार असमानता,Q27698000,Anisomastia,False
4976,बाँस,Q670887,Bamboo,False
147287,असमको संस्कृति,Q5193525,Culture of Assam,False
114099,सुकुमार,Q7635908,Sukumar,False
19336,क्षत्रिय,Q242360,Kshatriya,False
80589,नैमिषारण्य,Q943139,Naimiṣāraṇya (forest),False
134424,"हिल्सा, नेपाल",Q16892316,"Hilsa, Nepal",False
62214,निर्यात,Q182722,Export,False
80003,सर्वश्रेष्ठ अभिनेत्रीको लागि फिल्मफेयर पुरस्कार,Q1414482,Filmfare Award for Best Actress,False
56941,कर्कट राशि,Q161701,Cancer (astrology),False
74623,मोडल (मानिस),Q4610556,Model (person),False
65022,महेन्द्र मोरङ आदर्श बहुमुखी क्याम्पस,Q19682383,Mahendra Morang Adarsh Multiple Campus,False
89105,वयली लिप्यन्तरण,Q844833,Wylie transliteration,False
29150,सालकोट,Q3427847,Salkot,False
17086,नेपालका बालीनाली र तिनको दिगो खेती,Q13182816,Nepalko Balinali ra Tinko Digo Kheti,False
150780,गुरु रामदास,Q335353,Guru Ram Das,False
90987,अरुण जेटली रङ्गशाला,Q15217611,Arun Jaitley Cricket Stadium,False
74520,दादूदयाल,Q3633981,Dadu Dayal,False
137606,इराक युद्ध,Q545449,Iraq War,False
31763,सिद्दी,Q6783873,"Siddi, Nepal",False
99805,बहादुर भवन,Q23043456,Bahadur Bhawan,False
26225,तुसारा,Q3421907,Tusara,False
54591,"नेपाली साहित्य सम्मेलन, दार्जिलिङ",Q13182887,"Nepali Sahitya Sammelan, Darjeeling",False
130593,गुल्मी राज्य,Q104881377,Kingdom of Gulmi,False
94862,मिक्वाखोला गाउँपालिका,Q30626098,Mikkwakhola Rural Municipality,False
37439,चमेली,Q82014,Jasmine,False
31922,खाङ्साङ,Q3415304,Khang Sang,False
125029,उत्तर बिहार,Q7054188,North Bihar,False
6151,विज्ञान,Q336,Science,False
149122,चतुर्व्यूह,Q85751026,Caturvyūha,False
49040,म्या डायमण्ड,Q433331,Mya Diamond,False
128747,दाशराज्ञ युद्ध,Q513097,Battle of the Ten Kings,False
100977,गमिरिपाल,Q58924343,Kumar Gaon,False
55646,तिरुपती बेङ्कटेश्वर मन्दिर,Q9375937,"Venkateswara Temple, Tirumala",False
31399,"केराबारी, गोरखा",Q6393286,"Kerabari, Gorkha",False
23557,आँखोप,Q3413932,Ankhop,False
73975,चुम्बकीय क्षेत्र,Q11408,Magnetic field,False
78358,आप्रवासी घाट,Q9276,Aapravasi Ghat,False
110957,हाउसा भाषा,Q56475,Hausa language,False
47422,किरण शमशेर राणा,Q6414825,Kiran Shumsher Rana,False
10927,असार,Q1105198,Ashadha,False
6620,पूर्वी राप्ती नदी,Q5329222,East Rapti River,False
150097,सोल्डरिङ,Q211387,Soldering,False
80947,केटलिन टेर्भर,Q271614,Katelyn Tarver,False
86997,गौतम गुलाटी,Q5527878,Gautam Gulati,False
58452,मन्ना डे,Q156310,Manna Dey,False
134176,सामुद्रिक सीमाना,Q3089219,Maritime boundary,False
142698,वसुन्धरा शाह,Q21070396,Prince Basundhara of Nepal,False
53190,गढवाल मण्डल,Q1460406,Garhwal division,False
1836,नेवारी भाषा,Q33979,Newar language,False
98773,२०१८ फिफा विश्वकप समूह छ,Q43214817,2018 FIFA World Cup Group G,False
51511,द बिग फोर (उपन्यास),Q734675,The Big Four (novel),False
27260,राखादिप्सुङ,Q3426343,Rakha Dipsung,False
26748,लक्ष्मीपुर बेलविछवा,Q6505285,Lakshmipur Belbichhawa,False
47126,जिग्मे सिङगे वाङचुक,Q200273,Jigme Singye Wangchuck,False
87350,तारे जमीन पर (२००७ चलचित्र),Q1043614,Taare Zameen Par,False
33386,"देउराली, कास्की",Q5266165,"Deurali, Kaski",False
97606,फ्रिस्टाइल स्क्रिप्ट,Q45807000,Freestyle Script,False
44687,जालौर,Q1025468,Jalore,False
100099,जिम्बाब्वे महिला राष्ट्रिय फुटबल टोली,Q2475519,Zimbabwe women's national football team,False
77507,थाइल्यान्डका विश्व सम्पदा क्षेत्रहरूको सूची,Q4435464,List of World Heritage Sites in Thailand,False
23764,जोगिनियाँ-१,Q3416354,Joginiya-1,False
126323,मानव मुख,Q1370895,Human mouth,False
150455,वीर टिकेन्द्रजीत अन्तर्राष्ट्रिय विमानस्थल,Q2247550,Bir Tikendrajit International Airport,False
57711,तुर्किस्ताने मुसो,Q1766361,Turkestan rat,False
53629,उपन्यास,Q8261,Novel,False
26283,खुटवाजब्दी,Q3424788,Khutwajabdi,False
56867,भद्रपंक्षी,Q179863,Greater flamingo,False
31673,परस्पुर,Q7139935,Parsapur,False
133971,माथिल्लो सदन,Q637846,Upper house,False
62367,ह्यापासिया ली,Q268177,Hyapatia Lee,False
53251,हिना रब्बानी खर,Q254122,Hina Rabbani Khar,False
111520,गृहयुद्ध,Q8465,Civil war,False
101667,दिलीप जोशी,Q5276803,Dilip Joshi,False
141174,रोडियम,Q1087,Rhodium,False
31393,आँपपिपल,Q3422346,Aanppipal,False
133913,राजन्ना सिरसिल्ला जिल्ला,Q28172781,Rajanna Sircilla district,False
131543,पल्लव वंश,Q466803,Pallava dynasty,False
56586,स्वर्णचूल राजचिचिल्कोटे,Q2263439,Sultan tit,False
43457,विद्युतचुम्बकीय विकिरण,Q12969754,Electromagnetic radiation,False
57678,फेटावाल लङ्गुर,Q1206256,Tarai gray langur,False
109182,ओमानको खाडी,Q79948,Gulf of Oman,False
141872,पहिलो उद्धव थापा मन्त्रिपरिषद्,Q120972732,First Uddhav Thapa cabinet,False
77423,जोहान क्राइफ,Q17163,Johan Cruyff,False
26822,एलिजाबेथ टेलर,Q34851,Elizabeth Taylor,False
108381,केमु,Q20539320,Kaymu,False
100515,१९७० अफ्रिकी राष्ट्र कप,Q723554,1970 African Cup of Nations,False
30788,लगमा गढागुठी,Q6472152,Lagmagadha Guthi,False
88136,जाल्टन इब्राहिमोभिच,Q46896,Zlatan Ibrahimović,False
48189,कृपाचार्य,Q2044671,Kripa,False
75778,लक्ष्मण,Q917687,Lakshmana,False
17354,फेक जिल्ला,Q590882,Phek district,False
137406,हरित गर्दने ठेउवा,Q31873394,Indochinese roller,False
58369,एन्ना मल्ले,Q255525,Anna Malle,False
80908,वेस्ट इन्डिज अन्डर-१९ राष्ट्रिय क्रिकेट टोली,Q7985541,West Indies under-19 cricket team,False
92149,सुधा शाह,Q7633741,Sudha Shah,False
144132,खैरो लुइँचे,Q304434,Grey junglefowl,False
83860,सेसेल्स राष्ट्रिय क्रिकेट टिम,Q7458962,Seychelles national cricket team,False
44662,टेल मि युर ड्रिम्स्,Q2588579,Tell Me Your Dreams,False
26164,उवा,Q7456963,"Uwa, Nepal",False
33023,थापाठाना,Q3414715,Thapathana,False
98599,आवश्यकता शृङ्खला सिद्धान्त,Q179515,Maslow's hierarchy of needs,False
96010,नेपालको सङ्घीय संसद,Q3896143,Federal Parliament of Nepal,False
3902,बुनियाद,Q3415795,Buniyad,False
15249,सपना,Q36348,Dream,False
54912,कात्यायनी,Q25087,Katyayani,False
77487,मलेसियाका विश्व सम्पदा क्षेत्रहरूको सूची,Q11341482,List of World Heritage Sites in Malaysia,False
50824,परिवार नियोजन,Q1280670,Family planning,False
121562,इन्डोनेसियामा हिन्दु धर्म,Q2578725,Hinduism in Indonesia,False
121579,जेनी किम,Q26262599,Jennie (singer),False
23272,मानिखेल,Q3423272,Manikhel,False
50199,केल्यानी लेइ,Q260764,Kaylani Lei,False
66452,१९३४ फिफा विश्वकप,Q1477177,1934 FIFA World Cup,False
62922,टुवेल्भ इयर्स अ स्लेभ (चलचित्र),Q3023357,12 Years a Slave (film),False
55056,खमारी,Q311345,Gmelina arborea,False
17465,सीहोर जिल्ला,Q2299029,Sehore district,False
101386,बङ्गलादेशका जिल्लाहरूको सूची,Q19886791,List of districts of Bangladesh,False
123693,वसन्तकुमार नेम्वाङ,Q4866229,Basanta Kumar Nemwang,False
149294,भागवत सम्प्रदाय,Q3595883,Bhagavata Sampradaya,False
128791,दोगडाकेदार गाउँपालिका,Q97167787,Dogdakedar Rural Municipality,False
74939,लैङ्गिक विभेदता,Q93200,Sexism,False
128842,दीपक बोहरा,Q115616636,Deepak Bohara,False
47195,टेलर स्विफ्ट,Q26876,Taylor Swift,False
78205,ओलिन्डा,Q28301,Olinda,False
135683,घलेम्दी खोला जलविद्युत केन्द्र,Q104879184,Ghalemdi Khola Hydropower Station,False
10886,महाकाव्य,Q37484,Epic poetry,False
33186,नौथर,Q6981469,Nauthar,False
56839,लोभीपापी गरुड,Q44327,Asian woolly-necked stork,False
30983,खुदावागर,Q6402812,Khudabazar,False
8304,उत्तरपूर्वी भारत,Q863038,Northeast India,False
18042,विलुप्पुरम जिल्ला,Q15205,Viluppuram district,False
100240,गाब्रिएल जेजुस,Q19708656,Gabriel Jesus,False
44961,पल्पसा क्याफे (उपन्यास),Q7128692,Palpasa Café,False
1760,राष्ट्रभाषा,Q319972,National language,False
137593,हेनरी बेकरेल,Q41269,Henri Becquerel,False
72659,मोहन राकेश,Q3631800,Mohan Rakesh,False
135610,गुणन,Q40276,Multiplication,False
22890,विश्व एड्स दिवस,Q192373,World AIDS Day,False
33403,लाहाचोक,Q3416448,Lahachok,False
48132,काली नदी (कर्नाटक),Q3461744,Kali River (Karnataka),False
30393,मत्स्यनारायाण मेला,Q13184584,Matsya Narayana Mela,False
69329,फ्युज,Q182221,Fuse (electrical),False
147075,इरिना जेरुत्स्काको हत्या,Q136130910,Killing of Iryna Zarutska,False
83081,याना गुप्ता,Q467941,Yana Gupta,False
33957,द जङ्गल बुक (१९६७ चलचित्र),Q199839,The Jungle Book (1967 film),False
57135,गङ्गाचीलठुँडे फ्यालफ्याले,Q18834,Gull-billed tern,False
53463,गुँदे ताल,Q18357441,Gude Lake,False
149398,राजस्थान को इतिहास,Q3634697,History of Rajasthan,False
18147,खातडा उपविभाग,Q6400941,Khatra subdivision,False
111044,राम स्वरूप,Q335337,Ram Swarup,False
6194,गौरा पर्व,Q5527730,Gaura (festival),False
27054,अत्तरपुर,Q3412677,Atarpur,False
126048,हल्दीघाटी,Q3249952,Haldighati,False
17595,चम्बा जिल्ला,Q1060614,Chamba district,False
1920,इराक,Q796,Iraq,False
30585,कैलपाल,Q3418512,Kailpal,False
33043,भोक्सिङ,Q3412600,Bhoksing,False
32002,जुभिङ,Q3417025,Jubing,False
86967,सलिल चौधरी,Q3349404,Salil Chowdhury,False
87679,एलेस्टर कुक,Q500551,Alastair Cook,False
123318,पानीपतको दोस्रो लडाइँ (१५५६),Q233414,Second Battle of Panipat,False
128787,फेटा गाउँपालिका,Q3424520,Pheta Rural Municipality,False
46700,नागरिकता,Q42138,Citizenship,False
31769,"कविलास, चितवन",Q6344154,"Kabilas, Chitwan",False
80865,ग्रिम स्मिथ,Q1427233,Graeme Smith,False
116097,फ्रि फायर,Q51883198,Free Fire (video game),False
135133,काठमाडौँ उपत्यकाका ढुङ्गाका शिलालेखहरू,Q17021979,Stone inscriptions in the Kathmandu Valley,False
100181,लाइबेरिया महिला राष्ट्रिय फुटबल टोली,Q1813724,Liberia women's national football team,False
56816,स्यालपोथ्री लामपुच्छ्रे,Q766306,Red-billed blue magpie,False
3861,चौघडा,Q3412099,Chaughada,False
139994,प्राचीन युनानी धर्म,Q855270,Ancient Greek religion,False
44508,बिहारशरीफ,Q2308343,Bihar Sharif,False
90575,मूल्याङ्कन,Q4008379,Valuation (finance),False
33217,सङ्गीतकार,Q639669,Musician,False
127859,चिसापानी गढी,Q104814295,Chisapani Gadhi,False
102070,जिब्राल्टर जलसन्धि,Q36124,Strait of Gibraltar,False
54469,स्लिपर,Q876824,Slipper,False
3952,छोप्राक,Q3413326,Chhoprak,False
133770,अमेरिकन ब्रोडकास्टिङ कम्पनी,Q169889,American Broadcasting Company,False
52797,दुधे झार,Q36177,Euphorbia hirta,False
138160,बाल्तेली भाषा परिवार,Q33136,Baltic languages,False
141384,भालुवाङ,Q28183879,Bhalubang,False
148238,चाँदनी फूल,Q45150,Tabernaemontana divaricata,False
100104,ट्युनिसिया राष्ट्रिय फुटबल टोली,Q27971,Tunisia national football team,False
100480,पपुवा न्युगिनी महिला राष्ट्रिय फुटबल टोली,Q1659562,Papua New Guinea women's national soccer team,False
32575,रामनगरी,Q3422120,Ramnagari,False
141909,जलालगढ किल्ला,Q6125948,Jalalgarh Fort,False
13007,घोडाघोडी ताल,Q5556813,Ghodaghodi Tal,False
3930,छतवा,Q3411286,Chhatawa,False
139231,श्रीलङ्काका सहरहरूको सूची,Q510686,List of cities in Sri Lanka,False
102705,अनु मलिक,Q612167,Anu Malik,False
38506,अपाङ्ग बाल अस्पताल तथा पुनर्स्थापना केन्द्र,Q18125714,Hospital and Rehabilitation Centre for Disabled Children,False
69355,विद्युत जेनरेटर,Q227907,Generator,False
3594,ङ,Q3267908,Ṅa,False
34007,युरोपको इतिहास,Q7787,History of Europe,False
48765,बाबेट पिटर,Q70583,Babett Peter,False
137076,डन स्टीफन सेनानायके,Q663001,D. S. Senanayake,False
135011,टिन,Q1096,Tin,False
119750,चिरीबाबु महर्जन,Q101402330,Chiri Babu Maharjan,False
103954,इटालीको एकीकरण,Q51122,Unification of Italy,False
91484,साझा पार्टी,Q28913757,Sajha Party,False
32966,सुँ,Q7130303,Sunhu,False
107976,महाभियोग,Q480498,Impeachment,False
111901,युआरएल,Q42253,URL,False
33002,"श्रीनगर, मुगु",Q7238975,"Srinagar, Mugu",False
30419,तितिर्खी,Q3423950,Titirkhi,False
51449,द डार्क टावर २: द ड्रइङ्ग अफ द थ्री,Q1256948,The Dark Tower II: The Drawing of the Three,False
63051,जितेन्द्र मुखिया,Q15970752,Jitendra Mukhiya,False
136220,लेप्चा लिपि,Q1481626,Lepcha script,False
77682,नाइजेरियाका विश्व सम्पदा क्षेत्रहरूको सूची,Q3647419,List of World Heritage Sites in Nigeria,False
14616,जोगमाई खोला जलविद्युत आयोजना,Q104872847,Jogmai Khola Hydropower Station,False
33064,बासखर्क,Q4867770,Baskharka,False
100033,उत्तरी मारियाना द्वीप महिला राष्ट्रिय फुटबल टोली,Q11304772,Northern Mariana Islands women's national football team,False
11035,मार्तडी,Q2477347,Martadi,False
79883,बिरेनुन,Q1572414,Kala namak,False
78751,कोपन,Q214827,Copán,False
91131,रोमबहादुर थापा,Q16749884,Rom Bahadur Thapa,False
56726,नीलपुच्छ्रे मुरलीचरा,Q31884,Blue-tailed bee-eater,False
14679,गोपालमान श्रेष्ठ,Q5584184,Gopal Man Shrestha,False
23476,फाक्तेप,Q3422196,Phaktep,False
105471,जाह्नवी कपूर,Q22290570,Janhvi Kapoor,False
77837,बेनी हमादको अल कला,Q500367,Qal'at Bani Hammad,False
100655,गुलाम अली,Q3595190,Ghulam Ali (singer),False
72269,भुवनेश्वर कुमार,Q2003153,Bhuvneshwar Kumar,False
49030,डस्ना,Q171495,Mattress,False
91625,एनि फ्रेन्क,Q4583,Anne Frank,False
139255,भेसुभियस पर्वत,Q524,Mount Vesuvius,False
49751,धुस्वाँ सायमी,Q5269774,Dhooswan Sayami,False
148807,सत्राजित,Q104852938,Satrajit,False
139209,पूर्वाधार,Q121359,Infrastructure,False
139905,तमिल ब्राह्मी,Q3534666,Tamil-Brahmi,False
143722,क्रिमिया,Q7835,Crimea,False
98200,याहु! मेसेन्जर,Q71694,Yahoo Messenger,False
7113,राष्ट्रिय अनुसन्धान विभाग,Q6973841,National Investigation Department,False
5901,दुबिया,Q3414155,Dubiya,False
69878,कार्बन चक्र,Q167751,Carbon cycle,False
32360,कालीमाटी रामपुर,Q3425774,Kalimati Rampur,False
56643,सेतोपुच्छ्रे रबिन,Q1589083,White-tailed robin,False
94414,नवराजपुर गाउँपालिका,Q3427791,Navarajpur Rural Municipality,False
53862,हिमपहिरो,Q7935,Avalanche,False
83015,शाजान पद्मसी,Q7491730,Shazahn Padamsee,False
58716,गर्डन ब्राउन,Q10648,Gordon Brown,False
85438,सुरजीत पातर,Q7646413,Surjit Patar,False
32366,"खलङ्गा, सल्यान",Q7342858,"Khalanga, Salyan",False
88247,दमिनी भीर,Q31765281,Damini Bhir,False
150104,आरन,Q40558,Forge,False
115337,फासीवाद,Q6223,Fascism,False
107752,बयुत,Q4874984,Bayut,False
62081,२०१४ अस्ट्रेलियन ओपन,Q12780091,2014 Australian Open,False
123994,इखा पोखरी,Q106462607,Ikha Pokhari,False
42945,रासायनिक प्रतिक्रिया,Q36534,Chemical reaction,False
31332,सिराहा नगरपालिका,Q1930452,Siraha,False
74733,म्युनिख हवाई दुर्घटना,Q308923,Munich air disaster,False
123035,राष्ट्रमण्डल,Q7785,Commonwealth of Nations,False
64603,थाहा नगरपालिका,Q17131553,Thaha Municipality,False
81873,झाँक्री,Q11111204,Jhākri,False
108166,योटा,Q965740,Yota,False
48580,निकी मिनाज,Q162202,Nicki Minaj,False
123582,भारतीय संविधानको प्रस्तावना,Q3345385,Preamble to the Constitution of India,False
95311,चिङ वंश,Q8733,Qing dynasty,False
122424,प्रतिनिधित्व हिउरिस्टिक,Q20203288,Representativeness heuristic,False
56485,चिंचिका गौँथली,Q1259817,Himalayan swiftlet,False
134382,भारतमा सबैभन्दा बढी बोलिने मातृभाषाहरूको सूची,Q2110903,List of languages by number of native speakers in India,False
136008,प्रेम बहादुर महर्जन,Q115898690,Prem Bahadur Maharjan,False
130247,नेपाल कम्युनिस्ट पार्टी (माओवादी),Q21055924,Communist Party of Nepal (Maoist) (2025),False
32293,"अर्थुङ्गे, म्याग्दी",Q3418507,Arthunge,False
56364,कालोटाउके भद्राइभ्याकुर,Q3726366,Black-headed shrike-babbler,False
6395,जलेश्वर नगरपालिका,Q2514515,Jaleshwar,False
64094,रावल,Q7296913,Rawal (name),False
131326,लोकप्रकाश मल्ल,Q116791713,Loka Prakash Malla,False
56556,काँसे घाँसेफिस्टो,Q248603,Graceful prinia,False
10626,मातृकाप्रसाद यादव,Q647008,Matrika Prasad Yadav,False
30348,जोरपाटी,Q3417726,Jorpati,False
63510,द्वारकाधिश मन्दिर,Q1268294,Dwarkadhish Temple,False
150956,प्रेमम,Q19895421,Premam,False
121728,"जानकी गाउँपालिका, बाँके",Q65410283,Janaki Rural Municipality (Banke District),False
122030,उत्तर प्रदेश दिवस,Q61718044,Uttar Pradesh Day,False
44923,रितेश थापा,Q7336727,Ritesh Thapa,False
31746,गर्दी,Q5522514,"Gardi, Nepal",False
84419,आँखा पाक्ने रोग,Q167844,Conjunctivitis,False
49713,मनमाउथ रेजिमेन्टल सङ्ग्रहालय,Q3406059,Monmouth Regimental Museum,False
6412,पृथ्वीनारायण शाह,Q574450,Prithvi Narayan Shah,False
92253,घिरिङ गाउँपालिका,Q29579619,Ghiring Rural Municipality,False
140619,सन् २०२४ को अमेरिकी राष्ट्रपतीय निर्वाचन,Q101110072,2024 United States presidential election,False
124685,जोखिम,Q104493,Risk,False
106942,मिन्ट डटकम,Q1421368,Intuit Mint,False
80515,मिरेन्डा कसग्रोभ,Q5104,Miranda Cosgrove,False
74823,सम्भावित दायित्व,Q475350,Contingent liability,False
94130,सउर,Q25243,Birch,False
28625,महावीर पुन,Q6732717,Mahabir Pun,False
74967,भाग्यश्री,Q3537444,Bhagyashree,False
56542,रातोटाउके टिसिया,Q27075473,Chestnut-headed tesia,False
57167,आब्लाक पेटाहा भुइँचील,Q900773,Pied harrier,False
134023,बकासुरन,Q116825351,Bakasuran,False
6004,फलेनी,Q3413068,Phaleni,False
30622,श्रीकोट,Q3415292,Srikot,False
3851,"छाप्रे, सुर्खेत",Q3411454,Chapre,False
107893,जोहो निगम,Q8063247,Zoho Corporation,False
148474,देवयानी,Q3521317,Devayani,False
1984,रोमानिया,Q218,Romania,False
22984,भवानी भिक्षु,Q13184271,Bhawani Bhikshu,False
62227,भुक्तानी,Q1148747,Payment,False
71348,हजुरबा,Q4994791,Maternal grandfather,False
148552,ललिता,Q2402056,Tripura Sundari,False
134630,सुराही,Q80228,Bottle,False
99464,जगजीत श्रेष्ठ,Q6122649,Jagajeet Shrestha,False
130491,दरदेली भाषा परिवार,Q161101,Dardic languages,False
48048,कर्ण पर्व,Q3630042,Karna Parva,False
61893,जोखिम आधारित आन्तरिक लेखापरीक्षण,Q15919587,Risk-based internal audit,False
3868,चौलाखर्क,Q3413501,Chaulakharka,False
76508,काङ्करिया ताल,Q16384,Kankaria Lake,False
139601,तुलसीराम शर्मा कश्यप,Q21997025,Tulsiram Sharma Kashyap,False
75168,हात्तिपाईले,Q815753,Filariasis,False
12648,जरायो,Q229337,Sambar deer,False
87545,एक्स २,Q219776,X2 (film),False
148216,रिँगटा,Q10916362,Dizziness,False
78140,उभ्स नूर उपत्यका,Q739065,Uvs Lake Basin,False
92707,बाह्रविसे नगरपालिका,Q4860638,Bahrabise,False
9163,गेहेन्द्र शमशेर जङ्गबहादुर राणा,Q19671984,Gehendra Shumsher,False
142249,थर्मोडायनामिक्स,Q11473,Thermodynamics,False
74069,रूद्रहृदयोपनिषद,Q12450427,Rudrahridaya Upanishad,False
78622,थोमस् हार्डी,Q132805,Thomas Hardy,False
147030,वैदेशिक पोर्टफोलियो लगानी,Q5468447,Foreign portfolio investment,False
136810,विरार,Q2487341,Virar,False
78278,जान्जिबारको ढुङ्गा सहर,Q844417,Stone Town,False
31696,हिरमिनीया,Q3426286,Hirminiya,False
12677,पागलपन,Q170082,Psychosis,False
50678,वैरागी काइँला,Q13186229,Bairagi Kainla,False
83859,सर्बिया राष्ट्रिय क्रिकेट टिम,Q7452810,Serbia national cricket team,False
58029,रत्नशम्शेर थापा,Q109539275,Ratna Shumsher Thapa,False
8864,समाचार,Q38926,News,False
14080,जुलाई,Q121,July,False
91816,पुणे वारियर्स इन्डिया,Q3520740,Pune Warriors India,False
148939,रामोपाख्यान,Q65050510,Ramopakhyana,False
56541,कांकीर,Q795545,Indian white-eye,False
69046,वाच ओएस,Q18012472,WatchOS,False
2751,धादिङ जिल्ला,Q28454,Dhading District,False
8819,आत्रेय गोत्र,Q19659569,Atreya (surname),False
29138,रामघाट,Q7677584,"Ramghat, Surkhet",False
31490,खिम्ती,Q3417657,Khimti,False
94890,रोङ गाउँपालिका,Q50072391,Rong Rural Municipality,False
32359,"कालागाउँ, सल्यान",Q6350100,"Kalagaun, Salyan",False
49411,जुलिया एन,Q233137,Julia Ann,False
111175,मनरोस,Q30773,Monrose,False
27908,अर्जे,Q3414451,Arje,False
101292,कुडिग्राम जिल्ला,Q2348751,Kurigram District,False
56671,नीलकण्ठे अर्जुनक,Q2229839,Blue-throated blue flycatcher,False
78994,एसियाली देशहरूको सूची,Q715391,List of sovereign states and dependent territories in Asia,False
131705,औरही नगरपालिका,Q4822071,"Aurahi, Mahottari",False
12841,गिरिश बल्लभ,Q19671936,Girish Ballabh Joshi,False
115106,कालिकट अन्तर्राष्ट्रिय विमानस्थल,Q573547,Calicut International Airport,False
44918,जुमानु राई,Q2494690,Ju Manu Rai,False
15265,पदमचाल,Q7217716,Rheum (plant),False
123995,अबुल कलाम आजाद,Q196617,Maulana Azad,False
8894,भरतपुर महानगरपालिका,Q250220,"Bharatpur, Nepal",False
86609,भानु उदय,Q4901047,Bhanu Uday,False
92044,टेरेन्स लुईस (कोरियोग्राफर),Q7701944,Terence Lewis (choreographer),False
139712,मराठी जाति,Q1265028,Marathi people,False
112996,न्युयोर्क स्टक एक्सचेन्ज,Q13677,New York Stock Exchange,False
54533,पन्जा,Q169031,Glove,False
123931,एथ्नोलग,Q14790,Ethnologue,False
78768,श्रिया सरन,Q292943,Shriya Saran,False
114606,शेख मुजिबुर रहमानको ७ मार्चको भाषण,Q10974750,7 March Speech of Sheikh Mujibur Rahman,False
6568,नेपालका चिकित्साशास्त्र अध्ययन केन्द्रहरू,Q108325896,List of medical colleges in Nepal,False
17213,बस्तर जिल्ला,Q100152,Bastar district,False
140316,काठमाडौँ बाहिरी चक्रपथ,Q127403710,Kathmandu Outer Ring Road,False
112798,सलिम मियाँ अन्सारी,Q7404575,Salim Miya Ansari,False
4013,डाडाझेरी टाडी,Q3411756,Dadajheri Tadi,False
2710,लुम्बिनी अञ्चल,Q9172,Lumbini Zone,False
139232,श्रीलङ्काका राष्ट्रपतिहरूको सूची,Q3323095,List of presidents of Sri Lanka,False
61153,लोकपाल,Q169180,Ombudsman,False
12182,कुशीनगर जिल्ला,Q1840355,Kushinagar district,False
3919,छम्पी,Q3412969,Chhampi,False
100921,चन्द्रिका कुमारतुङ्गा,Q207432,Chandrika Kumaratunga,False
111917,३८ अक्षांश उत्तर,Q483102,38th parallel north,False
91980,रङ्गोली,Q3284472,Rangoli,False
26107,भैरवनाथ,Q4900789,Bhairabnath,False
133217,गाजियाबाद,Q207098,Ghaziabad,False
83183,राजेन्द्र कुमारी बाजपेयी,Q7285996,Rajendra Kumari Bajpai,False
56565,फुस्रोपेटे जुरेली,Q2235441,Ashy bulbul,False
4752,सोमबार,Q105,Monday,False
12202,गोण्डा जिल्ला,Q1937857,Gonda district,False
138041,चियाबारी,Q1827414,Tea garden,False
94949,किचकन्नी,Q17007342,Churel,False
81173,इम्याजिन ड्र्यागन्स,Q391348,Imagine Dragons,False
83883,साइपाल हिमाल,Q7402481,Saipal,False
31910,"सुन्दरपुर, महोत्तरी",Q7002862,"Sundarpur, Mahottari",False
87016,नीरज श्रीधर,Q6986934,Neeraj Shridhar,False
77201,चार्ल्स डिकेन्स,Q5686,Charles Dickens,False
56980,हिउँटाउके बगेडी,Q994425,White-capped bunting,False
98835,प्रिटोरीया,Q3926,Pretoria,False
27958,रिमुवा,Q3422039,Reemuwa,False
4982,सुन्तला,Q125337,Mandarin orange,False
92525,सिङ्गापुर राष्ट्रिय फुटबल टोली,Q239528,Singapore national football team,False
43417,विद्युत चालकता,Q4593291,Electrical conductivity,False
123473,देवराज जोशी,Q5266393,Dev Raj Joshi,False
123925,ग्रेटर कैलाश,Q5600587,Greater Kailash,False
108329,दोहा न्युज,Q21190890,Doha News,False
100235,लिरोय साने,Q16499882,Leroy Sané,False
26148,सुवेडा,Q3417048,Subeda,False
12860,बदालकोट,Q4840547,Badalkot,False
80508,केट बोस्वर्थ,Q236822,Kate Bosworth,False
136459,श्रीलङ्काली सरकार,Q16056320,Government of Sri Lanka,False
16520,खोकना,Q2603970,Khokana,False
136680,राजपत्र,Q2065227,Government gazette,False
24056,पोथ्रा,Q190903,Herbaceous plant,False
5814,ढोरफिर्दी,Q3417241,Dhorphirdi,False
47896,जेस्सिका विच,Q540542,Jessica Wich,False
57169,कल्की बसेरा,Q795570,Crested goshawk,False
13521,गणितज्ञ,Q170790,Mathematician,False
61791,अनुष्का शर्मा,Q465815,Anushka Sharma,False
27064,गुन्साकोट,Q3411906,Gunsakot,False
122532,मुमताज (अभिनेत्री),Q3111131,Mumtaz (Indian actress),False
91384,कर्णाली प्रदेश,Q25104017,Karnali Province,False
149341,माया सीता,Q13552969,Maya Sita,False
105955,पर्वत राज्य,Q97261941,Kingdom of Parbat,False
91294,पाकिस्तान राष्ट्रिय फुटबल टोली,Q390989,Pakistan national football team,False
14182,उपनिवेश,Q7167,Colonialism,False
103121,कुमारी (जीवित देवी),Q1064555,Kumari (goddess),False
84695,मिनियन्स् (चलचित्र),Q13619743,Minions (film),False
87830,लोसार,Q1347838,Losar,False
15409,अन्तरिक्ष,Q4169,Outer space,False
47137,फोक्सो क्यान्सर,Q47912,Lung cancer,False
114488,दर्शन रावल,Q21066378,Darshan Raval,False
4244,देवगवा,Q3412684,Devagawa,False
26294,डुमरवाना,Q5313703,Dumbarwana,False
91908,आस्था पोखरेल,Q19667737,Aastha Pokharel,False
100508,२००३ ओएफसी महिला च्याम्पियनसिप,Q1476948,2003 OFC Women's Championship,False
55567,गढवाली भाषा,Q33459,Garhwali language,False
100355,गाम्बिया राष्ट्रिय फुटबल टोली,Q270181,Gambia national football team,False
119812,मिस इन्टरनेसनल क्विन,Q2093235,Miss International Queen,False
142265,वाणिज्य बैंक,Q848507,Commercial bank,False
136756,बोमिस,Q935818,Bomis,False
53869,भारतीय नेपाली,Q3635166,Nepali Indian,False
25149,एलपी ग्यास,Q351609,Liquefied petroleum gas,False
57733,मलाया दुम्सी,Q549826,Malayan porcupine,False
50852,जनसङ्ख्या वृद्धि,Q386191,Population growth,False
30382,सुन्दरीजल,Q3415863,Sundarijal,False
23835,सिसवा बेल्ही,Q3420132,Siswa Beihi,False
26215,कोचिवाङ,Q3416393,Kochibang,False
116078,टेनेट (चलचित्र),Q63985561,Tenet,False
75007,ग्याब्रिएला मिस्ट्रल,Q80871,Gabriela Mistral,False
134160,श्रीलङ्काका प्रदेशहरू,Q861559,Provinces of Sri Lanka,False
80590,मिलन अमात्य,Q16147214,Milan Amatya,False
15273,बेल,Q234126,Aegle marmelos,False
139080,पिटर हिग्स,Q192112,Peter Higgs,False
30339,खड्का भद्रकाली,Q3420379,Khadka Bhadrakali,False
114851,राजनैतिक रङ,Q686487,Political colour,False
56874,रातो जुनबकुल्ला,Q204111,Cinnamon bittern,False
131945,धुम्बा ताल,Q110235975,Dhumba lake,False
26220,गोठीवाङ,Q3425402,Gothibang,False
149344,शान्ता,Q7489020,Shanta,False
13729,सिङ्ताम,Q934017,Singtam,False
42884,कामिला भाहेखो,Q242230,Camila Vallejo,False
1914,चीन,Q148,China,False
78165,बस्सारी,Q810476,Bassari people,False
34021,किचनास,Q3425581,Kichnas,False
56833,नेपाल पिट्टा,Q928569,Blue-naped pitta,False
103239,रामेश्वर श्रेष्ठ,Q65395890,Raameshwor Shrestha,False
35977,राजापुर नगरपालिका,Q6650810,"Rajapur, Nepal",False
102842,खार्पुनाथ गाउँपालिका,Q65395620,Kharpunath Rural Municipality,False
10480,आयतन,Q39297,Volume,False
95570,आइसर मोटर्स,Q1301821,Eicher Motors,False
4165,पेप्सी,Q47719,Pepsi,False
99916,राज्यलक्ष्मी देवी,Q21182517,Rajya Lakshmi Devi,False
35226,पेटिकोट,Q1062620,Petticoat,False
77570,टर्कीका विश्व सम्पदा क्षेत्रहरूको सूची,Q2364801,List of World Heritage Sites in Turkey,False
97957,गजेन्द्र मोक्ष,Q17053234,Gajendra Moksha,False
85884,शक्ति अरोरा,Q16150925,Shakti Arora,False
2477,कञ्चनजङ्घा हिमाल,Q82019,Kangchenjunga,False
48375,मधुपत्र,Q312246,Stevia (genus),False
23295,बैकुण्ठ मानन्धर,Q10859867,Baikuntha Manandhar,False
120638,वन्स अपन अ टाइम इन हलिउड,Q47300912,Once Upon a Time in Hollywood,False
138098,राष्ट्र निर्माण,Q1752412,Nation-building,False
92446,महेश बस्नेत,Q29509737,Mahesh Basnet (born 1975),False
46597,किलिमन्जारो हिमाल,Q7296,Mount Kilimanjaro,False
132293,जहाँ बग्छ टिस्टा रङ्गीत,Q113549302,Jahan Bagcha Teesta Rangeet,False
134770,मिश्रधातु,Q37756,Alloy,False
106063,रासायनिक सङ्केत,Q102500,Chemical symbol,False
103657,भण्डारखाल पर्व (१८६३),Q62608271,1806 Bhandarkhal massacre,False
119510,डिजिटल साक्षरता,Q242069,Digital literacy,False
51924,द ग्यानिमेड टेकओभर,Q3819643,The Ganymede Takeover,False
6819,पोखरा विश्वविद्यालय,Q3630498,Pokhara University,False
70897,हरित गृह,Q165044,Greenhouse,False
47183,आयशा टाकिया,Q158450,Ayesha Takia,False
82975,वहीदा रहमान,Q465859,Waheeda Rehman,False
58593,पिटबुल (गायक),Q187844,Pitbull (rapper),False
137351,पुष्करलाल श्रेष्ठ,Q124250324,Pushkar Lal Shrestha,False
77488,चिनका विश्व सम्पदा क्षेत्रहरूको सूची,Q1149287,List of World Heritage Sites in China,False
129119,हल्द्वानी,Q1707839,Haldwani,False
13954,पारसमणि प्रधान,Q12437709,Parasmani Pradhan,False
32314,राखुभगवती,Q3427902,Rakhu Bhagawati,False
56879,फुस्रो बकुल्ला,Q25273,Grey heron,False
147264,ब्रह्मपुत्र महोत्सव,Q127798249,Brahmaputra Festival,False
132314,सिक्किमको प्रतीक,Q3475232,Emblem of Sikkim,False
8102,आउटलुक,Q219136,Outlook.com,False
150885,क्लाउदिया सेन्बाउम,Q5771800,Claudia Sheinbaum,False
56439,कुर्ले ढुकुर,Q116686,Spotted dove,False
66830,सान्ड्रा बुलक,Q40791,Sandra Bullock,False
4912,सुनार,Q7638857,Sunar,False
11124,झाँसी मण्डल,Q2171766,Jhansi division,False
44607,श्रीकाकुलम,Q671757,Srikakulam,False
58636,पोकर,Q80131,Poker,False
104355,अब्देल फतेह अल-सिसी,Q307871,Abdel Fattah el-Sisi,False
121189,ताइ ओराताइ,Q467624,Tai Orathai,False
15268,भ्याकुर,Q71549,Dioscorea,False
135399,अल अखबार (इजिप्टियन अखबार ),Q4120266,Al-Akhbar (Egypt),False
72324,लालकृष्ण आडवाणी,Q468324,L. K. Advani,False
12898,मुनाल,Q685399,Satyr tragopan,False
107169,रामप्रसाद श्रेष्ठ,Q67222831,Ram Prasad Shrestha,False
122340,विश्वप्रकाश शर्मा,Q107534386,Bishwa Prakash Sharma,False
83856,रुवान्डा राष्ट्रिय क्रिकेट टोली,Q7383737,Rwanda national cricket team,False
113930,काइली जेनर,Q1770624,Kylie Jenner,False
126767,धनराज आचार्य,Q115217261,Dhana Raj Acharya,False
63975,सबैभन्दा ठूला सहरहरूको सूची,Q843102,List of cities proper by population,False
30591,ग्वाल्लेक,Q3425277,Gwallek,False
124595,अन्तर्राष्ट्रिय तिथि रेखा,Q131389,International Date Line,False
86559,करन मेहरा,Q6368391,Karan Mehra,False
126324,मानव दाँत,Q561,Human tooth,False
32573,मुडली,Q3427084,Mudali,False
35834,तारामण्डल,Q8928,Constellation,False
58782,गोफ विट्ल्याम,Q23333,Gough Whitlam,False
100489,जेफ हार्डी,Q44137,Jeff Hardy,False
134783,विश्व परमाणु सङ्घ,Q2534166,World Nuclear Association,False
33157,प्रमाणशास्त्र,Q9471,Epistemology,False
13993,विद्युत,Q12725,Electricity,False
10458,बिन्दु,Q44946,Point (geometry),False
33218,वोल्फगान्क आमडेयुस मोत्सार्ट,Q254,Wolfgang Amadeus Mozart,False
10433,कनकाई नदी,Q3695379,Kankai River,False
126674,बङ्गलाचुली गाउँपालिका,Q97170119,Banglachuli Rural Municipality,False
35188,बुट्यान,Q42295,Shrub,False
136996,संयुक्त राष्ट्र विकास कार्यक्रम,Q161718,United Nations Development Programme,False
74436,म्याट्स ह्युमेल्स,Q110053,Mats Hummels,False
55384,इन्डोनेसियाली भाषा,Q9240,Indonesian language,False
33137,"राङ्सी, पूर्वी रुकुम",Q7292926,"Rangsi, Eastern Rukum",False
107718,असिर हिमश्रृङ्खला,Q730673,Asir Mountains,False
147300,बङ्गाली परिकार,Q1572982,Bengali cuisine,False
29035,डिल्लीचौर,Q961584,Dillichaur,False
27165,ओख्ले,Q2001716,Okhale,False
61273,करेन लन्काउमी,Q261437,Karen Lancaume,False
77816,मानस राष्ट्रिय निकुञ्ज,Q506511,Manas National Park,False
141817,जिरे खुर्सानी,Q6203009,Jire Khursani,False
5001,"धुसेनी, इलाम",Q2628702,"Dhuseni, Ilam",False
119675,पाकिस्तानको प्रधानमन्त्री,Q735575,Prime Minister of Pakistan,False
8484,अनलाइन पत्रिका,Q1153191,Online newspaper,False
140524,कुँवर इन्द्रजीत सिंह मन्त्रिपरिषद्,Q104833727,Kunwar Indrajit Singh cabinet,False
83358,जेरी (चलचित्र),Q20800517,Jerryy,False
77340,पेप ग्वार्दिओला,Q164038,Pep Guardiola,False
26127,कोटभैरव,Q941578,Kot Bhairab,False
105884,तोमर वंश,Q12432642,Tomaras of Delhi,False
93706,रेजिना क्यासेन्द्रा,Q7308445,Regena Cassandrra,False
126879,बर्तमान,Q193168,Present,False
58177,मिश्री,Q849816,Rock candy,False
50294,ओस्लो,Q585,Oslo,False
122406,उपलब्धता हेउरिस्टिक,Q1462985,Availability heuristic,False
99388,रुद्र शमशेर जङ्गबहादुर राणा,Q48996595,Rudra Shumsher Jung Bahadur Rana,False
146647,रमेश रिजाल,Q116178522,Ramesh Rijal,False
125064,फर्डिनान्ड मार्कोस जुनियर,Q983324,Bongbong Marcos,False
9067,चेपाङ जाति,Q2962691,Chepang people,False
56416,झिली,Q237670,Baillon's crake,False
145423,स्वप्रतिरक्षित रोग,Q8084905,Autoimmune disease,False
82868,दीक्षा सेठ,Q3520618,Deeksha Seth,False
55120,हिमाल सिमेन्ट कारखाना,Q13187538,Himal Cement Industry,False
123329,कर्णाली लोक संस्कृति,Q109375472,Karnali Lok Sanskriti,False
52084,औले वनमारा,Q2583146,Chromolaena odorata,False
62719,शिक्षण विधि,Q7922,Pedagogy,False
26278,करैया,Q6368032,"Karaiya, Bara",False
12568,गायत्री मन्त्र,Q728880,Gayatri Mantra,False
4035,दमाचौर,Q3412796,Damachaur,False
122044,द क्रायिङ अफ लट ४९,Q2344707,The Crying of Lot 49,False
98874,पेप्सिको,Q334800,PepsiCo,False
51611,द फर्गटन (एनिमर्फ्स),Q7734821,The Forgotten (Applegate novel),False
81017,जश हचर्सन,Q217004,Josh Hutcherson,False
96333,फेदाप गाउँपालिका,Q52143923,Phedap Rural Municipality,False
49442,तारा (रामायण),Q3519424,Tara (Ramayana),False
63442,जङ्गली घोडा,Q27742,Wild horse,False
32311,नारच्याङ,Q6965608,Narchyang,False
30791,मुखियापट्टी मुसहरनिया गाउँपालिका,Q6933480,Mukhiyapatti Musharniya Rural Municipality,False
129344,तेस्रो प्रचण्ड मन्त्रिपरिषद्,Q115868530,Third Dahal cabinet,False
44069,सडक र प्रतिभा,Q19711799,Sadak Ra Pratibha,False
45218,शब्दातीत शान्तनु (उपन्यास),Q19683974,Shabdatit Shantanu,False
100530,२०१६ ओएफसी राष्ट्र कप,Q17003335,2016 OFC Nations Cup,False
18238,भगाङ्कुर,Q873072,Clitoris,False
107484,नाभर पापागो,Q27952352,Naver Papago,False
34004,प्राविधिक विश्लेषण,Q235038,Technical analysis,False
122372,ह्यालो प्रभाव,Q840537,Halo effect,False
105089,बेपनाह प्यार,Q63630918,Bepanah Pyaar,False
137836,पाकिस्तान क्रिकेट बोर्ड,Q927325,Pakistan Cricket Board,False
38504,चण्डेश्वरी मन्दिर,Q5071024,Chandeshwori Temple,False
87320,हिमरेखा,Q740358,Snow line,False
116010,ब्याङ ब्रोज,Q806473,Bang Bros,False
77665,बुर्किना फासोका विश्व सम्पदा क्षेत्रहरूको सूची,Q4435404,List of World Heritage Sites in Burkina Faso,False
87498,बर्मुडा त्रिकोण,Q43708,Bermuda Triangle,False
133641,केन्द्रीय आर्य भाषा परिवार,Q10979187,Central Indo-Aryan languages,False
30424,पकडी,Q3427952,Pakadi,False
99644,लिथुआनिया राष्ट्रिय फुटबल टोली,Q186276,Lithuania national football team,False
58492,कोल्डप्ले,Q45188,Coldplay,False
87124,नयनसिंह थापा,Q27468352,Nain Singh Thapa,False
27168,खाँबु,Q965783,Khanbu,False
43164,ज्ञवाली,Q13181359,Gyawali,False
17336,सुनील थापा,Q7640354,Sunil Thapa,False
7998,माइक्रोफोन,Q46384,Microphone,False
128804,साम्सी गाउँपालिका,Q60761575,Samsi Rural Municipality,False
38465,बीरबल साहनी,Q2688170,Birbal Sahni,False
63367,जिम्बाब्वे राष्ट्रिय क्रिकेट टोली,Q1254704,Zimbabwe national cricket team,False
85705,कृष (२००६ चलचित्र),Q1076823,Krrish,False
106732,नैनी,Q13171680,Cirrhinus mrigala,False
141199,प्रशान्त युद्ध,Q184425,Pacific War,False
112799,खगराज अधिकारी,Q97260479,Khagaraj Adhikari,False
137855,रेणुका सिंह (राजनीतिज्ञ),Q16885696,Renuka Singh (politician),False
54915,ब्रह्मचारिणी,Q2766571,Brahmacharini,False
146715,रुस-जापानी युद्ध,Q159950,Russo-Japanese War,False
78483,इलुलिसस्याट आइस्जोर्ड,Q828071,Ilulissat Icefjord,False
131327,इन्द्र मल्ल,Q116810634,Indra Malla,False
69710,छ्ड्के सतह,Q161462,Inclined plane,False
78265,कोतम्माको,Q508040,Koutammakou,False
74902,मातङ्गी,Q17634885,Matangi,False
23163,तरुल,Q161220,Dioscoreaceae,False
108257,आइटकी,Q6093545,Italki,False
32602,"विश्रामपुर, पर्सा",Q3413985,Bisrampur,False
53305,कृष्णसेन,Q2791762,Krishna Sen,False
122413,पुष्करसिंह धामी,Q28370220,Pushkar Singh Dhami,False
27819,जफ्रिन सोरेज,Q275405,Jeffrén Suárez,False
72773,संस्कृत व्याकरण,Q2608067,Sanskrit grammar,False
108309,सिराजुल इसलाम चौधुरी,Q16728025,Serajul Islam Choudhury,False
86887,कसम (१९९३ चलचित्र),Q6373980,Kasam (1992 film),False
17218,सरगुजा जिल्ला,Q1805075,Surguja district,False
44152,किम जोङ् इल,Q10665,Kim Jong Il,False
121909,अर्णव गोस्वामी,Q4794405,Arnab Goswami,False
13560,सुजी,Q381350,Semolina,False
78487,संयुक्त अधिराज्यका देशहरू,Q3336843,Countries of the United Kingdom,False
77874,मकली चिहान,Q155043,Makli Necropolis,False
55027,संगीना वैद्य,Q18763846,Sangina Baidya,False
70456,मेट्रिक्स,Q44337,Matrix (mathematics),False
100334,सर्जी रोबर्टो,Q703269,Sergi Roberto,False
116989,बियोन्से: लेमनेड,Q98980733,Lemonade (2016 film),False
16167,तेलगु भाषा,Q8097,Telugu language,False
128818,सुनापती गाउँपालिका,Q104830704,Sunapati Rural Municipality,False
100322,जो बेनेट,Q11740652,Joe Bennett,False
144820,डर,Q44619,Fear,False
12465,पारिजात फूल,Q764525,Nyctanthes arbor-tristis,False
10495,समानान्तर चतुर्भुज,Q45867,Parallelogram,False
63738,अनन्त बाँदर साध्य,Q487132,Infinite monkey theorem,False
143636,अञ्जनी श्रेष्ठ,Q115775743,Anjani Shrestha,False
56499,तालुधर्के फिस्टो,Q2668165,Blyth's leaf warbler,False
27581,भुग्देउ महाङ्काल,Q3421796,Mahankal Chaur,False
138297,कोचिला थारू,Q22083826,Kochila Tharu,False
132527,रुपन्देही १ (निर्वाचन क्षेत्र),Q104882153,Rupandehi 1,False
9446,हिमाचल प्रदेश,Q1177,Himachal Pradesh,False
114847,खुला बजार,Q864631,Open market,False
12500,चन्दन,Q339027,Santalum,False
23897,कोर्फबल,Q192937,Korfball,False
100115,दक्षिण अफ्रिका राष्ट्रिय फुटबल टोली,Q170327,South Africa national soccer team,False
51565,एलिफेन्ट्स क्यान रिमेम्बर,Q629438,Elephants Can Remember,False
50011,यास्मिन लाफित,Q260778,Yasmine Lafitte,False
81362,कीर्तिपुरको युद्ध,Q4871446,Battle of Kirtipur,False
132958,कञ्चनजङ्घा राष्ट्रिय निकुञ्ज,Q2605019,Khangchendzonga National Park,False
56559,कालीकण्ठे घाँसेफिस्टो,Q3726278,Black-throated prinia,False
105990,इरानेली जाति,Q1672477,Iranian peoples,False
16505,बार्बाडोस,Q244,Barbados,False
16460,जेम्स म्याडिसन,Q11813,James Madison,False
81508,इमरान खान,Q155164,Imran Khan,False
113828,माइक्रोसफ्ट विन्डोज,Q1406,Microsoft Windows,False
30703,"जानकीनगर, कैलाली",Q6150726,"Janakinagar, Kailali",False
105359,शङ्करदेव क्याम्पस,Q39059900,Shanker Dev Campus,False
114143,देसमुदुरु,Q3764544,Desamuduru,False
125043,सुर्खेत १ (निर्वाचन क्षेत्र),Q104876741,Surkhet 1,False
89176,न्याउरी,Q80479,Mongoose,False
148949,नागलक्ष्मी,Q123018609,Nagalakshmi,False
30576,फुन्छोलिङ,Q856162,Phuntsholing,False
27948,पौंदी अमराई,Q7148854,Paudi Amarahi,False
93041,एड सिरन,Q47447,Ed Sheeran,False
47645,दुरा भाषा,Q3449842,Dura language,False
12673,मानसिक रोग,Q12135,Mental disorder,False
94668,ए मेरो हजुर २,Q24892724,A Mero Hajur 2,False
142518,ऊर्जा उत्पादन,Q25584060,Energy development,False
29746,रकुवा,Q3429020,Rakuwa,False
96334,मेन्छयायेम गाउँपालिका,Q52144551,Menchhayayem Rural Municipality,False
106512,लडागडा,Q3414774,Ladagada,False
13449,सूचना प्रविधि,Q11661,Information technology,False
79238,नमोबुद्ध नगरपालिका,Q96394821,Namo Buddha,False
8602,स्वास्थ्य तथा जनसङ्ख्या मन्त्रालय (नेपाल),Q16257878,Ministry of Health and Population (Nepal),False
148867,गोलोक,Q1335949,Goloka,False
144075,नेपालका गाउँपालिका अध्यक्षहरूको सूची,Q112228299,List of chairpersons of rural municipalities in Nepal,False
107917,श्रीलङ्कामा बोलिने भाषाहरू,Q3349845,Languages of Sri Lanka,False
148980,बबुस्का लेडी,Q3268400,Babushka Lady,False
67127,भारोपेली भाषा परिवार,Q19860,Indo-European languages,False
96543,उत्तरगया गाउँपालिका,Q65396646,Uttargaya Rural Municipality,False
50462,श्रीहर्ष,Q4526632,Shriharsha,False
98630,फ्रान्सेली राज्यक्रान्ति,Q6534,French Revolution,False
131833,गुजरा नगरपालिका,Q60763166,Gujara Municipality,False
105519,नेवारी भाषा विकिपिडिया,Q1291627,Nepal Bhasa Wikipedia,False
99923,दोस्रो ओली मन्त्रिपरिषद्,Q48990407,Second Oli cabinet,False
26287,गोलागन्ज,Q3417554,Golaganj,False
122364,हरेला,Q2777041,Harela,False
100483,ओएफसी महिला राष्ट्र कप,Q1476938,OFC Women's Nations Cup,False
10824,विज्ञापन,Q37038,Advertising,False
138432,कृषि तथा किसान कल्याण मन्त्रालय,Q3634069,Ministry of Agriculture and Farmers' Welfare,False
100906,हच (श्रीलङ्का),Q5335562,Hutch (Sri Lanka),False
27061,कुन्चोक,Q3412373,Kunchok,False
131653,समुद्रगुप्त,Q1133363,Samudragupta,False
118737,जङ्गली चौरी,Q26547,Wild yak,False
135644,बराम्ची खोला जलविद्युत केन्द्र,Q104872050,Baramchi Khola Hydropower Station,False
149907,वैभव सूर्यवंशी,Q130390376,Vaibhav Sooryavanshi,False
23777,नेगडा,Q3418240,Negada,False
135709,क्योङनोस्ला लेकाली अभयारण्य,Q6452052,Kyongnosla Alpine Sanctuary,False
121517,मोहनलाल,Q2050534,Mohanlal,False
108603,बाकेरगञ्ज उपजिल्ला,Q3346608,Bakerganj Upazila,False
18138,भारतमा मौलिक कर्त्तव्य,Q3349389,"Fundamental Rights, Directive Principles and Fundamental Duties of India",False
102819,न्यु इयर्स डे (टेलर स्विफ्टको गीत),Q47034767,New Year's Day (Taylor Swift song),False
15837,पुरुलिया जिल्ला,Q307474,Purulia district,False
79287,भजनी नगरपालिका,Q20984314,Bhajani,False
133914,सिद्दिपेट जिल्ला,Q28169756,Siddipet district,False
99785,लु शुन,Q23114,Lu Xun,False
78599,गोलेस्तान दरबार,Q210610,Golestan Palace,False
136925,तडीपार (फिल्म),Q7674632,Tadipaar,False
100206,हिन्दी चलचित्र परिवारहरूको सूची,Q3042063,List of Hindi film families,False
56202,ब्राड पिट,Q35332,Brad Pitt,False
27961,रुरु,Q7238562,"Ruru, Nepal",False
121749,इग नोबेल पुरस्कार,Q184253,Ig Nobel Prize,False
131398,बाटेको धूप,Q3053762,Rope incense,False
115496,चीन-नेपाल शान्ति तथा मैत्री सन्धि,Q96405756,Sino-Nepalese Treaty of Peace and Friendship,False
32021,"सल्यान, सोलुखुम्बु",Q945458,"Salyan, Solukhumbu",False
87477,लकी अली,Q3595213,Lucky Ali,False
129678,लक्ष्मणलाल कर्ण,Q44275705,Laxman Lal Karna,False
23328,पथरिया,Q3423567,"Pathariya, Nepal",False
13722,पुरुष,Q8441,Man,False
78630,जर्ज इलियट,Q131333,George Eliot,False
68605,हिलरी रडम क्लिन्टन,Q6294,Hillary Clinton,False
131858,सहरीकरण,Q161078,Urbanization,False
107929,जीवनसाथी डटकम,Q6173091,Jeevansathi.com,False
17406,सङ्गरूर जिल्ला,Q1945515,Sangrur district,False
143290,अच्युत सामन्त,Q4673984,Achyuta Samanta,False
33030,"पाङ, पर्वत",Q7130871,"Pang, Parbat",False
48393,बाबासाहेब आम्बेडकर,Q231690,B. R. Ambedkar,False
91259,सुसन वोज्सिकी,Q55183,Susan Wojcicki,False
10955,ऋतु,Q24384,Season,False
106819,स्पिक नाउ (टेलर स्विफ्टको एल्बम),Q385122,Speak Now,False
126002,रक्सौल विमानस्थल,Q7297094,Raxaul Airport,False
124993,नेपालका सङ्ग्रहालयहरूको सूची,Q16930765,List of museums in Nepal,False
93274,माण्डवी गाउँपालिका,Q65398946,Mandavi Rural Municipality,False
67758,२०१४ एएफसी यु-१६ च्याम्पियनशिप,Q14070813,2014 AFC U-16 Championship,False
6550,नेपोलियन बोनापार्ट,Q517,Napoleon,False
84282,मोहम्मद शाहजाद,Q3535071,Mohammad Shahzad,False
17402,मुक्तसर जिल्ला,Q1947359,Sri Muktsar Sahib district,False
17531,राजस्थानका जिल्लाहरू,Q2452893,List of districts of Rajasthan,False
132645,मयुरी (महाभारत),Q12474547,Wives of Duryodhana,False
60992,मङ्गोल नेसनल अर्गनाइजेसन,Q11939498,Mongol National Organisation,False
61371,फिरोज खान,Q1058806,Feroz Khan (actor),False
33101,कोटजहारी,Q3425685,Kotjahari,False
78244,मतोबो पहाड,Q1778838,Matobo National Park,False
148839,सदाशिव,Q12980632,Sadashiva,False
111480,खिजीदेम्वा गाउँपालिका,Q55075119,Khijiidemba Rural Municipality,False
110952,मगही भाषा,Q33728,Magahi language,False
139872,रुदेन सदा लेप्चा,Q106839342,Ruden Sada Lepcha,False
137151,४० बुँदे मागहरू,Q108672441,40-Point Demands,False
135561,सिक्किम राज्य मानव अधिकार आयोग,Q24943110,Sikkim State Human Rights Commission,False
122777,संयुक्त राष्ट्र सुरक्षा परिषद् भिटो अधिकार,Q1975651,United Nations Security Council veto power,False
32899,म्याकिन्टोश,Q75687,Mac (computer),False
70730,एम्सटर्डम,Q478621,Amsterdam-West,False
101482,मयासुर,Q2723049,Mayasura,False
124954,कैलाली ४ (निर्वाचन क्षेत्र),Q104902504,Kailali 4,False
18156,तुफानगञ्ज उपविभाग,Q7851455,Tufanganj subdivision,False
32965,त्रिपुराकोट,Q3417699,Tripurakot,False
100486,म्याट हार्डी,Q26621,Matt Hardy,False
67949,डोटेली भाषा,Q18415595,Doteli,False
57155,सेतो गिद्ध,Q33504,Egyptian vulture,False
42784,भानु,Q4901035,"Bhanu, Nepal",False
6564,नेपालका अस्पतालहरू,Q6623645,List of hospitals in Nepal,False
77135,वाल्ट ह्वाइटम्यान,Q81438,Walt Whitman,False
94392,"विष्णुपुर गाउँपालिका, सिराहा",Q60760529,"Bishnupur Rural Municipality, Siraha",False
93269,२०१५ साफ यु-१९ च्याम्पियनसिप,Q20646783,2015 SAFF U-19 Championship,False
121611,पेन्टागन,Q11208,The Pentagon,False
52023,प्लानेट फर ट्रान्सिएन्ट,Q7201191,Planet for Transients,False
28806,गङ्गापरस्पुर,Q3423941,Gangapraspur,False
80169,ये जवानी है दीवानी,Q8051196,Yeh Jawaani Hai Deewani,False
148788,मलः,Q7559,Dragon,False
4041,डाम्री,Q952492,"Damri, Nepal",False
101157,एसी फन,Q3077675,AcFun,False
48198,अक्षौहिणी,Q2353404,Akshauhini,False
86649,अशोक कुमार (अभिनेता),Q3899724,Ashok Kumar,False
130503,अर्धमागधी प्राकृत,Q35217,Ardhamagadhi Prakrit,False
139206,भट्टा,Q1724341,Kiln,False
6512,एल साल्भादोर,Q792,El Salvador,False
120582,नुम्बुर,Q14227691,Numbur,False
56842,लालटाउके गरुड,Q631805,Painted stork,False
102839,अदानचुली गाउँपालिका,Q60747056,Adanchuli Rural Municipality,False
123785,उमा रेग्मी,Q99234998,Uma Regmi,False
107150,चपस्टिक्स,Q81980,Chopsticks,False
91643,अल्बा मार्डल,Q152437,Alva Myrdal,False
8379,गान्तोक,Q186141,Gangtok,False
100448,कुक टापु महिला राष्ट्रिय फुटबल टोली,Q2117869,Cook Islands women's national football team,False
51518,थ्री अयाक्ट ट्रेजेडी,Q726535,Three Act Tragedy,False
136994,किरिबाटी,Q710,Kiribati,False
43184,धमला,Q55609459,Dhamala,False
56997,राजतितु,Q819706,Great rosefinch,False
7385,फुझोउ,Q68481,Fuzhou,False
58715,एन्थोनी एडिन,Q128995,Anthony Eden,False
136034,राम कुमार राई,Q116157978,Ram Kumar Rai,False
148435,जेसी नेलसन,Q25939080,Jesy Nelson,False
32301,झीँ,Q3419367,Jhin,False
27188,"हडिया, उदयपुर",Q2001744,"Hadiya, Nepal",False
83103,जयाप्रदा,Q3518383,Jaya Prada,False
149418,थाम,Q4817,Column,False
54293,फुलन देवी,Q465026,Phoolan Devi,False
94429,अन्तर्राष्ट्रिय कृष्णभावनामृत सङ्घ,Q190193,International Society for Krishna Consciousness,False
84159,नेपालका औद्योगिक क्षेत्रहरूको सुची,Q25621081,List of industrial estates in Nepal,False
23602,थुकिमा,Q3420285,Thukima,False
140858,वागडी भाषा,Q7959490,Wagdi,False
32383,बाफुखोला,Q4841349,Baphukhola,False
18278,अर्मावीर प्रान्त,Q201147,Armavir Province,False
133091,प्रकाश ज्वाला,Q45120196,Prakash Jwala,False
126204,द्रौपदी मुर्मु,Q19901232,Droupadi Murmu,False
56655,देवी श्यामा,Q27075634,Indian robin,False
31886,सिमरदही,Q3428449,Simardahi,False
32568,महादेवपट्टी,Q3419115,Mahadevpatti,False
100512,एलेक्स पिचर्ड,Q4717654,Alex Pritchard,False
68572,एन्जेल डी मारिया,Q251683,Ángel Di María,False
141767,शास्त्रीय नेवारी,Q5128301,Classical Newar,False
8435,बहराइन,Q398,Bahrain,False
77623,दक्षिण अफ्रिकाका विश्व सम्पदा क्षेत्रहरूको सूची,Q1210044,List of World Heritage Sites in South Africa,False
2760,पर्वत जिल्ला,Q28421,Parbat District,False
115692,विश्व भाषा,Q10953859,World language,False
92948,बख्तावर सिंह थापा,Q27507347,Bakhtawar Singh Thapa,False
6056,गगुडा,Q3410642,Gaguda,False
120998,त्रिशूल हिमाल,Q1233570,Trisul,False
13613,टाउको,Q23640,Head,False
121424,चाइम अफ फ्रीडम (गीत),Q2711175,Chimes of Freedom (song),False
13288,जावलाखेल,Q6166026,Jawalakhel,False
123462,चम्पारण जिल्ला,Q5069934,Champaran District,False
149022,कपाल (खप्पर),Q2658471,Kapala,False
130356,सिस्ने गाउँपालिका,Q96405777,Sisne Rural Municipality,False
74965,पूजा भट्ट,Q786469,Pooja Bhatt,False
94129,सिलाई मेसिन,Q49013,Sewing machine,False
78145,ओसुन-ओसोग्बो पवित्र उपवन,Q621498,Osun-Osogbo,False
78566,भेनेजुएलाका विश्व सम्पदा क्षेत्रहरूको सूची,Q3646328,List of World Heritage Sites in Venezuela,False
76546,सस्थामकोट्टा ताल,Q75254,Sasthamcotta Lake,False
7572,हनुमानढोका सङ्ग्रहालय,Q16983264,Hanuman Dhoka Palace Museum,False
48415,डोना कक्कायन,Q5296325,Donna Cockayne,False
150982,कपडाको महिनावारी प्याड,Q1317732,Cloth menstrual pad,False
136729,बङ्गाली संस्कृतिमा भूत,Q5557411,Ghosts in Bengali culture,False
80962,सारा फोस्टर,Q237897,Sara Foster,False
92182,अबू सिम्बेलका मन्दिरहरू,Q134140,Abu Simbel,False
103485,कार्य सम्पादन जमानत,Q13405539,Performance bond,False
4529,व्यापार,Q601401,Trade,False
9978,नेपालको प्रधानमन्त्री,Q30100626,Prime Minister of Nepal,False
56396,सिम्रिककाने लियोसिच्ला,Q1585772,Red-faced liocichla,False
46693,लक्ष्मीनरसिंह मल्ल,Q13185694,Lakshmi Narasimha Malla,False
69378,कछला,Q16988543,Kachhala (month),False
134740,त्रिभुवन सदन,Q109941644,Tribhuvan Sadan,False
15410,पञ्चतन्त्र,Q233780,Panchatantra,False
54134,संसार (बौद्ध),Q10993736,Saṃsāra (Buddhism),False
132562,काठमाडौँ २ (निर्वाचन क्षेत्र),Q104873399,Kathmandu 2,False
14752,शङ्कर पोखरेल,Q17285702,Shankar Pokharel,False
80487,दिनेश डिसी,Q18111899,Dinesh D.C.,False
74790,न्यु साउथ वेल्स,Q3224,New South Wales,False
138567,हिमालय पर्वतारोहण संस्थान,Q5765015,Himalayan Mountaineering Institute,False
115513,इजरायल-नेपाल सम्बन्ध,Q6087760,Israel–Nepal relations,False
48558,काइँयो,Q23834,Comb,False
75391,एकीकृत शत्रु जीव व्यवस्थापन,Q525309,Integrated pest management,False
31705,फर्नान्डो तोरेस,Q42731,Fernando Torres,False
96679,बिकेश कुथु,Q10553963,Bikesh Kuthu,False
96349,आर्यावर्त,Q2428240,Āryāvarta,False
58187,कबुलियती खेती,Q5165669,Contract farming,False
91831,नेरी थापा,Q28971457,Nary Thapa,False
105453,सन्त बहादुर राई,Q16104539,Santa Bahadur Rai,False
17472,राजगढ जिल्ला,Q1833306,Rajgarh district,False
141370,"बर्लिन सङ्कट, १९६१",Q708321,Berlin Crisis of 1961,False
44925,रविन श्रेष्ठ,Q7278737,Rabin Shrestha,False
75473,विशिष्टाद्वैत,Q3561031,Vishishtadvaita,False
88978,मान्चु जाति,Q145665,Manchu people,False
128950,रवीश कुमार,Q7296776,Ravish Kumar,False
128779,राजेन्द्रकुमार केसी,Q17478665,Rajendra Kumar KC,False
94859,सिदिङ्वा गाउँपालिका,Q30626091,Sidingba Rural Municipality,False
123005,ज्योति बसु,Q335284,Jyoti Basu,False
126529,मुकुन्डो,Q161524,Mask,False
131279,ज्योति मल्ल,Q116501993,Jayajyotir Malla,False
137489,२०११ क्रिकेट विश्वकप,Q911295,2011 Cricket World Cup,False
111368,बाह्य दहन इन्जिन,Q843537,External combustion engine,False
137785,सेन्ट लरेन्स नदी,Q134750,St. Lawrence River,False
68746,भारतीय अन्तरिक्ष अनुसन्धान सङ्गठन,Q229058,ISRO,False
141540,एसिटिलिन,Q133145,Acetylene,False
27076,ठोकर्पा,Q7456822,Thokarpa,False
88788,सुशीला कार्की,Q23842116,Sushila Karki,False
145303,मातृ स्वास्थ्य,Q6786626,Maternal health,False
4794,पुनरावेदन अदालत,Q4959031,Appellate court,False
131488,पेलिङ,Q7161579,Pelling,False
83780,कृष्णसार संरक्षण क्षेत्र,Q4922633,Blackbuck Conservation Area,False
48045,उद्योग पर्व,Q2588528,Udyoga Parva,False
94994,युरिया,Q48318,Urea,False
87267,महमूद,Q355748,Mehmood (actor),False
15895,सिपाही,Q697185,Sepoy,False
112678,नेपाल रेल्वे,Q1546843,Nepal Railway Company Limited,False
23471,"नागी, पाँचथर",Q6958815,"Nagi, Panchthar",False
85188,गणेश हेगडे,Q5520834,Ganesh Hegde,False
127325,सन्ना मारिन,Q16986436,Sanna Marin,False
55835,बेडुलो,Q10901746,Ficus sarmentosa,False
132686,मोरङ ६ (निर्वाचन क्षेत्र),Q104835821,Morang 6,False
37455,डाडु,Q193358,Ladle (spoon),False
91837,डोर्थी क्रोफट हडकिन,Q7487,Dorothy Hodgkin,False
136077,अल्बयख्ट डुर्अ,Q5580,Albrecht Dürer,False
133311,ॐ मणि पद्मे हूँ,Q241652,Om mani padme hum,False
103463,सुमन पोखरेल रचनासूची,Q61988709,Suman Pokhrel bibliography,False
76677,जाङ,Q6153849,"Jang, Nepal",False
48191,द्रोणाचार्य,Q890529,Drona,False
31953,लाम्पानटार,Q3427300,Lampantar,False
120947,मोहित शर्मा (सैनिक),Q18390894,Mohit Sharma (soldier),False
148811,सम्पाती,Q2392781,Sampati,False
8980,लाक्पा शेर्पा,Q24572241,Lhakpa Sherpa,False
131310,जगज्जय मल्ल,Q116765789,Jagajjaya Malla,False
83037,सोना मोहपात्रा,Q7255900,Sona Mohapatra,False
87280,मिर्ज्या (चलचित्र),Q21780587,Mirzya (film),False
77125,विसं २०६८ को भूकम्प,Q571891,2011 Sikkim earthquake,False
100840,"गुजरात, पाकिस्तान",Q929062,"Gujrat, Pakistan",False
122251,ऊर्जा सङ्कट,Q1341376,Energy crisis,False
148987,ऐरावत,Q440861,Airavata,False
119312,कुखुराको मासु,Q864693,Chicken as food,False
103099,संयुक्त अधिराज्यको प्रधानमन्त्री,Q14211,Prime Minister of the United Kingdom,False
29536,"कल्याणपुर, नुवाकोट",Q7484767,"Kalyanpur, Nuwakot",False
95188,मसायोशी सोन,Q717038,Masayoshi Son,False
136283,आनन्ददेव भट्ट,Q4751246,Anand Dev Bhatt,False
33245,तङ्ग्राम,Q7683142,"Tangram, Nepal",False
122235,माइकल हट,Q6831316,Michael Hutt (academic and translator),False
4795,जिल्ला अदालत,Q52375671,District Courts of Nepal,False
133851,उत्तर भियतनाम,Q172640,North Vietnam,False
4501,मुक्तिनाथ,Q1025465,Muktinath,False
79251,गायत्री जोशी,Q467074,Gayatri Joshi,False
143646,आशा विश्वकर्मा,Q115786192,Asha Bishwakarma,False
18167,हलदिया उपविभाग,Q5641277,Haldia subdivision,False
77517,जापानका विश्व सम्पदा क्षेत्रहरूको सूची,Q1156968,List of World Heritage Sites in Japan,False
50346,सैफअली खान,Q252290,Saif Ali Khan,False
78777,शेख सफि अल-दिन खनेगाह र कलाकृति तिर्थस्थल,Q4243,Sheikh Safi al-Din Khānegāh and Shrine Ensemble,False
25370,७९औँ एकेडेमी पुरस्कार,Q213699,79th Academy Awards,False
6682,चिकित्साशास्त्र अध्ययन संस्थान,Q13181847,"Institute of Medicine, Nepal",False
26737,मिठुअवा,Q3418999,Mithuawa,False
106707,भगवतिप्रसाद सिंह,Q68396517,Bhagwati Prashad Singh,False
148282,मनाल अल सरिफ,Q445754,Manal al-Sharif,False
108304,शाल्ला उपजिल्ला,Q7636355,Shalla Upazila,False
138133,दक्खिनी भाषा,Q669431,Deccani language,False
148308,हल्क,Q188760,Hulk,False
84654,कोपा अमेरिका सेन्तेनारियो,Q576136,Copa América Centenario,False
47951,शल्य,Q2381126,Shalya,False
108451,पूर्व बाङ्लार सर्वहारा पार्टी,Q7260861,Proletarian Party of East Bengal,False
83432,मनोरमा (हिन्दी अभिनेत्री),Q1470413,Manorama (Hindi actress),False
90850,हेमन गुरुङ,Q29473452,Heman Gurung,False
56618,सेतोकाँधे सारौं,Q1588185,White-shouldered starling,False
52770,कङ्गो,Q35930,Congo,False
27923,जुभुङ,Q737374,Juvung,False
2763,अछाम जिल्ला,Q28426,Achham District,False
87680,इमिरेट्स रङ्गशाला,Q163995,Emirates Stadium,False
91907,स्टार स्टुडियोज,Q5476977,Star Studio18,False
76776,सार्क साहित्य पुरस्कार,Q17126068,SAARC Literary Award,False
89780,२०१६ फा कम्युनिटी शिल्ड,Q24193024,2016 FA Community Shield,False
43923,राजमती,Q7285695,Rajamati (song),False
73641,सोफी चौधरी,Q7562978,Sophie Choudry,False
92768,हिमालय रोडिज,Q39047006,Himalaya Roadies,False
12743,ब्रह्मसूत्र,Q897298,Brahma Sutras,False
61684,बसन्ती कुमाल चौधरी,Q15628709,Basanti Kumal Chaudhari,False
103281,भैरवी गाउँपालिका,Q55888163,Bhairabi Rural Municipality,False
126318,चिउँडो,Q82714,Chin,False
31271,नहरा रिगौल,Q3425375,Nahara Rigaul,False
31845,खयरमारा,Q16988992,Khayarmara,False
10597,कालीबहादुर मल्ल,Q6352390,Kali Bahadur Malla,False
57631,सेतोकण्ठे कस्तुरी,Q1082275,White-bellied musk deer,False
92998,नेपालको जनसाङ्ख्यिकी,Q983179,Demographics of Nepal,False
43189,सुवेदी,Q13187155,Subedi,False
45070,भेरोनिका डिसाइडस् टु डाइ,Q1139322,Veronika Decides to Die,False
93173,पैयूं गाउँपालिका,Q32945481,Paiyun Rural Municipality,False
52334,मुसुरो,Q131226,Lentil,False
134590,जर्मनीको चान्सलर,Q56022,Chancellor of Germany,False
140747,नेपालका सार्वजनिक बिदाहरू,Q7257812,Public holidays in Nepal,False
150395,आर्क वेल्डिङ,Q422937,Arc welding,False
33806,डिम्बाशय,Q9631,Ovary,False
14077,भक्ति थापा,Q2724258,Bhakti Thapa,False
26207,हार्जङ,Q3424689,Harjang,False
17098,आन्ध्र प्रदेशका जिल्लाहरू,Q3284476,List of districts of Andhra Pradesh,False
2022,समाजशास्त्र,Q21201,Sociology,False
13043,कूटनीति,Q1889,Diplomacy,False
8629,रणोद्दीपसिंह कुँवर,Q593609,Ranodip Singh Kunwar,False
17268,साम्राज्यवाद,Q7260,Imperialism,False
93226,गान्धार,Q213651,Gandhara,False
94920,केराबारी गाउँपालिका,Q43280174,Kerabari Rural Municipality,False
63295,नागेश्वर ज्योतिर्लिङ्ग मन्दिर,Q1089275,Nageshwar Jyotirlinga,False
88823,एड्गार एलेन पो,Q16867,Edgar Allan Poe,False
57623,बाह्रसिङ्गा,Q506308,Barasingha,False
88548,२०१६-१७ एफसी बायर्न म्युनिखको सिजन,Q24907852,2016–17 FC Bayern Munich season,False
119800,म्याकेन्जी फोय,Q94913,Mackenzie Foy,False
130248,इन्दिरा राना मगर,Q16257160,Indira Ranamagar,False
51618,द मेसेज (एनिमर्फ्स),Q7751123,The Message (novel),False
137456,कुर्देली भाषा,Q36368,Kurdish language,False
8173,उत्तर अमेरिका,Q49,North America,False
12679,कम्प्युटर भाइरस,Q485,Computer virus,False
9424,मम्मी,Q43616,Mummy,False
28793,सौडियार,Q3426775,Saudiyar,False
57145,कालो जुरेबाज,Q605350,Black baza,False
122846,किर्ना,Q10304508,Tick,False
83899,राजेश पुलामी,Q18637894,Rajesh Pulami,False
80422,भिक्टोरिया जस्टिस,Q200194,Victoria Justice,False
50261,मारियो बालोटेली,Q129700,Mario Balotelli,False
92238,कल्पन परोपकारी,Q6354346,Kalpan Paropkari,False
83391,रेचल मेक'एडम्स,Q190386,Rachel McAdams,False
29846,कर्मैया,Q6372694,Karmaihiya,False
85963,यू मुम्बा,Q18211185,U Mumba,False
69344,रासायनिक यौगिक,Q11173,Chemical compound,False
50297,हिग्स बोसोन,Q402,Higgs boson,False
70334,राजेश पायल राई,Q7286076,Rajesh Payal Rai,False
133431,ङवाङ नमग्याल,Q337583,Ngawang Namgyal,False
134760,अफ्रिकाका सार्वभौम राष्ट्रहरू तथा आश्रित क्षेत्रहरूको सूची,Q228201,List of sovereign states and dependent territories in Africa,False
146060,यौनिक अल्पसङ्ख्यक,Q5110203,Sexual diversity,False
73977,कृति सेनन,Q16233540,Kriti Sanon,False
30823,रमदैया भवाडी,Q3414538,Ramaidaiya Bhawadi,False
148789,नोबटाँ,Q952519,Set square,False
13004,कुलदेवता,Q3595434,Kuladevata,False
43143,खनाल,Q37207253,Khanal,False
104634,जात्रा (चलचित्र),Q30545677,Jatra (2016 film),False
108077,विल्याब,Q28134242,WeLab,False
106100,रोड्रिगो सिल्भा,Q42728914,Rodrygo,False
108912,बेसिक बैङ्क लिमिटेड,Q23777925,BASIC Bank,False
49057,टेलर वान,Q461948,Taylor Wane,False
10028,बुढीगण्डकी नदी,Q13184079,Budhi Gandaki River,False
88621,इन्दौर,Q66616,Indore,False
98997,रोबर्ट मुगाबे,Q10707,Robert Mugabe,False
100248,पानामा राष्ट्रिय फुटबल टोली,Q223748,Panama national football team,False
70388,रेखीय समीकरण,Q484637,Linear equation,False
134722,कुलदीप सिंह सेंगर,Q31314065,Kuldeep Singh Sengar,False
29887,"सिमरा, सर्लाही",Q16900209,"Simara, Sarlahi",False
31240,अर्नामा प्ररा,Q6650722,Arnama Rampur,False
128726,झ्याल,Q35473,Window,False
126291,सिँढी,Q12511,Stairs,False
136001,भारतका स्वायत्त प्रशासनिक क्षेत्रहरू,Q4826838,Autonomous administrative divisions of India,False
50341,एलाना इभान्स,Q432889,Alana Evans,False
91024,लुट २,Q28877459,Loot 2,False
17501,लातुर जिल्ला,Q1948713,Latur district,False
133403,माल्दिभ्सको भूगोल,Q2579185,Geography of the Maldives,False
87801,साझेदारी,Q728646,Partnership,False
138093,पो नदी,Q643,Po (river),False
147309,बिहु नृत्य,Q3351768,Bihu dance,False
99954,"सल्यान, बागलुङ",Q7406973,"Salyan, Baglung",False
148591,बगलामुखी,Q4841418,Bagalamukhi,False
53281,एकदलीय वनस्पति,Q78961,Monocotyledon,False
122338,मोतिहारी-अमलेखगञ्ज पाइपलाइन,Q105560381,Motihari-Amlekhganj pipeline,False
108186,उन्नाव बलात्कार प्रकरण,Q51801449,2017 Unnao rape case,False
97339,सन्दली सिन्हा,Q7415964,Sandali Sinha,False
109134,तानाशाही,Q317,Dictatorship,False
78722,डेनियल ब्रायन,Q299355,Bryan Danielson,False
122400,कारगिल विजय दिवस,Q6370273,Kargil Vijay Diwas,False
103133,लैङ्गिकता,Q48277,Gender,False
127844,झापा २ (निर्वाचन क्षेत्र),Q104835863,Jhapa 2,False
55458,अप्राकृतिक मैथुन,Q206426,Sodomy,False
150014,डीप लर्निङ्,Q197536,Deep learning,False
10344,सहरसा जिल्ला,Q100120,Saharsa district,False
2775,दैलेख जिल्ला,Q28443,Dailekh District,False
12578,छारे रोग,Q41571,Epilepsy,False
1911,भुटान,Q917,Bhutan,False
113455,एन्जेला ह्वाइट,Q16224052,Angela White,False
85799,ग्रीष्मकालीन ओलम्पिक २०१६ मा चिन,Q18036013,China at the 2016 Summer Olympics,False
46410,पाण्डु,Q857071,Pandu,False
27528,खरेलथोक,Q3419348,Kharelthok,False
88696,नीता अम्बानी,Q7041178,Nita Ambani,False
9643,सत्यमोहन जोशी,Q13198490,Satya Mohan Joshi,False
56978,लघु बगेडी,Q216855,Little bunting,False
32807,कलेना,Q3420891,Kalena,False
12462,हर्क गुरुङ,Q13187438,Harka Gurung,False
125938,रामप्रसादराई गाउँपालिका,Q55075058,Ramprasadrai Rural Municipality,False
134096,कुमावत,Q28170206,Kumawat,False
123124,चोरतन्त्र,Q191244,Kleptocracy,False
6400,राजविराज नगरपालिका,Q2463109,Rajbiraj,False
118531,एन्ट माई फल्ट,Q26821163,Ain't My Fault,False
146761,मदन परियार,Q136349510,Madan Prasad Pariyar,False
63972,महाबोधी मन्दिर,Q4513,Mahabodhi Temple,False
99615,फरोई टापु राष्ट्रिय फुटबल टोली,Q200688,Faroe Islands national football team,False
134196,ब्लाउज,Q152563,Blouse,False
80416,साना,Q2471,Sanaa,False
27587,सालधारा,Q3425674,Saldhara,False
107323,मार्क्सवाद,Q7264,Marxism,False
100942,नेपालका मल्ल राजाहरूको सूची,Q6589167,List of Malla kings of Nepal,False
7866,द डोर्स,Q45354,The Doors,False
91595,दिव्याङ्का त्रिपाठी,Q1231626,Divyanka Tripathi,False
35740,इन्द्रप्रस्थ,Q1975540,Indraprastha,False
138102,साम भाषा,Q7395644,Saam language,False
104310,मिस नेपाल २०१९,Q60787416,Miss Nepal 2019,False
77534,उत्तर कोरियाका विश्व सम्पदा क्षेत्रहरूको सूची,Q4435419,List of World Heritage Sites in North Korea,False
58443,लिल वेन,Q15615,Lil Wayne,False
124862,सन् २०२२ फ्रान्सेली राष्ट्रपतीय निर्वाचन,Q30638578,2022 French presidential election,False
17494,रायगड जिल्ला,Q2577997,Rayagada district,False
33017,"खुर्कोट, पर्वत",Q3423213,"Khurkot, Parbat",False
57017,गाजले पीतचरी,Q27075788,Yellow-breasted greenfinch,False
57162,सुन गिद्ध,Q628068,Red-headed vulture,False
27941,"नयाँगाउँ, गुल्मी",Q6983064,Nayagaun,False
114794,लरेन फिलिप्स (अमेरिकी अभिनेत्री),Q24032118,Lauren Phillips (American actress),False
60540,टाइनी टेम्पा,Q46321,Tinie Tempah,False
27750,सचिन तेन्दुलकर,Q9488,Sachin Tendulkar,False
57170,शिक्रा,Q715710,Shikra,False
33928,कुलचन्द्र गौतम,Q6442653,Kul Gautam,False
23254,गिम्दी,Q595833,Gimdi,False
50673,रामायण,Q37293,Ramayana,False
114642,छुँये दिले मन,Q18603026,Chuye Dile Mon,False
76703,वेङ्कटेश मन्दिर (काठमाण्डौ),Q19595680,"Venkatesh Mandir, Kathmandu",False
111166,जेसिका वाल्स,Q69003,Jessica Wahls,False
77406,लुइस भान गाल,Q207431,Louis van Gaal,False
14374,सुदाप,Q3419389,Sudap,False
27570,बाल्टिङ,Q3417916,"Walting, Kavrepalanchok",False
90046,योल्मो जाति,Q8054796,Yolmo people,False
58709,प्राङ्गारिक मल,Q185716,Manure,False
12250,मोहिनी,Q57417205,Mohini,False
98171,लागत अनुमान,Q795053,Cost estimate,False
77440,भौतिक शास्त्र,Q413,Physics,False
101965,अजयमेरुकोट,Q65395572,Ajaymerukot,False
103797,टर्किस एअरलाइन्स,Q4548,Turkish Airlines,False
115167,राजेन्द्रन,Q7286036,Rajendran,False
135698,सुपर माई खोला क्यासकेड जलविद्युत केन्द्र,Q104879731,Super Mai Khola Cascade Hydropower Station,False
127213,गेरुवा गाउँपालिका,Q104856890,Geruwa Rural Municipality,False
113390,सन् २०२० चीन–भारत झडप,Q93879586,2020–2021 China–India skirmishes,False
101093,रोसतिलिकोम,Q1477012,Rostelecom,False
53579,मनकामना केबलकार,Q6746788,Manakamana Cable Car,False
2809,बृहस्पति ग्रह,Q319,Jupiter,False
44986,वसन्त रेग्मी,Q4866230,Basanta Regmi,False
16526,नरबहादुर भण्डारी,Q3277025,Nar Bahadur Bhandari,False
140891,ऋण सङ्कट,Q773335,Debt crisis,False
38476,एप्पल क्रीक,Q1816973,"Apple Creek, Ohio",False
140193,खगोलीय वस्तु,Q6999,Astronomical object,False
42801,गजरकोट,Q2223934,Gajarkot,False
99974,ताजिकिस्तान महिला राष्ट्रिय फुटबल टोली,Q7676833,Tajikistan women's national football team,False
120892,मार्भल सिनेमेटिक युनिभर्स: तेस्रो चरण,Q51963836,Marvel Cinematic Universe: Phase Three,False
96518,द्विज,Q2495898,Dvija,False
103583,अदिती चौहान,Q20065368,Aditi Chauhan,False
137581,लेक अङ्गेरी,Q4362481,Pieris formosa,False
57185,मोरङ्गी चील,Q234722,Bonelli's eagle,False
84276,यासिर शाह,Q8049809,Yasir Shah,False
69793,विमला तामाङ,Q18211579,Bimala Tamang,False
68249,विकिपिडिया समुदाय,Q876040,Wikipedia community,False
108088,वाला!,Q2573130,Walla! Communications,False
119414,बिन्ध्यवासिनी मन्दिर,Q16254765,Bindhyabasini Temple,False
148696,बाबा यागा,Q187002,Baba Yaga,False
88998,अप्रिल क्रान्ति,Q489416,April Revolution,False
127943,रुक्मी,Q2601106,Rukmi,False
17152,बायर्न,Q980,Bavaria,False
102854,दयाशङ्कर पाण्डे,Q5243005,Daya Shankar Pandey,False
103215,पुराजीवक कल्प,Q75507,Paleozoic,False
87234,धूम २,Q517398,Dhoom 2,False
58578,विद्यार्थी,Q48282,Student,False
5945,जाल्पादेवी,Q3410997,Jalapadevi,False
69289,ग्रेगर जोहान मेन्डल,Q37970,Gregor Mendel,False
112681,श्री,Q2281983,Shri,False
76324,"चिसापानी, बाँके",Q5102046,"Chisapani, Banke",False
17289,लातेहार जिल्ला,Q2244762,Latehar district,False
75789,पर मर्टीसेकर,Q70550,Per Mertesacker,False
30125,बिमल गुरुङ,Q4913679,Bimal Gurung,False
125053,शङ्करनाथ रिमाल,Q111036012,Shankar Nath Rimal,False
103394,क्राइस्टचर्च मस्जिद आक्रमण,Q62066211,Christchurch mosque shootings,False
3747,बिनामारे,Q3415688,Binamare,False
141787,मुन धर्म,Q611662,Mun (religion),False
16364,असारे फूल,Q1148692,Lagerstroemia indica,False
118626,स्वतन्त्र राजनीतिज्ञ,Q327591,Independent politician,False
131321,त्रैलोक्य मल्ल,Q7832832,Trailokya Malla,False
107551,शेरपुर जिल्ला,Q2039314,Sherpur District,False
106519,चाङ्ला हिमाल,Q19457611,Changla,False
137548,जोन लक,Q9353,John Locke,False
26123,कालुखेती,Q3415549,Kalukheti,False
150200,एना गन,Q271050,Anna Gunn,False
16222,तीते करेला,Q428750,Momordica charantia,False
111149,अलेक्सा ब्लिस,Q16525974,Alexa Bliss,False
124903,बाल गोपाल महर्जन,Q23542689,Bal Gopal Maharjan,False
119222,गोसाइँकुण्ड गाउँपालिका,Q65068016,Gosaikunda Rural Municipality,False
27105,"महाङ्काल, सिन्धुपाल्चोक",Q6733138,"Mahankal, Sindhulpalchok",False
71114,केकी अधिकारी,Q17150190,Keki Adhikari,False
133302,उद्दालक आरुणि,Q2724299,Uddālaka Āruṇi,False
140367,जिल्यान्डिया,Q150408,Zealandia,False
9760,आलु खेती,Q10998,Potato,False
17629,सइहा जिल्ला,Q1821714,Siaha district,False
2178,देवनागरी लिपि,Q38592,Devanagari,False
62545,मराक गुरसुता,Q361642,Marek Grechuta,False
111174,सब्रिना सेतलुर,Q63943,Sabrina Setlur,False
110524,बाना सिंह,Q3366362,Bana Singh,False
31450,स्वारा,Q604301,"Swara, Nepal",False
86032,ग्रीष्मकालीन ओलम्पिकको मेडल,Q636830,Olympic medal,False
46297,सालिमार द क्लाउन,Q3090602,Shalimar the Clown,False
112629,आमि बाङ्लाय गान गाइ,Q25587742,Ami Banglay Gaan Gai,False
56382,राज डिकुरेभ्याकुर,Q28916632,Sikkim wedge-billed babbler,False
129878,गेलेफु,Q1499697,Gelephu,False
12532,भुभुजेला,Q83266,Vuvuzela,False
132664,रौतहट १ (निर्वाचन क्षेत्र),Q104881933,Rautahat 1,False
77809,सान इग्नासियो मिनी,Q868799,San Ignacio Miní,False
87433,कुणाल कोहली,Q628832,Kunal Kohli,False
23188,निम्की,Q6961229,Namak para,False
139499,गोवाका जिल्लाहरू,Q122579,List of districts of Goa,False
133226,२०२२-२३ युएफा च्याम्पियन्स लिग,Q106086340,2022–23 UEFA Champions League,False
125567,भारतको प्रशासनिक विभाजन,Q2365748,Administrative divisions of India,False
133707,मनिता देवकोटा,Q51756762,Manita Devkota,False
100009,साडियो माने,Q209942,Sadio Mané,False
29535,ककनी गाउँपालिका,Q3418337,Kakani Rural Municipality,False
149428,खाण्डव वन,Q4250498,Khandava Forest,False
87719,कार्लोस गारडेल,Q229613,Carlos Gardel,False
68593,स्टिभ फोर्ब्स,Q780842,Steve Forbes,False
17590,सोनीपत जिल्ला,Q2241746,Sonipat district,False
30966,पर्रोहा,Q3415308,Parroha,False
32928,परासन,Q3415942,Parasan,False
27230,"डाँडागाउँ, खोटाङ",Q5215651,"Dandagaun, Khotang",False
138223,त्रिलोचन पोखरेल,Q15430874,Trilochan Pokhrel,False
136597,लहन्दा,Q112670533,Lahnda,False
108752,भोला जिल्ला,Q855042,Bhola District,False
126944,नेपालका बाँध र जलाशयहरूको सूची,Q112228300,List of dams and reservoirs in Nepal,False
134155,जेनेभा,Q71,Geneva,False
148958,कौशिकी,Q11564663,Kaushiki,False
7221,ब्राजिल,Q155,Brazil,False
55136,सामसङ ग्यालेक्सी एस थ्री,Q140944,Samsung Galaxy S III,False
16909,बल,Q11402,Force,False
27806,रबर्ट बन्सन,Q71031,Robert Bunsen,False
47652,वाम्बुले भाषा,Q56785,Wambule language,False
56007,बेतलौरी,Q150883,Cheilocostus speciosus,False
52878,फरोई टापु,Q4628,Faroe Islands,False
142030,अल्टरनेटर,Q58430,Alternator,False
52179,द आर्टामोनोभ बिजनेस,Q5704466,The Artamonov Business,False
76799,हेपाटाइटिस,Q131742,Hepatitis,False
9771,दाइजो,Q45803,Dowry,False
23277,सुनाकोठी,Q3425592,Sunakothi,False
128943,रञ्जिता श्रेष्ठ,Q115492452,Ranjeeta Shrestha,False
56780,पूर्वीय कोइली,Q1266506,Oriental cuckoo,False
94870,पाउलो दिबाला,Q166317,Paulo Dybala,False
13109,अनरसा,Q4751737,Anarsa,False
53998,देउकी प्रथा,Q5266151,Deuki,False
69712,पेच,Q11022,Screw,False
26063,जुकोट,Q11728925,Jukot,False
90895,मिस्टर एक्स (२०१५ चलचित्र),Q17074852,Mr. X (2015 film),False
141497,विशेष आर्थिक क्षेत्र (नेपाल),Q110245417,Special Economic Zones (Nepal),False
55137,सामसङ ग्यालेक्सी एस टु,Q154851,Samsung Galaxy S II,False
98032,इगोर सिकोर्स्की,Q212446,Igor Sikorsky,False
100560,सामोआ महिला राष्ट्रिय फुटबल टोली,Q1647271,Samoa women's national football team,False
63913,हिउँको छर्रा,Q11050195,Ice pellets,False
116155,माचिक्ने,Q3274375,Motherfucker,False
24100,डोरबहादुर विष्ट,Q3036943,Dor Bahadur Bista,False
31252,कुशाह लक्षिमिनीया,Q3423724,Kushaha Laksiminiya,False
130179,"राष्ट्रिय सभा निर्वाचन, २०७६",Q84045954,2020 Nepalese National Assembly election,False
55854,ताल,Q23397,Lake,False
148854,देवी उपनिषद्,Q12928431,Devi Upanishad,False
142495,मानव मेटापोन्यूमोभाइरस,Q743338,Human metapneumovirus,False
108326,सिटिलाइन,Q4036250,Cityline (ISP),False
103301,एयरबीएनबी,Q63327,Airbnb,False
47923,सुल्तान अहमद मस्जिद,Q80541,"Blue Mosque, Istanbul",False
53529,विद्युतीय प्रजातन्त्र,Q855175,E-democracy,False
58333,कमलपित्त,Q133244,Jaundice,False
31936,बाहुनतिल्पुङ,Q3419508,Bahuntilpung,False
122126,किफर मोर,Q16234832,Kieffer Moore,False
127347,युवल नोहा हरारी,Q2484404,Yuval Noah Harari,False
133294,कल्याण गौतम,Q112341011,Kalyan Gautam,False
54029,किशोरावस्थाको गर्भधारण,Q535691,Teenage pregnancy,False
133681,मध्य आर्य भाषा परिवार,Q3236316,Middle Indo-Aryan languages,False
50672,लट्टे,Q162791,Amaranthus caudatus,False
18152,कोचबिहार सदर उपविभाग,Q5166814,Cooch Behar Sadar subdivision,False
55213,मञ्जरी (चलचित्र),Q25206775,Manjari (film),False
101101,टेलि २ रूस,Q4050799,T2 (telecommunications company),False
1965,जर्मनी,Q183,Germany,False
32684,जनगणना,Q39825,Census,False
105393,प्यार का पञ्चनामा,Q1284461,Pyaar Ka Punchnama,False
78970,२००२ फिफा विश्वकप,Q47735,2002 FIFA World Cup,False
100584,जायरा वसीम,Q23731498,Zaira Wasim,False
26070,बाह्रबिस,Q4860639,"Barhabise, Bajura",False
148438,कुश (रामायण),Q2725781,Kusha (Ramayana),False
131043,नुब्रि भाषा,Q12952969,Nubri language,False
142836,एक्स निगम,Q117617480,X Corp.,False
148972,कद्रु,Q1695219,Kadru,False
80016,हनुमाननगर कङ्कालिनी नगरपालिका,Q55613368,Hanumannagar Kankalini Municipality,False
28104,जोन डाल्टन,Q41284,John Dalton,False
7429,अरनिको राजमार्ग,Q4784114,Araniko Highway,False
9761,खनजोत,Q878333,Tillage,False
47646,धिमाल भाषा,Q35229,Dhimal language,False
32591,पटेर्वा सुगौली,Q3420300,Sugauli Paterwa,False
83845,माल्टा राष्ट्रिय क्रिकेट टोली,Q6744738,Malta national cricket team,False
79497,अशोकविनायक मन्दिर,Q21079429,Ashok Binayak Temple,False
33219,"धुसेनी, लमजुङ",Q5269926,"Dhuseni, Lamjung",False
13919,फ्लोरिडा,Q812,Florida,False
6883,घिमिरे,Q13180842,Ghimire,False
95474,आचे,Q1823,Aceh,False
87277,रोनित रोय,Q4396739,Ronit Roy,False
1891,रुवान्डा,Q1037,Rwanda,False
126031,चातुर्मास,Q3225597,Chaturmasya,False
103693,एम्ली ग्रिन बाल्च,Q215139,Emily Greene Balch,False
144142,खैरो तित्रा,Q26106,Grey partridge,False
83062,सोनाली कुलकर्णी,Q1407499,Sonali Kulkarni,False
128789,सुवर्ण गाउँपालिका,Q60766146,Suwarna Rural Municipality,False
121913,बहुमतको सरकार,Q2455328,Majority government,False
115349,पप स्मोक,Q81698554,Pop Smoke,False
85985,तेलगू टाइटन्स,Q18211117,Telugu Titans,False
4813,नयाँबजार,Q969408,Naya Bazar,False
93343,अक्किनेनी नागार्जुन,Q3345031,Nagarjuna (actor),False
5165,मातृभाषा,Q36870,First language,False
75674,नाम,Q1084,Noun,False
1594,खगोल शास्त्र,Q333,Astronomy,False
33956,मक्का,Q5806,Mecca,False
15264,सुगन्धवाल,Q157819,Valerian (herb),False
54215,बाघभैरव मन्दिर,Q19680989,Bagh Bhairab Temple,False
2737,उदयपुर जिल्ला,Q28582,Udayapur District,False
5987,दोहनी,Q3413444,Dohani,False
93577,सोनल चौहान,Q7560758,Sonal Chauhan,False
6326,खाँदबारी नगरपालिका,Q1740554,Khandbari Municipality,False
88913,टोम यम,Q1052469,Tom yum,False
6595,अमलेखगन्ज,Q3420355,Amlekhganj,False
18256,डिसेम्बर,Q126,December,False
51656,द रेजिस्टेन्स (एनिमर्फ्स),Q7760286,The Resistance (Applegate novel),False
29244,लादुक,Q3416097,Laduk,False
146651,सुधन गुरुङ,Q136289912,Sudan Gurung,False
69091,लागत निर्धारण,Q240673,Cost,False
23349,अमरदह,Q3418553,Amardaha,False
78075,याङ्गदोङ लोक गाँउ,Q495266,Yangdong Folk Village,False
78169,पफोस,Q180918,Paphos,False
148041,तारेक रहमान,Q7686199,Tarique Rahman,False
16186,कम्पनी,Q783794,Company,False
86566,गौरव खन्ना,Q5527754,Gaurav Khanna,False
6410,सुरेन्द्र वीरविक्रम शाह,Q2523476,Surendra Bikram Shah,False
76447,शेषनाग कुण्ड,Q7375406,Sheshnag Lake,False
92082,गल्याङ नगरपालिका,Q29299634,Galyang Municipality,False
84967,गुप्त साम्राज्य,Q11774,Gupta Empire,False
25462,अन्तर्राष्ट्रिय न्यायालय,Q7801,International Court of Justice,False
47419,पुरेन्द्रविक्रम शाह,Q98768400,Purendra Bikram Shah,False
30804,मखनाहा,Q6739363,"Makhanaha, Dhanusha",False
111908,गीता त्रिपाठी,Q90128772,Geeta Tripathee,False
100116,दक्षिण अफ्रिका महिला राष्ट्रिय फुटबल टोली,Q1197887,South Africa women's national soccer team,False
91676,विष्णु माझी,Q31766865,Bishnu Majhi,False
14724,पुष्पा भुसाल,Q78170639,Pushpa Bhusal Gautam,False
135536,गण्डक जलविद्युत केन्द्र,Q104845907,Gandak Hydropower Station,False
57720,पहाडी घाँसमुसो,Q1768528,Royle's mountain vole,False
146738,जापानको आत्मसमर्पण,Q6540361,Surrender of Japan,False
57673,सुनौलो बिरालो,Q192233,Asian golden cat,False
27530,खार्पाचोक,Q3423375,Kharpachok,False
144878,"थानपति, नुवाकोट",Q3427659,Thanapati,False
7048,महेन्द्रनगर विमानस्थल,Q6733807,Mahendranagar Airport,False
136295,हाङयुग अज्ञात,Q19840347,Hangyug Agyat,False
26926,फलाँटे,Q3413112,Phalate,False
107826,भर्जिन मोबाइल साउदी अरब,Q30637781,Virgin Mobile Saudi Arabia,False
100207,माडागास्कर राष्ट्रिय फुटबल टोली,Q477304,Madagascar national football team,False
83760,बुढीगङ्गा नदी,Q23262585,Budhi Ganga River,False
126310,विराटनगर मजदुर आन्दोलन,Q19873472,Biratnagar Jute Mill Strike,False
86237,विशाल म्यान्चेस्टर,Q23099,Greater Manchester,False
17227,उधमपुर जिल्ला,Q1947311,Udhampur district,False
54126,स्कन्ध,Q747858,Skandha,False
95334,जिओन मातसुरी,Q979873,Gion Matsuri,False
67818,सम्पति शुद्धीकरण,Q151900,Money laundering,False
52561,मलाला युसुफजई,Q32732,Malala Yousafzai,False
140893,लोक्पु भाषा,Q3436603,Lhokpu language,False
146828,विमला सुवेदी,Q115857188,Bimala Subedi,False
16071,ब्रह्मपुत्र नदी,Q45403,Brahmaputra River,False
82629,पुरुष सूक्त,Q2600184,Purusha Sukta,False
2793,कञ्चनपुर जिल्ला,Q28981,Kanchanpur District,False
30059,रक्तविज्ञान,Q103824,Hematology,False
128364,बिन्दुसार,Q315526,Bindusara,False
33056,हुवास,Q3417652,Huwas,False
29223,नाम्दु,Q3414813,Namdu,False
17209,दन्तेवाडा जिल्ला,Q100211,Dantewada district,False
47028,विश्व कीर्तिमान,Q688615,World record,False
108604,उजिरपुर उपजिल्ला,Q3351221,Wazirpur Upazila,False
115491,जी स्टुडियोज,Q55638217,Zee Studios,False
135593,तल्लो मोदी-१ जलविद्युत केन्द्र,Q98113962,Lower Modi-1 Hydroelectric Power Plant,False
122137,कुकुरसँग देखा पर्ने युवती,Q2418554,The Lady with the Dog,False
84272,ग्रान्ट इलिओट,Q5596204,Grant Elliott,False
85194,मनीष पल,Q6749891,Maniesh Paul,False
17393,फरीदकोट जिल्ला,Q172494,Faridkot district,False
72438,अन्तरव्यक्ति सम्बन्ध,Q223642,Interpersonal relationship,False
18015,माथिल्लो दिबाङ घाटी जिल्ला,Q15446,Dibang Valley district,False
102867,मुद्रा बजार,Q627543,Money market,False
32192,हेप्का,Q3423194,Hepka,False
28990,कालिकाटार,Q3424626,Kalikatar,False
64646,गढिमाई नगरपालिका,Q113464142,"Gadhimai, Bara",False
9515,त्रिपुरा,Q1363,Tripura,False
77770,बाँके बिहारी मन्दिर,Q3630572,Banke Bihari Temple,False
136121,गुलसन झा,Q108576598,Gulshan Jha,False
86868,युरोपेली फुटबल महासङ्घ,Q35572,UEFA,False
18206,झाडग्राम उपविभाग,Q6190932,Jhargram subdivision,False
78833,ईश्वरपुर नगरपालिका,Q3422734,Ishwarpur,False
9448,झारखण्ड,Q1184,Jharkhand,False
105333,मेवाड,Q1518229,Mewar,False
103346,नेपाल गौरव यात्रा,Q64876314,Nepal Pride Parade,False
20698,वनस्पति विज्ञान,Q441,Botany,False
57628,मुसे मृग,Q247220,Indian spotted chevrotain,False
31851,डाम्ही मडै,Q5212204,Damhi Marai,False
146168,बहिनी हत्या,Q7563642,Sororicide,False
106937,भगदत्त,Q1114098,Bhagadatta,False
126427,पाकिस्तानको झन्डा,Q128347,Flag of Pakistan,False
96528,सखुवा प्रसौनी गाउँपालिका,Q3425232,Sakhuwa Prasauni Rural Municipality,False
31966,"बस्तिपुर, सिन्धुली",Q4868356,"Bastipur, Sindhuli",False
58471,पिङ्क (गायिका),Q160009,Pink (singer),False
31568,नर्मदेश्वर,Q3423258,Narmedeshwar,False
56687,नीलढाडे अर्जुनक,Q55116361,Slaty-backed flycatcher,False
44930,वीरेन्द्र सहवाग,Q3345479,Virender Sehwag,False
60694,क्यानाडा राष्ट्रिय क्रिकेट टोली,Q2676865,Canada national cricket team,False
2041,क,Q4997131,Ka (Devanagari),False
102617,शशि थरूर,Q195616,Shashi Tharoor,False
55562,सल,Q3354532,Shawl,False
148329,बिगफुट,Q44810,Bigfoot,False
109186,पुरातनवाद,Q7169,Conservatism,False
76514,निसर्गदत्ता महाराज,Q175532,Nisargadatta Maharaj,False
78669,हलसिङ्गल्याण्डको सजाइएको फार्महाउस,Q1642003,Decorated Farmhouses of Hälsingland,False
80437,ढुकुटी,Q10756188,Treasury,False
15973,नाटक,Q25372,Drama,False
84823,होस्टेल रिटर्न्स,Q20649651,Hostel Returns,False
99039,युएफा च्याम्पियन्स लिग,Q18756,UEFA Champions League,False
15954,हरिलाल गान्धी,Q1390715,Harilal Gandhi,False
4713,लेखनाथ पौड्याल,Q6520614,Lekhnath Paudyal,False
31958,हर्षाही,Q3426268,Harsahi,False
142224,नेपालमा नम्बर प्लेट,Q7918536,Vehicle registration plates of Nepal,False
13134,स्याल (प्रजाति),Q125525,Jackal,False
50014,क्लारा मोर्गान,Q236835,Clara Morgane,False
99311,डेभिड सिल्भा,Q161069,David Silva,False
90604,गरिमा पन्त,Q17386513,Garima Panta,False
78862,रापा नुई राष्ट्रिय निकुञ्ज,Q1763364,Rapa Nui National Park,False
5131,वन तथा वातावरण मन्त्रालय (नेपाल),Q19683588,Ministry of Forests and Environment,False
55143,जिब्रो,Q9614,Tongue,False
58431,केटी पेरी,Q42493,Katy Perry,False
114191,लिटिल रेड राइडिङ हुड,Q11838,Little Red Riding Hood,False
146315,स्तन इस्त्रीकरण,Q994443,Breast ironing,False
108428,बदलगाछी उपजिल्ला,Q4074907,Badalgachhi Upazila,False
33149,होसे मानुएल पिन्तो,Q17508,José Manuel Pinto,False
13105,टेम्फे,Q120096,Tempeh,False
83471,झलकारी बाई,Q3521601,Jhalkaribai,False
30603,पञ्चेश्वर गाउँपालिका,Q3428653,Pancheshwar,False
78715,भिनालेस उपत्यका,Q48108,Viñales Valley,False
97928,लियाम पेन,Q2756349,Liam Payne,False
78782,तबरिज ऐतिहासिक बजार परिसर,Q4399,Bazaar of Tabriz,False
43398,माइक्रोम्याक्स,Q6839659,Micromax Informatics,False
5023,बरबोटे,Q304608,Barbote,False
57003,रातो झिबी तितु,Q283027,Pink-browed rosefinch,False
150855,पामेला बोर्डेस,Q7129297,Pamella Bordes,False
77069,मोबाइल एप्स,Q620615,Mobile app,False
119017,जेक लोडविक,Q16221414,Jake Lodwick,False
117524,नेपाल – अमेरिका सम्बन्ध,Q6994578,Nepal–United States relations,False
114910,कम सट,Q76580,Cum shot,False
31854,पडौल,Q7123279,Padaul,False
8472,ओथेलो,Q26833,Othello,False
18108,दार्जीलिङ्ग जिल्ला,Q406149,Darjeeling (disambiguation),False
95417,विस्केक,Q9361,Bishkek,False
57053,सेतो टिकटिके,Q25399,White wagtail,False
97056,मेवाडी भाषा,Q2992857,Mewari language,False
5498,नेपाल राष्ट्र बैङ्क,Q1318435,Nepal Rastra Bank,False
13612,जौ,Q11577,Barley,False
15831,कोलकाता जिल्ला,Q2088496,Kolkata district,False
100133,नामिबिया यु-२० राष्ट्रिय फुटबल टोली,Q6961780,Namibia national under-20 football team,False
23568,डुम्रिसे,Q3412561,Dummrise,False
6349,दशरथ चन्द,Q5226660,Dashrath Chand,False
29000,नामटार,Q579730,"Namtar, Nepal",False
32552,सोनवर्षा,Q3427120,Sonbarsa,False
86579,नरेन्द्र झा,Q6965780,Narendra Jha,False
26024,भैरवस्थान,Q4900814,Bhairavsthan,False
78577,बार्बाडोसका विश्व सम्पदा क्षेत्रहरूको सूची,Q6356998,List of World Heritage Sites in Barbados,False
86409,ओके जानु,Q23044946,Ok Jaanu,False
79187,षडानन्द नगरपालिका,Q21043148,Shadanand Municipality,False
151035,मायानदी,Q30644050,Mayaanadhi,False
97058,म्हार भाषा,Q2992841,Hmar language,False
135826,मिथिला सौर्य उर्जा केन्द्र,Q115802677,Mithila Solar PV Station,False
135861,युमथाङ उपत्यका,Q8061162,Yumthang Valley of Flowers,False
10512,बाबुराम भट्टराई,Q57816,Baburam Bhattarai,False
129859,पारो अन्तर्राष्ट्रिय विमानस्थल,Q44877,Paro International Airport,False
78741,ब्रु ना बोइनी,Q339489,Brú na Bóinne,False
23037,सिएनएन,Q48340,CNN,False
18148,बिष्णुपुर उपविभाग,Q4917389,Bishnupur subdivision,False
4122,नेपालगन्ज उपमहानगरपालिका,Q1025462,Nepalgunj,False
149347,शम्बूक,Q7487484,Shambuka,False
45994,अ ब्रिफ हिस्ट्री अफ टाइम,Q471726,A Brief History of Time,False
33232,टिभी ग्लोबो,Q3587,TV Globo,False
107343,अगस्ट एम्स,Q19559884,August Ames,False
30785,कनकपट्टी,Q303712,Kanakpatti,False
55909,सवारी चालक अनुमति पत्र,Q205647,Driver's license,False
78370,जेम्स म्याथ्यु बेरी,Q81796,J. M. Barrie,False
71284,असरफ गानी,Q172388,Ashraf Ghani,False
57729,क्राम्पको मुसो,Q301775,Crump's mouse,False
80517,लुसी हेल,Q229940,Lucy Hale,False
14365,"पिप्ले, तेह्रथुम",Q7002208,"Piple, Tehrathum",False
133115,रोमन सम्राट,Q842606,Roman emperor,False
103749,त्रैलोक्य राज्य लक्ष्मी,Q35497393,Trailokya Rajya Lakshmi Devi,False
135874,चुङथाङ,Q3532375,Chungthang,False
74761,अरबी मरुभूमि,Q208299,Arabian Desert,False
30822,"सपही, धनुषा",Q7088399,"Sapahi, Dhanusha",False
119640,पूर्वी पाकिस्तान,Q842931,East Pakistan,False
138315,ललित थापा,Q6480381,Lalit Thapa,False
83209,गुरदीप कोहली,Q5619906,Gurdeep Kohli,False
119012,नेपालमा अन्तरलिङ्गी व्यक्तिहरूको अधिकार,Q30641181,Intersex rights in Nepal,False
17952,खम्मम जिल्ला,Q15371,Khammam district,False
151050,मापुटो प्रोटोकल,Q3924288,Maputo Protocol,False
100233,नाइजेरिया महिला राष्ट्रिय फुटबल टोली,Q606853,Nigeria women's national football team,False
29007,भैँसे,Q4900822,"Bhainse, Makwanpur",False
4085,दसेरा,Q3414240,Dasera,False
100058,बुरून्डी राष्ट्रिय फुटबल टोली,Q459110,Burundi national football team,False
26772,"खलङ्गा, दार्चुला",Q6399266,"Khalanga, Darchula",False
5913,दुली,Q3411443,"Duli, Nepal",False
150095,ढलाइ,Q496098,Casting,False
63574,गिनी गुणाङ्क,Q162455,Gini coefficient,False
9728,अपाचे वेब सर्भर,Q11354,Apache HTTP Server,False
23058,पाठेघरको क्यान्सर,Q160105,Cervical cancer,False
56667,चञ्चले अर्जुनक,Q73700,Grey-headed canary-flycatcher,False
62376,हेनरी केभिल,Q295498,Henry Cavill,False
90315,खो-खो,Q3520517,Kho kho,False
13696,बल्छी,Q205276,Fish hook,False
57106,ठूलो बगरबट्टाई,Q1260062,Great stone-curlew,False
18249,मे,Q119,May,False
139704,सिन्धी जाति,Q1258074,Sindhis,False
42813,टोनी ब्लेयर,Q9545,Tony Blair,False
43144,मैनाली,Q19682716,Mainali,False
53511,अधिकारपृच्छा,Q3724781,Quo warranto,False
64610,जिरेल भाषा,Q56863,Jirel language,False
24838,अल्जाइमर,Q11081,Alzheimer's disease,False
84203,ड्वेन ब्रावो,Q3038629,Dwayne Bravo,False
62818,एलन डङ्कन,Q302417,Alan Duncan,False
81365,कान्तिपुरको युद्ध,Q4871400,Battle of Kathmandu,False
126025,खाँडाचक्र नगरपालिका,Q55887312,Khandachakra,False
81015,भेनेस्सा फेर्लिटो,Q233724,Vanessa Ferlito,False
51479,थिनर(उपन्यास),Q253925,Thinner (novel),False
73983,तन्तु,Q40397,Tissue (biology),False
29362,उमामहेश्वर,Q120435029,Uma–Maheshvara,False
56923,स्वर्णनयन हाँस,Q29865,Common goldeneye,False
130821,निलो गन्धे,Q280807,Ageratum houstonianum,False
13416,आयुर्वेद,Q132325,Ayurveda,False
96519,वैश्य,Q185970,Vaishya,False
102178,प्रतिफल (करार),Q1344851,Consideration,False
70960,अल कायदा,Q34490,Al-Qaeda,False
69734,थरमस,Q912050,Cryogenic storage dewar,False
55937,शिव रेग्मी,Q7499249,Shiva Regmi,False
137323,पुरुषोत्तम दास टण्डन,Q983057,Purushottam Das Tandon,False
3807,बोवाङ,Q13403147,"Bowang, Nepal",False
140132,युरोपेली केन्द्रीय बैङ्क,Q8901,European Central Bank,False
62732,घुसेल,Q3411459,Dhusel,False
134219,संयुक्त राष्ट्र शरणार्थी उच्च आयोग,Q132551,United Nations High Commissioner for Refugees,False
56403,फुस्रोकोखे तोरीगाँडा,Q62081381,Grey-sided laughingthrush,False
135692,माथिल्लो खोरङ्गा जलविद्युत केन्द्र,Q104879432,Upper Khorunga Hydropower Station,False
43367,सम्राट उपाध्याय,Q7410290,Samrat Upadhyay,False
149035,निशा डाँगी,Q115857180,Nisha Dangi,False
13655,अनुसन्धान,Q42240,Research,False
55936,जिया खान,Q3595158,Jiah Khan,False
92402,सिमरा,Q174575,Corcuera,False
12972,उन्यू,Q80005,Fern,False
38235,मिसिसिपी नदी,Q1497,Mississippi River,False
145433,माल्दिभ्समा महिला,Q8031551,Women in the Maldives,False
17273,कोडरमा जिल्ला,Q2085480,Koderma district,False
140650,पहिलो शेरबहादुर देउवा मन्त्रिपरिषद्,Q127868955,First Deuba cabinet,False
2627,कान,Q7362,Ear,False
29016,"बेतिनी, मकवानपुर",Q4898137,"Betini, Makwanpur",False
85556,फ्यान (चलचित्र),Q17606382,Fan (2016 film),False
99904,अग्नी नियन्त्रक,Q107711,Firefighter,False
44364,अमलापुरम,Q588625,Amalapuram,False
47978,विदर्भ,Q568561,Vidarbha,False
8497,अग्न्याशय,Q9618,Pancreas,False
68428,मारिन सिलिच,Q245241,Marin Čilić,False
138232,सोनम शेर्पा,Q37994842,Sonam Sherpa,False
15006,कृष्णचन्द्रसिंह प्रधान,Q19671517,Krishna Chandra Singh Pradhan,False
26915,खुवाफोक,Q3423883,Khuwaphok,False
120711,"नेपालको राष्ट्रपतीय निर्वाचन, २०७२",Q39060263,2015 Nepalese presidential election,False
25999,"तोली, अछाम",Q6582684,"Toli, Achham",False
32524,अलौ,Q4708840,"Alau, Nepal",False
31951,रानीचुरी,Q7238241,Ranichuri,False
124522,रक डग,Q20751338,Rock Dog,False
8427,आमार सोनार बाङ्ला,Q199739,Amar Sonar Bangla,False
76920,सोमप्रसाद पाण्डेय,Q7559078,Som Prasad Pandey,False
57448,तलबमान,Q2640178,Pay scale,False
88651,सोनागी,Q7284490,Rain Shower,False
26753,सन्तपुर दोस्तीया,Q7130398,Santapur,False
83198,उर्वशी शर्मा,Q7901588,Urvashi Sharma,False
23710,स्याबुन,Q3425015,Syabun,False
150581,"महादेवपुरा, बेंगलुरु",Q2240888,"Mahadevapura, Bengaluru",False
32526,औराहा,Q3425079,Auraha,False
97186,क्याम्पसमा यौन आक्रमण,Q5028733,Campus sexual assault,False
33405,लुम्ले,Q3419224,Lumle,False
17491,यवतमाल जिल्ला,Q1804852,Yavatmal district,False
138327,एस्टोनियाली भाषा,Q9072,Estonian language,False
44238,जयललिता,Q465018,J. Jayalalithaa,False
54228,सिक्का,Q41207,Coin,False
131072,उत्तम चोल,Q3536701,Uttama (Chola dynasty),False
85573,वरुण तेज,Q19664637,Varun Tej,False
111956,"शुद्धोधन गाउँपालिका, कपिलवस्तु",Q97169260,Suddhodhan Rural Municipality,False
107744,टोकोपिडिया,Q12521890,Tokopedia,False
16239,श्रीमद्भागवत् पुराण,Q682958,Bhagavata Purana,False
106381,बुद्धि तामाङ,Q29654378,Buddhi Tamang,False
146909,समशीतोष्ण जलवायु,Q167466,Temperate climate,False
13315,हार्मोनियम,Q12460259,Pump organ,False
33976,एलेक्जेन्डर ग्राहम बेल,Q34286,Alexander Graham Bell,False
101485,एभरेष्ट प्रिमियर लिग २०७५,Q60526925,2018 Everest Premier League,False
57661,भालु बिरालो,Q213141,Binturong,False
12883,चरा,Q5113,Bird,False
81522,सुँगुरको मासु,Q191768,Pork,False
74115,युथ फर ब्लड (रगतका लागि युवा),Q19316639,Youth For Blood,False
56427,हाइपोथाइरोडिजम,Q16501,Hypothyroidism,False
129060,तपस्या,Q1123552,Tapas (Indian religions),False
74820,अदृश्य सम्पत्ति,Q427581,Intangible asset,False
38491,रूप्से झरना,Q13185628,Rupse Falls,False
105279,मराठा,Q524389,Maratha (caste),False
4918,आत्रेय ऋषि,Q4817532,Atreya,False
148455,बकासुर,Q2724067,Bakasura,False
123409,ट्याङ्क,Q12876,Tank,False
77572,यमनका विश्व सम्पदा क्षेत्रहरूको सूची,Q4435420,List of World Heritage Sites in Yemen,False
122182,तियानमेन चोक,Q164055,Tiananmen Square,False
134429,युटिसी+०५:३०,Q6828,UTC+05:30,False
30375,रामकोट,Q6974056,"Ramkot, Nepal",False
68332,महोम्मद रफिक,Q3345598,Mohammad Rafique (cricketer),False
42795,जामुने भञ्ज्याङ,Q6148326,Jamune Bhanjyang,False
128858,यमुनामाई गाउँपालिका,Q60763543,Yamunamai Rural Municipality,False
136502,सापटग्राम,Q2732976,Sapatgram,False
66194,सल्ले च्याउ,Q220662,Amanita caesarea,False
135010,याकुब स्टोलार्जिक,Q113584837,Jakub Stolarczyk,False
6366,वीरगन्ज महानगरपालिका,Q8252,Birgunj,False
56429,राजकपोत,Q964539,Mountain imperial pigeon,False
56998,धर्के राजतितु,Q1301664,Streaked rosefinch,False
103042,जटायु,Q1323463,Jatayu,False
106051,सुश्रुत,Q383027,Sushruta,False
9617,रामचन्द्र अधिकारी,Q13185444,Ram Chandra Adhikari,False
99656,कार्डिफ सहर रङ्गशाला,Q867902,Cardiff City Stadium,False
108279,डोकोमो प्यासिफिक,Q11322656,Docomo Pacific,False
18010,तल्लो दिबाङ घाटी जिल्ला,Q2373368,Lower Dibang Valley district,False
17473,रीवा जिल्ला,Q526862,Rewa district,False
88214,फेशन (२००८ चलचित्र),Q2665454,Fashion (2008 film),False
17922,करीमगन्ज जिल्ला,Q42542,Karimganj district,False
54740,मादक पदार्थ,Q154,Alcoholic beverage,False
13752,विज्ञानका शाखाहरु,Q2465832,Branches of science,False
87325,टीकमगढ जिल्ला,Q2449760,Tikamgarh district,False
5271,"हुलाक सेवा विभाग, नेपाल",Q13187573,Nepal Post,False
46464,चट्याङ मास्टर,Q13180878,Krishna Murari Gautam,False
107505,गौतम घोष,Q630736,Goutam Ghose,False
75690,ल्यान्डन डोनोभान,Q202237,Landon Donovan,False
126658,मधेश प्रदेशको मुख्यमन्त्री,Q113415528,Chief Minister of Madhesh Province,False
86331,जी टिभी,Q2044826,Zee TV,False
138082,पोखराको नगरप्रमुख,Q112429162,Mayor of Pokhara,False
65402,नवजात अवस्था,Q749115,Postpartum period,False
120888,प्रदेश सभा (नेपाल),Q45113733,Provincial assemblies of Nepal,False
80076,डबराल,Q18176471,Dabral,False
113822,द लास्ट किङडम (टिभी शृङ्खला),Q18085820,The Last Kingdom (TV series),False
144324,पाकिस्तानका राजनीतिक दलहरूको सूची,Q3041851,List of political parties in Pakistan,False
87301,बर्फी!,Q2558109,Barfi!,False
83982,दक्षिण एसियाली खेलकुद फुटबल २०१६,Q23011290,Football at the 2016 South Asian Games,False
147258,दैजिङ उत्सव,Q133855170,Dwijing Festival,False
53279,भिरगौँडी,Q827098,Job's tears,False
136044,मेटमणि चौधरी,Q66968297,Metmani Chaudhary,False
135480,होन्डा,Q9584,Honda,False
13089,पाँचथोप्ले खपटे किरा,Q25327,Coccinellidae,False
29744,मुकुन्दपुर,Q3417853,Mukundapur,False
121264,बर्लिन (मनी हाइस्ट),Q66559788,Berlin (Money Heist),False
122353,करुण थापा,Q35496224,Karun Thapa,False
88308,टोकियो,Q1490,Tokyo,False
108457,खोकसा उपजिल्ला,Q3349079,Khoksa Upazila,False
27974,हर्राचौर,Q3425784,Harrachaur,False
1884,मौरिटानिया,Q1025,Mauritania,False
2783,रोल्पा जिल्ला,Q28597,Rolpa District,False
56388,कत्ले डिकुरेभ्याकुर,Q1037477,Scaly-breasted cupwing,False
27111,"राम्चे, सिन्धुपाल्चोक",Q7289300,"Ramche, Sindhulpalchok",False
149964,गाढा सुन्तले गर्भिणी,Q21247051,Burara oedipodea,False
126325,बङगारा,Q180284,Jaw,False
13442,भुटिया भाषा,Q35285,Sikkimese Bhutia language,False
79232,इशा गुप्ता,Q5397761,Esha Gupta,False
98938,तोसिबा,Q49125,Toshiba,False
56679,टिकटिके अर्जुनक,Q2226183,Slaty-blue flycatcher,False
126061,केपिलासगढी गाउँपालिका,Q55075110,Kepilasgadhi Rural Municipality,False
56844,डाना वेसपोली,Q1079746,Dana Vespoli,False
114804,पर्ल नेक्लेस (यौन कार्य),Q3682691,Pearl necklace (sexual act),False
149025,मेरु पर्वत,Q652550,Mount Meru,False
17581,फतेहाबाद जिल्ला,Q2301753,Fatehabad district,False
128967,किरण मानन्धर,Q94487674,Kiran Manandhar,False
56367,चाँदीकाने मिसिया,Q18880,Silver-eared mesia,False
84238,मोर्ने मोर्केल,Q3518308,Morné Morkel,False
101859,नेपाल-बेलायत सम्बन्ध,Q20684959,Nepal–United Kingdom relations,False
150774,अय्यर,Q2736999,Iyer,False
147799,आगमनी गीत,Q4691163,Agamani-Vijaya,False
137189,यशोधरा राजे सिन्धिया,Q8049755,Yashodhara Raje Scindia,False
56473,लेकाली उलूक,Q1263520,Mountain scops owl,False
140472,चौथो ओली मन्त्रिपरिषद्,Q127434107,Fourth Oli cabinet,False
99189,क्रिस जेरिको,Q44144,Chris Jericho,False
4818,इलाम नगरपालिका,Q950072,Ilam Municipality,False
78861,अफ्रिकी भाषा,Q14196,Afrikaans,False
57122,हुटिट्याउँ,Q752398,Red-wattled lapwing,False
51452,द डार्क टावर: द गन्सलिङ्गर,Q1422318,The Dark Tower: The Gunslinger,False
31941,भीमेश्वर,Q4901775,"Bhimeshwar, Sindhuli",False
77923,सेरी बहलोल,Q1511531,Seri Bahlol,False
57705,ठुटे ढाडेमुसो,Q1515902,Short-tailed bandicoot rat,False
141034,बङ्गलादेशको प्रमुख सल्लाहकार,Q5096655,Chief Adviser of Bangladesh,False
126579,बिक्रोय डटकम,Q4907455,Bikroy,False
23876,"पूजा, प्युठान",Q7259056,"Puja, Nepal",False
89981,केन्या अन्डर-१९ राष्ट्रिय क्रिकेट टोली,Q6392753,Kenya national under-19 cricket team,False
7885,मिस नेपाल,Q12938564,Miss Nepal,False
123573,चन्दा चौधरी,Q66364606,Chanda Chaudhary,False
32370,थारमारे,Q3415474,Tharmare,False
32309,राखुपिप्ले,Q3426735,Rakhupiple,False
99750,भूमे गाउँपालिका,Q65410500,Bhume Rural Municipality,False
91648,विपिन कार्की,Q29512107,Bipin Karki,False
18202,गङ्गारामपुर उपविभाग,Q5521070,Gangarampur subdivision,False
89154,तिमिङ्गल,Q1865281,Whale,False
77453,भारतका विश्व सम्पदा क्षेत्रहरूको सूची,Q1975374,List of World Heritage Sites in India,False
124304,२०२२ हुङ्गा टोङ्गा ज्वालामुखी विस्फोट र सुनामी,Q110567218,2022 Hunga Tonga–Hunga Haʻapai eruption and tsunami,False
30967,खडवा वनगाई,Q3419124,Khadawa Bangai,False
49873,फ्रेडरिक एंगेल्स,Q34787,Friedrich Engels,False
134608,मुख्य खाना,Q736427,Staple food,False
91762,ममता चौधरी,Q31766931,Mamta Chaudhary,False
141572,भीम आचार्य मन्त्रिपरिषद्,Q108502264,Bhim Acharya cabinet,False
56442,फुस्रो वनपरेवा,Q367075,Ashy wood pigeon,False
47584,नेपाली काङ्ग्रेस (राष्ट्रवादी),Q13182847,Nepali Congress (Rastrabadi),False
108934,फरिदपुर जिल्ला,Q2093552,Faridpur District,False
126397,अस्ट्रेलियाको झण्डा,Q81676,Flag of Australia,False
32588,लाहावरथकरी,Q3417189,Lahawarthakari,False
15824,कपाल,Q28472,Hair,False
29880,रानीगञ्ज,Q7293043,"Raniganj, Nepal",False
98517,चार्ल्स मङ्गर,Q918630,Charlie Munger,False
106795,ब्याक टु डिसेम्बर,Q276589,Back to December,False
3825,चन्दननाथ नगरपालिका,Q3413942,Chandannath,False
130137,सोनम टोपगे दोर्जी,Q863955,Sonam Topgay Dorji,False
145310,नसर्ने रोग,Q3137154,Non-communicable disease,False
107507,सेयरइट,Q21075636,SHAREit,False
123691,ड्रागनभ स्नाइपर राईफल,Q159509,SVD (rifle),False
57184,सुवर्ण महाचील,Q41181,Golden eagle,False
17278,जामताडा जिल्ला,Q2980986,Jamtara district,False
25088,पोडोल्स्क,Q19520,Podolsk,False
49520,लिन्डा लभलेस,Q407,Linda Lovelace,False
103292,पोखरा क्षेत्रीय अन्तर्राष्ट्रिय विमानस्थल,Q55630162,Pokhara International Airport,False
31689,रझेना,Q3421565,Rajhena,False
121423,एम सिक्सटिन राइफल,Q170318,M16 rifle,False
87456,आरती मुखर्जी,Q4662647,Aarti Mukherjee,False
92148,सुजाता श्रीधर,Q7635636,Sujata Sridhar,False
100684,बरिसाल,Q747840,Barisal,False
47228,शिवपुरी नागार्जुन राष्ट्रिय निकुञ्ज,Q3123431,Shivapuri Nagarjun National Park,False
35302,पेरियोडिक तालिका,Q10693,Periodic table,False
106595,शकुन्तला,Q955123,Shakuntala,False
99168,डिएगो कोस्टा,Q459707,Diego Costa,False
3291,किमडाँडा,Q3415902,Kimadanda,False
79330,रोन्डा राउजी,Q242201,Ronda Rousey,False
32599,"भवानीपुर, पर्सा",Q4901600,"Bhawanipur, Parsa",False
31432,बक्राङ,Q3427253,Bakrang,False
56324,बगर भारद्वाज,Q27075426,Sand lark,False
83231,रोशनी वालिया,Q16240581,Roshni Walia,False
48483,निर्वाचन प्रणाली,Q182985,Electoral system,False
116424,बेल्लमकोन्डा श्रीनिवास,Q21067407,Bellamkonda Sai Sreenivas,False
80516,डेना डिलेनी,Q228925,Dana Delany,False
12331,दीप श्रेष्ठ,Q16728469,Deep Shrestha,False
82639,राइमा सेन,Q46018,Raima Sen,False
16271,अक्टोपस,Q40152,Octopus,False
122720,२०२१-२२ युएफा च्याम्पियन्स लिग,Q96621465,2021–22 UEFA Champions League,False
51469,थ्रु द किहोल,Q7798464,Through the Keyhole,False
134976,ओडिया लिपि,Q1760127,Odia script,False
146494,पारदर्शीता,Q535347,Transparency (behavior),False
98775,एन्टोनियो गुटेरेस,Q311440,António Guterres,False
2792,अञ्चल (स्पष्टता),Q219877,Zone,False
141992,प्रदेश प्रमुख (कर्णाली प्रदेश),Q115830028,Governor of Karnali Province,False
132611,नुवाकोट २ (निर्वाचन क्षेत्र),Q104878436,Nuwakot 2,False
115274,काग चुच्चे,Q138397,Thunbergia grandiflora,False
48431,ब्रिटानी ह्वाइटफिल्ड,Q4971636,Brittany Whitfield,False
87273,शशि कपूर,Q379171,Shashi Kapoor,False
121183,बब डिलन,Q392,Bob Dylan,False
77821,फुलहरूको उपत्यका राष्ट्रिय निकुञ्ज,Q605897,Valley of Flowers National Park,False
102716,संयुक्त अरब इमिरेट्समा नेपाली राष्ट्रिय क्रिकेट टिम २०१८-१९,Q60531461,Nepalese cricket team in the United Arab Emirates in 2018–19,False
9899,हनुमान,Q188618,Hanuman,False
3258,भानुभक्तीय रामायण,Q65071941,Bhanubhakta Ramayana,False
33208,समीभञ्ज्याङ,Q3419051,Samibhanjyang,False
43421,विद्युतवाहक बल,Q185329,Electromotive force,False
31296,माडर,Q6783813,"Madar, Nepal",False
137235,"राष्ट्रिय सभा निर्वाचन, २०८०",Q124251951,2024 Nepalese National Assembly election,False
9085,नगरकोट,Q1025470,Nagarkot,False
149308,कृष्णका अन्य पत्नीहरू,Q14589820,Junior wives of Krishna,False
83430,गौतमी,Q3595537,Gautami,False
82906,कल्पना मोहन,Q6354369,Kalpana Mohan,False
118667,कृष्ण मल्ल,Q100550378,Krishna Malla,False
33084,लहरेपौवा,Q7238382,Laharepauwa,False
128916,कोन्ज्योसोम गाउँपालिका,Q48836550,Konjyosom Rural Municipality,False
108458,मोहाम्मदपुर उपजिल्ला,Q3347547,Mohammadpur Upazila,False
6905,मेन्सेविकहरू,Q191515,Mensheviks,False
131733,छायाँनाथ रारा नगरपालिका,Q55887536,Chhayanath Rara,False
9531,प्रधानमन्त्री,Q14212,Prime minister,False
33475,गिलगित बल्तिस्तान,Q200697,Gilgit-Baltistan,False
140921,वऱ्हाडी बोली,Q155645,Varhadi dialect,False
127357,रामबहादुर लिम्बू,Q7289173,Rambahadur Limbu,False
147472,बोनबिबी,Q892156,Bonbibi,False
77866,जामको मिनार र पुरातात्विक सम्पदा,Q192981,Minaret of Jam,False
147618,सिगा,Q131358,Shiga Prefecture,False
50033,राजवृक्ष,Q161117,Cassia fistula,False
56307,लामपुच्छ्रे बुङ्गेचरा,Q2471281,Fire-tailed sunbird,False
24910,जावी हर्नान्डेज,Q17500,"Xavi (footballer, born 1980)",False
31247,"इनर्वा, सिराहा",Q6013640,"Inarwa, Siraha",False
51928,द ज्याप गन,Q1106283,The Zap Gun,False
4435,सुनसरी जिल्ला,Q28157,Sunsari District,False
98648,२०१८ फिफा विश्वकप समूह घ,Q31189412,2018 FIFA World Cup Group D,False
13411,पुराण,Q188602,Puranas,False
149342,ऋष्यशृङ्ग,Q3049561,Rishyasringa,False
4970,चिलाउने,Q11892727,Schima wallichii,False
29363,जेली फिस,Q30178,Jellyfish,False
132557,धादिङ १ (निर्वाचन क्षेत्र),Q104878109,Dhading 1,False
44991,दिपेन्द्र चौधरी,Q5279721,Dipendra Chaudhary,False
27867,झडेवा,Q3416207,Jhadewa,False
14364,पञ्चकन्यापोखरी,Q3417754,Panchakanya Pokhari,False
100279,बुर्किना फासो महिला राष्ट्रिय फुटबल टोली,Q3590609,Burkina Faso women's national football team,False
111560,फोर्ड मोटर कम्पनी,Q44294,Ford Motor Company,False
100691,जेद्दा,Q374365,Jeddah,False
100053,पिटर क्राउच,Q180939,Peter Crouch,False
148316,किंवदन्ती,Q44342,Legend,False
88246,खलंगामा हमला,Q18387969,Jumla: A Nurse's Story,False
24843,मकालु-बरूण राष्ट्रिय निकुञ्ज,Q964013,Makalu Barun National Park,False
97234,जडि विलियम्स,Q211239,Jody Williams,False
141010,युरोपेली परिषद्,Q8886,European Council,False
15955,गणतन्त्र,Q7270,Republic,False
87424,विजय आनन्द,Q732416,Vijay Anand (filmmaker),False
105753,शिवसिंह मल्ल,Q7532287,Siva Simha Malla,False
147713,कयिन राज्य,Q495342,Kayin State,False
32550,हरिहरपुर बिर्ता,Q3421174,Hariharpur Birta,False
28800,लालमटिया,Q6480528,Lalmitiya,False
56486,घाँसेचरी,Q16799494,Rufous-rumped grassbird,False
105742,उपत्यका,Q39816,Valley,False
46735,अशोक स्तम्भ,Q1153371,Pillars of Ashoka,False
56899,तीनऔँले लाहाँचे,Q1266154,Himalayan flameback,False
80444,वेन्डेल रोड्रिक्स,Q7982477,Wendell Rodricks,False
93142,लिखु पिके गाउँपालिका,Q32568899,Likhupike Rural Municipality,False
27010,लेखर्क,Q3422311,Lekharka,False
139554,पेम्बा तामाङ,Q7161861,Pemba Tamang,False
3748,बिनौना,Q3410467,Binauna,False
45195,बसाइँ (उपन्यास),Q13183844,Basain,False
2179,नेवारी (स्पष्टता),Q7016575,Newar (disambiguation),False
53046,जिब्राल्टार,Q1410,Gibraltar,False
149422,महाभारतमा कृष्ण,Q4241433,Krishna in the Mahabharata,False
71846,टाइम वर्ष व्यक्ति,Q207826,Time Person of the Year,False
44592,मदुरै,Q228405,Madurai,False
12183,देवरिया जिल्ला,Q731746,Deoria district,False
50718,प्रिया कुपर,Q467278,Priya Cooper,False
83013,नाजी पार्टी,Q7320,Nazi Party,False
33102,खारा,Q6400503,"Khara, Nepal",False
61169,जोरथाङ,Q2342106,Jorethang,False
58180,हसना फूल,Q36125,Cestrum nocturnum,False
62647,नेपाल प्रिमियर लिग,Q129176164,Nepal Premier League,False
137645,चिम्से आँखा,Q1135825,Epicanthic fold,False
130370,मोहम्मद बिन रसिद अल मकतुम,Q57655,Mohammed bin Rashid Al Maktoum,False
123579,नथिया (उपन्यास),Q109648796,Nathiya (novel),False
13549,इन्दिरा गान्धी,Q1149,Indira Gandhi,False
56438,सानोतामे ढुकुर,Q145593,Red collared dove,False
69358,अम्ल,Q11158,Acid,False
80221,नेपाल कम्युनिस्ट पार्टी (एकता केन्द्र),Q1778145,Communist Party of Nepal (Unity Centre),False
31307,लगडी गडियानी,Q3417124,Lagadi Gadiyani,False
148687,ङ्याउरो,Q147,Kitten,False
116190,सात हिन्दुस्तानी,Q1378528,Saat Hindustani,False
56385,कैलोकण्ठे डिकुरेभ्याकुर,Q1308348,Rufous-throated wren-babbler,False
143643,रूपा विश्वकर्मा,Q115786201,Rupa Bishwakarma,False
141365,नेपालमा इस्लाम धर्म,Q4115177,Islam in Nepal,False
123967,रुस-युक्रेन युद्ध,Q15860072,Russo-Ukrainian war,False
80910,शेन वार्न,Q555240,Shane Warne,False
100189,बार्बाडोस राष्ट्रिय फुटबल टोली,Q497659,Barbados national football team,False
42846,सुर्खाङ,Q3419022,Surkhang,False
83004,नेहा शर्मा,Q863745,Neha Sharma,False
102279,विकास खवास,Q105941548,Bikash Khawas,False
115242,फिरफिरे घाँस,Q5954269,Hydrangea robusta,False
37319,बुद्ध एयर दुर्घटना ८ असोज २०६८,Q2641878,Buddha Air Flight 103,False
83829,चीन राष्ट्रिय क्रिकेट टोली,Q5100054,China national cricket team,False
74209,उत्तर भारत,Q1058785,North India,False
146547,सुचनाको हक,Q26084,Freedom of information,False
87142,नास्सर,Q3521977,Nassar (actor),False
131736,रोल्पा नगरपालिका,Q65410601,Rolpa Municipality,False
99651,एरन गनरसन,Q781755,Aron Gunnarsson,False
57018,लालमाथा सिरिन,Q621833,Red-fronted serin,False
122512,भारत स्थित संस्कृत विश्वविद्यालयहरूको सूची,Q19749444,List of Sanskrit universities in India,False
52016,द कम्यूटर,Q7727042,The Commuter (short story),False
54455,सारी (स्पष्टता),Q227048,Sari (disambiguation),False
105885,गाहडवाल वंश,Q1147823,Gahadavala dynasty,False
124965,पिट्युटरी ग्रन्थि,Q156871,Pituitary gland,False
120963,२०२०-२०२१ भारतीय किसान आन्दोलन,Q102439127,2020–2021 Indian farmers' protest,False
130099,डोलप्रसाद अर्याल,Q115857182,Dol Prasad Aryal,False
29882,सक्रौल,Q7403078,Sakraula,False
137789,सेन नदी,Q1471,Seine,False
130082,दामोदर भण्डारी,Q17385649,Damodar Bhandari,False
99628,गढवा गाउँपालिका,Q56276418,Gadhawa Rural Municipality,False
64197,मोजिला फायरफक्स,Q698,Firefox,False
137609,जयपाल सिंह मुण्डा,Q1806284,Jaipal Singh Munda,False
74407,द लायन किङ,Q36479,The Lion King,False
56415,घोल कस्दरी,Q1076585,Ruddy-breasted crake,False
95087,भ्रातृत्व,Q996839,Fraternity,False
55208,यौनाङ्ग,Q4620674,Sex organ,False
18021,कुड्डलोर जिल्ला,Q15150,Cuddalore district,False
48569,पालुङ्गो,Q81464,Spinach,False
119232,जुलिया गोल्दानी तेलिस,Q6306436,Julia Goldani Telles,False
83269,मूल्य सिद्धान्त,Q39072,Microeconomics,False
66484,बोधिचित्त,Q21283497,Ziziphus budhensis,False
137513,शासन,Q1553864,Governance,False
102299,गणेश लावती,Q5520838,Ganesh Lawati,False
91509,मुख्तियार,Q31766791,Mukhtiyar,False
23784,पिप्रापश्चिम,Q7002235,Pipra (West),False
38659,भाषाविज्ञान,Q8162,Linguistics,False
77573,सीरियाका विश्व सम्पदा क्षेत्रहरूको सूची,Q4435454,List of World Heritage Sites in Syria,False
111636,"नोट्रे डेम कलेज, ढाका",Q7063389,"Notre Dame College, Dhaka",False
27262,राजापानी,Q3419498,Rajapani,False
80426,२००३ क्रिकेट विश्वकप,Q1139957,2003 Cricket World Cup,False
83016,शिल्पी शर्मा,Q17403438,Shilpi Sharma (actress),False
86551,अविनाश सचदेव,Q12721344,Avinash Sachdev,False
108949,मवदुअ,Q12241539,Mawdoo3,False
15121,माफाल्दा,Q517331,Mafalda,False
102704,फुस्रेकोखे चाँचर,Q2587215,Grey-sided thrush,False
26679,खेसरहिया,Q3414424,Khesarhiya,False
142140,दामथाङ,Q5212982,"Damthang, Sikkim",False
91661,अंशा सयद,Q16232402,Ansha Sayed,False
100690,राेशन,Q1127519,Roshan (telecommunications),False
13077,लुतो,Q167178,Scabies,False
150224,दिउरे,Q7724780,Saucepan,False
31346,रामपुर बिर्ता,Q6783228,"Rampur Birta, Siraha",False
7867,बारा जिल्ला,Q28608,Bara District,False
108446,देवहाटा उपजिल्ला,Q3346770,Debhata Upazila,False
134442,गोन्डी भाषा,Q1775361,Gondi language,False
123149,मेकानिकल इन्जिनियरहरूको सूची,Q985816,List of mechanical engineers,False
94406,म्ह पूजा,Q6826848,Mha Puja,False
122380,इस्टेरियोटाइप,Q167172,Stereotype,False
32140,जोगीमारा,Q3416023,Jogimara,False
58754,एडमण्ड बार्टन,Q23342,Edmund Barton,False
94930,बर्जु गाउँपालिका,Q42896116,Barju Rural Municipality,False
90985,क्याडलिक बिस्ट,Q2745015,United States presidential state car,False
91814,डेक्कन चार्जर्स,Q1181758,Deccan Chargers,False
16391,याज्ञवल्क्य,Q1423663,Yajnavalkya,False
17607,इस्ट इन्डिया कम्पनी,Q83164,East India Company,False
92408,बाग दरबार,Q23043454,Bagh Durbar,False
105328,चित्तौडगढको पतन (१३०३),Q48724683,Siege of Chittorgarh (1303),False
69414,एरिक बेजिग,Q1351105,Eric Betzig,False
100379,एडम स्मिथ (फुटबल खेलाडी),Q59065,"Adam Smith (footballer, born 1991)",False
56570,धर्के जुरेली,Q875866,Striated bulbul,False
8502,सङ्घीयता,Q204886,Federalism,False
100703,जनरल भीमसेन थापा र तत्कालीन नेपाल,Q65396229,General Bhimsen Thapa Ra Tatkalin Nepal,False
143555,२०२५ आईसीसी च्याम्पियन्स ट्रफी,Q110321987,2025 Champions Trophy,False
114657,द डार्क नाइट राइजेज,Q189330,The Dark Knight Rises,False
56985,जुरे बगेडी,Q27076024,Crested bunting,False
85730,फितूर,Q16248394,Fitoor,False
17270,झारखण्डका जिल्लाहरू,Q2668657,List of districts of Jharkhand,False
49478,खजुर,Q14080,Arecaceae,False
88471,ईटानगर,Q41128,Itanagar,False
108162,वाइल्डबेरीज,Q24933714,Wildberries,False
103132,जैविक लिङ्ग,Q290,Biological sex,False
31509,"गुप्तेश्वर, रामेछाप",Q3419284,"Gupteshwar, Ramechhap",False
23460,आङना,Q3421411,Aangna,False
134119,तेलचित्र,Q174705,Oil painting,False
98796,मिरिन्डा,Q568384,Mirinda,False
148475,घृताची,Q12425364,Ghritachi,False
92067,राजीव गान्धी अन्तर्राष्ट्रिय क्रिकेट स्टेडियम,Q7286209,Rajiv Gandhi International Cricket Stadium,False
30338,काभ्रेस्थली,Q6379345,"Kavresthali, Kathmandu",False
61010,उदयसम्शेर राणा,Q15301482,Udaya Shumsher Rana,False
151068,कोरासोन अकिनो,Q1480,Corazon Aquino,False
26323,बरैनीया,Q4858209,Barainiya,False
115512,नेपालमा रहेका कूटनीतिक नियोगहरूको सूची,Q6616474,List of diplomatic missions in Nepal,False
120840,जनवादी गणतन्त्र चीनका राष्ट्रपतिहरूको सूची,Q3093343,List of state representatives of the People's Republic of China,False
2574,दसैँ,Q10379695,Dashain,False
23511,नीर बिरालो,Q1762710,Viverra,False
43484,आगरा,Q42941,Agra,False
51578,द लिस्टर्डेल मिस्ट्री,Q1371958,The Listerdale Mystery,False
12987,चुलेत्रो,Q4957899,Brassaiopsis hainla,False
37117,एन्टिबायोटिक,Q12187,Antibiotic,False
53366,सानो ताप्रे,Q2739004,Senna tora,False
56226,लखन थापा मगर,Q6479494,Lakhan Thapa,False
149031,सुलभ खरेल,Q138786596,Sulabh Kharel,False
115544,लेडी (समूह),Q6469903,Lady (group),False
87449,गोविन्द निहलानी,Q3112826,Govind Nihalani,False
148965,मङ्गल (ज्योतिष),Q2849275,Mangala,False
85152,सुनील सेट्टी,Q983043,Suniel Shetty,False
95901,शक्ति समूह,Q17141804,Shakti Samuha,False
118844,पारलैङ्गिक व्यक्तिहरूको सूची,Q2062354,List of transgender people,False
33616,रविन्द्र प्रताप शाह,Q19682956,Rabindra Pratap Shah,False
55042,गङ्नम स्टाइल,Q890,Gangnam Style,False
102014,हेलो नेपाल,Q5708833,Hello Nepal,False
8637,नेपाल दूरसञ्चार प्राधिकरण,Q13182761,Nepal Telecommunications Authority,False
58590,ब्याकस्ट्रीट ब्वाईज,Q17140,Backstreet Boys,False
103123,विषुपहिरणी,Q486680,Transvestism,False
7494,स्वरवर्ण,Q36244,Vowel,False
99014,क्रिस्टल प्यालेस फुटबल क्लब,Q19467,Crystal Palace F.C.,False
96272,सहिदभूमि गाउँपालिका,Q51819394,Shahidbhumi Rural Municipality,False
56288,नादुन हाँस,Q839542,Indian spot-billed duck,False
97578,वेल्डिङ,Q131172,Welding,False
139806,सिस्तानी मानिसहरू,Q4121859,Sistani Persians,False
77750,डेनमार्कका विश्व सम्पदा क्षेत्रहरूको सूची,Q2092459,List of World Heritage Sites in Denmark,False
125108,सुशीला कोइराला,Q107338076,Sushila Koirala,False
126881,बालक,Q7569,Child,False
91419,मलौमा,Q12244275,Malouma,False
120543,वन्डर वुमन (२०१७ चलचित्र),Q20502242,Wonder Woman (2017 film),False
17992,बगलकोट जिल्ला,Q1910231,Bagalkot district,False
29724,नस्रही,Q3423548,Narsahi,False
146511,सूचना तथा सञ्चार प्रविधि,Q5268834,Information and communications technology,False
107635,कक्सबाजार जिल्ला,Q1122278,Cox's Bazar District,False
74938,जबरजस्ती वेश्यावृत्ति,Q2667359,Forced prostitution,False
30693,उर्मा,Q3427758,Urma,False
70368,वर्ग फलन,Q60963388,Single-variable quadratic function,False
134575,पश्चिमी उत्तर प्रदेश,Q7988418,Western Uttar Pradesh,False
100376,ग्वाटेमाला महिला राष्ट्रिय फुटबल टोली,Q1552940,Guatemala women's national football team,False
121855,मीनाक्षी लेखी,Q15113996,Meenakshi Lekhi,False
144059,खजुरो,Q43447,Centipede,False
121834,दुर्गा मल्ल,Q5316382,Durga Malla,False
44992,विनोद भण्डारी,Q13186084,Binod Bhandari,False
121837,लुम्बिनी प्रदेश सभा,Q55630705,Lumbini Provincial Assembly,False
14042,चेरापूँजी,Q211030,Cherrapunji,False
135573,राथोङ हिमनदी,Q7295680,Rathong Glacier,False
133089,भगत सिंह,Q377808,Bhagat Singh,False
121230,मानव विकास सूचकाङ्क अनुसार देशहरूको सूची,Q176793,List of countries by Human Development Index,False
5062,"कानुन, न्याय तथा संसदीय मामिला मन्त्रालय (नेपाल)",Q19671248,"Ministry of Law, Justice and Parliamentary Affairs (Nepal)",False
3553,लुभ्र,Q19675,Louvre,False
99579,मेसिन गन केलि (र्‍यापर),Q1354843,MGK,False
121954,महामहिम,Q1067610,Excellency,False
29661,कार्कीगाउँ,Q6371327,Karkigaun,False
31320,सुखचिना,Q3422847,Sukhachina,False
57094,श्वेत जलरङ्क,Q58958,Sanderling,False
86946,सलीम-सुलेमान,Q3124942,Salim–Sulaiman,False
59257,नेपालमा निर्वाचन,Q5354774,Elections in Nepal,False
97811,स्पुतनिक-१,Q80811,Sputnik 1,False
100056,बोत्स्वाना महिला राष्ट्रिय फुटबल टोली,Q3067093,Botswana women's national football team,False
23496,"पञ्चमी, पाँचथर",Q7130269,"Panchami, Panchthar",False
117090,करौँदा,Q1036374,Carissa carandas,False
77618,क्लेर होल्ट,Q4189,Claire Holt,False
142193,शेराथाङ,Q7494668,Sherathang,False
146563,गुरु दत्त,Q149136,Guru Dutt,False
92081,केदार जाधव,Q6382528,Kedar Jadhav,False
92336,पल शाह,Q31767117,Paul Shah,False
148782,भीष्मक,Q4100813,Bhishmaka,False
26233,फोप्ली,Q3428333,Phopli,False
80952,एल्ली सिडी,Q253513,Ally Sheedy,False
23827,"रौतहट, सप्तरी",Q3416615,Rautahat,False
51135,इन कस्टडी (उपन्यास),Q606184,In Custody (novel),False
100746,जफाराबाद जिल्ला,Q595921,Jafarabad District,False
102717,सन्दीप जोरा,Q61741838,Sundeep Jora,False
87704,मृत सागर,Q23883,Dead Sea,False
14741,लक्ष्मी परियार,Q66763457,Laxmi Pariyar,False
127876,नवराज लम्साल,Q114115250,Naba Raj Lamsal,False
119074,शिक्षण व्यवस्थापन प्रणाली,Q694007,Learning management system,False
26666,इन्टर मिलान,Q631,Inter Milan,False
23323,डाँगीबारी,Q3411377,Dangibari,False
23927,धिमाल जाति,Q3350553,Dhimal,False
99815,बायर ०४ लिभरकुसेन,Q104761,Bayer 04 Leverkusen,False
64243,दमौली,Q3412233,Dhamauli,False
37123,वीरेन्द्र वीरविक्रम शाह,Q162306,Birendra of Nepal,False
141564,सोह्रखुट्टे,Q107646062,Sorhakhutte,False
81041,करवा चौथ,Q2667872,Karva Chauth,False
17379,तृप्ती नदाकर,Q7843809,Tripti Nadakar,False
3125,महाभारत,Q8276,Mahabharata,False
140091,नेसनल गार्ड,Q349572,National guard,False
122907,ताप्ती नदी,Q707056,Tapti River,False
81140,क्याल्भिन ह्यारिस,Q81637,Calvin Harris,False
33123,रन्मामैकोट,Q7293368,Ranmamekot,False
83863,दक्षिण कोरिया राष्ट्रिय क्रिकेट टिम,Q7567696,South Korea national cricket team,False
100044,थाइल्यान्ड महिला राष्ट्रिय फुटबल टोली,Q2063760,Thailand women's national football team,False
3983,चौखावाङ,Q3412396,Chokhawang,False
103939,जुजेप्पे कोन्ते,Q53844829,Giuseppe Conte,False
134153,जाफना राज्य,Q1311219,Jaffna kingdom,False
6398,इनरुवा नगरपालिका,Q2465447,Inaruwa Municipality,False
139208,भवन,Q41176,Building,False
31782,अन्धविश्वास,Q133182,Superstition,False
126044,चुरे गाउँपालिका,Q97167721,Chure Rural Municipality,False
31281,फुलबरिया,Q3412509,Fulbariya,False
27214,ऐँसेलुखर्क,Q4697479,Ainselu Kharka,False
100024,इङ्ल्यान्ड यू-१९ राष्ट्रिय फुटबल टिम,Q2358861,England national under-19 football team,False
92823,बारपाक सुलिकोट गाउँपालिका,Q30317166,Barpak Sulikot Rural Municipality,False
79505,नरदेवी मन्दिर,Q25620593,Naradevi Temple,False
90390,भागीरथी नदी,Q170218,Bhagirathi River,False
51585,थ्री ब्लाइन्ड माइस एन्ड अदर स्टोरिज,Q2307329,Three Blind Mice and Other Stories,False
31604,"ज्यामिरे, ओखलढुङ्गा",Q7484782,"Jyamire, Okhaldhunga",False
3277,सुवर्णखाल,Q3416585,Subarnakhal,False
103059,मार्केट डेप्थ,Q1419119,Market depth,False
18168,एगरा उपविभाग,Q5348252,Egra subdivision,False
101345,पञ्चगढ जिल्ला,Q2367822,Panchagarh District,False
108497,नुसरात इमरोज तिशा,Q15300228,Nusrat Imrose Tisha,False
91757,फिलिपिन्स राष्ट्रिय फुटबल टोली,Q219854,Philippines national football team,False
32363,कोटबारा,Q6433902,Kotbara,False
130290,जिग्मे पाल्देन दोर्जी,Q864108,Jigme Palden Dorji,False
122326,नेपाल आयल निगम लिमिटेड,Q6994376,Nepal Oil Corporation,False
23397,वारङ्गी,Q3419002,Warangi,False
100572,असिर प्रान्त,Q779855,Asir,False
12104,कृष्ण,Q42891,Krishna,False
137986,अफ्रिकी विकास बैङ्क,Q340195,African Development Bank,False
31737,अन्तरिक्षीय अभियान्त्रिकी,Q211485,Space technology,False
7046,भद्रपुर विमानस्थल,Q620047,Bhadrapur Airport,False
54658,जगदीश घिमिरे,Q13181120,Jagadish Ghimire,False
31808,सोरहवा,Q3414620,Sorhawa,False
131832,गढीमाई नगरपालिका,Q60763160,"Gadhimai, Rautahat",False
80939,टलकजङ भर्सेज टुल्के,Q20993883,Talakjung vs Tulke,False
91882,विद्युतीय अपराध,Q29137,Cybercrime,False
86586,भूमि पेडनेकर,Q19664326,Bhumi Pednekar,False
106528,सातफरी,Q3424811,Satphari,False
122160,छेपारो (लघुकथा),Q5824166,The Chameleon (short story),False
122147,२०२१ कोपा अमेरिका,Q58039558,2021 Copa América,False
140035,छनौट प्रजनन,Q995745,Selective breeding,False
91875,गाउँपालिका,Q29467088,Rural municipality (Nepal),False
79730,अन्तर्राष्ट्रिय हवाई यातायात सङ्गठन विमानस्थल कोड,Q192824,IATA airport code,False
121090,नारायण भक्त श्रेष्ठ,Q105677072,Narayan Bhakta Shrestha,False
67778,माइकल फेल्प्स,Q39562,Michael Phelps,False
12141,मैनपुरी जिल्ला,Q1816657,Mainpuri district,False
9222,फिजी,Q712,Fiji,False
124058,नेपाल कम्युनिस्ट पार्टी (२०७५–२०७७),Q53700514,Nepal Communist Party,False
3241,अप्टिकल फाइबर,Q162,Optical fiber,False
55831,सैजन,Q234193,Moringa oleifera,False
7013,योसेफ वेइडेमेयर,Q216162,Joseph Weydemeyer,False
32545,पोखरीया नगरपालिका,Q7208654,"Pokhariya, Nepal",False
90673,कुनिगल रामानाथ,Q23806324,Kunigal Ramanath,False
101493,जयद्रथ,Q2381146,Jayadratha,False
9530,राष्ट्रपति,Q30461,President (government title),False
75443,अमेरिकी कालो भालु,Q122783,American black bear,False
56334,निगाले बाँदरचरी,Q27075563,Fulvous parrotbill,False
44984,महबुब आलम,Q6732722,Mehboob Alam (cricketer),False
35829,महारानी भिक्टोरिया,Q9439,Queen Victoria,False
123683,विमला विक,Q66363407,Bimala B.K.,False
102116,जलसन्धि,Q37901,Strait,False
86249,दक्षिण एसियाली खेलकुद १९८७,Q1186033,1987 South Asian Games,False
35234,असमिया भाषा,Q29401,Assamese language,False
117242,प्राणी वर्गीकरण विज्ञान,Q8269924,Taxonomy (biology),False
100911,खैबर पख्तुनख्वा,Q183314,Khyber Pakhtunkhwa,False
23847,कुमाल जाति,Q28183854,Kumal people,False
12910,बाज,Q846664,Hawk,False
45813,बालकुमारी कलेज,Q13183943,Balkumari College,False
148510,द लिटिल मरमेड (मूर्ति),Q214619,The Little Mermaid (statue),False
43372,अन्नपूर्ण संरक्षण क्षेत्र,Q2982581,Annapurna Conservation Area,False
58190,शल्य प्रसव,Q228036,Caesarean section,False
33408,"सल्यान, कास्की",Q7210858,"Salyan, Kaski",False
78444,निसाको पार्थियन गढीहरू,Q854672,"Nisa, Turkmenistan",False
12151,राजवंशी जाति,Q13185342,Rajbanshi,False
6943,समाजवादी विरुद्ध असाधारण कानुन,Q693331,Anti-Socialist Laws,False
52832,क्रिसमस टापु,Q31063,Christmas Island,False
101372,नापोली,Q2634,Naples,False
26900,"वसन्तपुर, सुनसरी",Q4866239,"Basantapur, Sunsari",False
119036,प्रेस स्वतन्त्रता अनुक्रमणिका,Q1067271,World Press Freedom Index,False
144261,२०२५ पाकिस्तान सुपर लिग,Q131374997,2025 Pakistan Super League,False
138549,रेन्मिन्बी,Q39099,Renminbi,False
9302,ग्रह,Q634,Planet,False
14192,लघुकथा,Q49084,Short story,False
24860,पाण्डा,Q33602,Giant panda,False
43137,पराजुली,Q37123572,Parajuli,False
27163,आँपटार,Q3421642,Aaptar,False
43959,दासढुङ्गा (चलचित्र),Q16256471,Dasdhunga,False
1636,सरकार,Q7188,Government,False
135556,लाचुङ नदी,Q6468622,Lachung River,False
15800,नाडि,Q228537,Forearm,False
7623,हस्तिनापुर,Q459714,Hastinapur,False
14353,इवा,Q13403145,"Iwa, Nepal",False
12166,प्रतापगढ जिल्ला,Q1027118,"Pratapgarh, Uttar Pradesh",False
77587,सुपर फाइट लीग,Q7642337,Super Fight League,False
46409,कुन्ती,Q844424,Kunti,False
79009,टोङ्गारिरो राष्ट्रिय निकुञ्ज,Q202845,Tongariro National Park,False
103612,जितामित्र मल्ल,Q6203234,Jitamitra Malla,False
116322,बेल नक्स,Q18156651,Belle Knox,False
128843,निर्वाचन क्षेत्र निर्धारण आयोग,Q48970649,"Constituency Delimitation Commission, Nepal",False
15110,गरम मसला,Q14624,Garam masala,False
100557,रोबर्ट ग्रिन,Q200770,Robert Green,False
147740,इरावती नदी,Q26076,Irrawaddy River,False
43543,अति उच्च आवृति,Q152466,Very high frequency,False
29538,खड्गभञ्ज्याङ,Q6398830,Khadag Bhanjyang,False
3839,चन्द्रोदयपुर,Q3415722,Chandrodayapur,False
104262,मदन शमशेर जङ्गबहादुर राणा,Q22006496,Madan Shumsher Jung Bahadur Rana,False
12827,क्रिकेटमा प्रयोग हुने शब्दावली,Q3178987,Glossary of cricket terms,False
83970,कुशाल टन्डन,Q6447877,Kushal Tandon,False
64674,शिवलिङ्ग,Q468895,Lingam,False
91070,मयूर नाच,Q18207270,Peacock dance,False
27071,"ज्यामिरे, सिन्धुपाल्चोक",Q6319312,"Jyamire, Sindhupalchok",False
56859,घाउँके हावासील,Q180360,Spot-billed pelican,False
23749,काचन,Q3428455,"Kachan, Nepal",False
79182,यरूशलेमको हिब्रू विश्वविद्यालय,Q174158,Hebrew University of Jerusalem,False
129712,विशाल भट्टराई,Q60735897,Bishal Bhattarai,False
2784,सल्यान जिल्ला,Q28571,"Salyan District, Nepal",False
51995,द फादर-थिङ्ग (संग्रह),Q7733543,The Father-Thing (collection),False
108308,आनु मुहाम्मद,Q4777686,Anu Muhammad,False
4053,डाँडाखाली,Q3410452,Dandakhali,False
23714,"बानेश्वर, सङ्खुवासभा",Q3423396,"Baneshwar, Sankhuwasabha",False
26773,खाण्डेश्वरी,Q3416057,Khandeshwari,False
108176,मामिनुल इसलाम,Q10517191,Mamunul Islam,False
61179,पामेला,Q2048624,"Pamela; or, Virtue Rewarded",False
32560,बिरन्चीबरवा,Q3411924,Biranchibarba,False
85614,१९१२ ग्रीष्मकालीन ओलम्पिक,Q8118,1912 Summer Olympics,False
26974,खाटम्मा,Q3427323,Khatamma,False
139213,बाघे माउसुली,Q256860,Leopard gecko,False
113245,इस्लामाबाद,Q1362,Islamabad,False
144626,माहिष्य,Q6734125,Mahishya,False
26994,नेपालेडाँडा,Q3418994,Nepaledanda,False
47545,राष्ट्रिय जनमोर्चा,Q4589354,Rastriya Janamorcha,False
103887,वीरकेशर पाँडे,Q97460504,Bir Keshar Pande,False
100452,स्कट पार्कर,Q213989,Scott Parker,False
82847,२०१८ अन्डर-१९ क्रिकेट विश्वकप,Q22916383,2018 Under-19 Cricket World Cup,False
135696,पदम खोला लघु जलविद्युत केन्द्र,Q104879725,Padam Khola Small Hydropower Station,False
108579,कानु सन्याल,Q2573793,Kanu Sanyal,False
52326,सिसौ,Q1157813,Dalbergia sissoo,False
105886,कन्नौज,Q614890,Kannauj,False
9167,निष्ठानन्द बज्राचार्य,Q3420442,Nisthananda Bajracharya,False
89109,ननिता महर्जन,Q27987790,Nanita Maharjan,False
50562,लस भेगस,Q23768,Las Vegas,False
56891,छिर्के कुथुर्के,Q27074835,Lineated barbet,False
51625,द वार्निङ्ग (एनिमर्फ्स),Q7773572,The Warning (novel),False
51988,सेकन्ड भेराइटी (१९९१ संग्रह),Q17031765,Second Variety (1991 collection),False
10731,खरिगैरा,Q3412338,Kharigaira,False
93100,रोहन मार्ली,Q1939373,Rohan Marley,False
137662,जयप्रकाश नारायण,Q734509,Jayaprakash Narayan,False
27583,"मङ्गलटार, काभ्रेपलाञ्चोक",Q6748738,"Mangaltar, Kavrepalanchok",False
17169,बर्लिन,Q64,Berlin,False
26214,ओखरकोट,Q3418471,Okharkot,False
79208,गोकर्णेश्वर नगरपालिका,Q20809757,Gokarneshwor,False
64928,समर (सन् १९९९को चलचित्र),Q7408772,Samar (1999 film),False
141515,शेरधन राई मन्त्रिपरिषद्,Q104878665,Sher Dhan Rai cabinet,False
131150,विराम चिह्न,Q82622,Punctuation,False
29764,त्रिवेणी सुस्ता,Q3416415,Tribenisusta,False
17176,किल,Q1707,Kiel,False
65112,जवा कुसुम,Q157124,Hibiscus,False
23275,विशङ्खुनारायण,Q3412439,Bisankhunarayan,False
13104,तोफु,Q177378,Tofu,False
83413,शास्त्रीय अर्थशास्त्र,Q271857,Classical economics,False
31535,एएफसी प्रेसिडेन्ट कप,Q291863,AFC Challenge League,False
5015,नाम्सालिङ,Q2532973,Namsaling,False
135042,सञ्जयकुमार गौतम,Q17385949,Sanjay Kumar Gautam,False
148284,वनझाँक्री र बनझँक्रिनी,Q4855838,Banjhakri and Banjhakrini,False
135330,भुवन कुमार पाठक,Q116730682,Bhuwan Kumar Pathak,False
82688,अङ्गुरबाबा जोशी,Q22975584,Angur Baba Joshi,False
128582,"पारो, भुटान",Q862041,"Paro, Bhutan",False
136032,लेखनाथ दाहाल,Q115868316,Lekh Nath Dahal,False
57097,लामाऔंले जलरङ्क,Q845969,Long-toed stint,False
53048,शनि ग्रह (ज्योतिषशास्त्र),Q1296733,Shani,False
134895,जैन साहित्य,Q17006151,Jain literature,False
68422,घर्षण,Q82580,Friction,False
42900,पोलो,Q134211,Polo,False
128831,ठकुरी वंश,Q109236308,Thakuri dynasty,False
50035,दूबो,Q208705,Cynodon dactylon,False
136929,ज्येष्ठ नागरिक,Q1358789,Senior citizen,False
151089,स्टेफनी मिकम्यान,Q842633,Stephanie McMahon,False
111300,मनोहरा दरबार,Q24930323,Manohara Durbar,False
2596,विकि,Q171,Wiki,False
9145,अलौ पर्व,Q106284661,Battle of Alau,False
110958,लद्दाखी भाषा,Q35833,Ladakhi language,False
125289,घनश्याम खतिवडा,Q59726668,Ghanashyam Khatiwada,False
105652,बडी चलचित्र,Q663106,Buddy film,False
128999,जोङ्खा विकास आयोग,Q5320017,Dzongkha Development Commission,False
124997,डडेल्धुरा १ (निर्वाचन क्षेत्र),Q104875663,Dadeldhura 1,False
122311,हिउरिस्टिक,Q201413,Heuristic,False
67214,भारत-नेपाल शान्ति तथा मैत्री सन्धि,Q16986110,India–Nepal Treaty of Peace and Friendship,False
77470,श्रीलङ्काका विश्व सम्पदा क्षेत्रहरूको सूची,Q3917806,List of World Heritage Sites in Sri Lanka,False
92617,रैनादेवी छहरा गाउँपालिका,Q30307733,Rainadevi Chhahara Rural Municipality,False
99461,ओमर हसावी,Q3248924,Omar Hawsawi,False
5935,जहदा,Q3412951,Jahada,False
74093,शाण्डिल्योपनिषद,Q12453936,Shandilya Upanishad,False
3729,बिहादी रानीपानी,Q3412530,Bihadi Ranipani,False
17160,उत्तरी राइन,Q1198,North Rhine-Westphalia,False
30454,"रामनगर, कपिलवस्तु",Q7210875,"Ramnagar, Kapilvastu",False
81097,हेलेन मिर्रेन,Q349391,Helen Mirren,False
81874,धामीझाँक्री,Q42042,Shamanism,False
145409,अफगानिस्तानमा महिला,Q1528559,Women in Afghanistan,False
130893,खागो मौरी,Q840434,Apis dorsata,False
108584,कामिनी राय,Q3347319,Kamini Roy,False
26746,"लक्ष्मीनिया, रौतहट",Q6505270,"Lakshminiya, Rautahat",False
26702,पथरा बुधराम,Q3422893,Pathara Budharampur,False
66315,एज्नेज मो,Q1362169,Agnez Mo,False
30989,करौता,Q3427346,Karauta,False
132007,कोपेन जलवायु वर्गीकरण,Q124095,Köppen climate classification,False
108861,ताइवान तारा दूरसञ्चार,Q4006966,Taiwan Star Telecom,False
114277,अला वैकुन्ठपुरमलो,Q65057760,Ala Vaikunthapurramuloo,False
26330,भतौडा,Q4901393,Bhatauda,False
51620,द भिजिटर (एनिमर्फ्स),Q7772904,The Visitor (Applegate novel),False
76330,कबड्डी,Q148636,Kabaddi,False
77895,जेन्नेको पुरानो सहरहरू,Q683632,Great Mosque of Djenné,False
138081,"कानून, न्याय तथा संसदीय मामिला मन्त्री (नेपाल)",Q109747502,"Minister of Law, Justice and Parliamentary Affairs (Nepal)",False
43116,सिग्देल,Q60364326,Sigdel,False
15921,शाकाहार,Q83364,Vegetarianism,False
74766,पर्थ,Q3183,Perth,False
57719,लामपुच्छ्रे रूखमुसो,Q1767950,Asiatic long-tailed climbing mouse,False
119256,टम हार्डी,Q208026,Tom Hardy,False
96927,अर्जुन कार्की,Q4791566,Arjun Karki,False
61994,नाफा नोक्सान हिसाब,Q243460,Income statement,False
74575,नागरिक समाज,Q181865,Civil society,False
29012,राईगाउँ,Q3417873,Raigaun,False
29677,"डाँडागाउँ, जाजरकोट",Q5215648,"Dandagaun, Jajarkot",False
85791,छोटा भीम,Q3530198,Chhota Bheem,False
100399,१९९१ फिफा महिला विश्वकप,Q459419,1991 FIFA Women's World Cup,False
26914,कुरुलेतेनुपा,Q11751364,Kuruletenupa,False
52058,द हुड मेकर,Q13182171,The Hood Maker,False
26250,वेलबास,Q4882025,Belbas,False
12425,एकलव्य,Q1987473,Ekalavya,False
108742,कालिम्पोङ जिल्ला,Q28769140,Kalimpong district,False
81055,रेचल बिल्सन,Q220949,Rachel Bilson,False
143666,शोभा ज्ञवाली,Q115857194,Shobha Gyawali,False
106921,लामो पुच्छ्रे कोइली,Q1269217,Long-tailed koel,False
87146,मोहम्मद,Q9458,Muhammad,False
150915,योगिन मा,Q8054412,Yogin Ma,False
15908,काँस (मिश्रधातु),Q34095,Bronze,False
127734,राजाराज प्रथम,Q2128757,Rajaraja I,False
8845,गमगढी,Q3757993,Gamgadhi,False
131737,ईशनाथ नगरपालिका,Q60763182,"Ishanath, Rautahat",False
17367,मेलिना मानन्धर,Q6812434,Melina Manandhar,False
27517,होक्सेबजार,Q3427613,Hokse Bazar,False
101333,रुद्राष्टकम्,Q7377530,Rudrashtakam,False
148333,रोजे,Q27655344,Rosé (singer),False
92635,बौदीकाली गाउँपालिका,Q30123743,Baudikali Rural Municipality,False
63509,बद्रीनाथ मन्दिर,Q799695,Badrinath Temple,False
100319,ज्याकव ब्रुन लार्सन,Q26221634,Jacob Bruun Larsen,False
48352,भरत (रामायण),Q1978615,Bharata (Ramayana),False
30970,मानपकडी,Q7346838,Man Pakadi,False
52030,द क्रिस्टल क्राइप्ट,Q7728329,The Crystal Crypt,False
97045,चौरा भाषा,Q2605680,Chaura language,False
56516,पातसिउने फिस्टो,Q795556,Common tailorbird,False
32300,ज्यामरुककोट,Q3423829,Jyamrukot,False
102594,शैलेश लोढा,Q7462469,Shailesh Lodha,False
114750,अश्लील चलचित्र स्टुडियोहरूको सूची,Q3254783,List of pornographic film studios,False
140026,सेतो फस्फोरस (गोला बारुद),Q24629374,White phosphorus munition,False
56705,फुस्रे चाँचर,Q1585735,Tickell's thrush,False
133092,मोहनबहादुर बस्नेत,Q17523786,Mohan Bahadur Basnet,False
9914,कट्टी,Q3412426,Katti,False
135618,चतरा जलविद्युत केन्द्र,Q104879738,Chatara Hydropower Station,False
104286,बिली के,Q3808158,Jessie McKay,False
44724,लखीमपुर,Q2088889,North Lakhimpur,False
62565,नाङ्लो,Q15751187,Nanglo,False
88893,ओमविक्रम राणा,Q16733736,Om Bikram Rana,False
69094,व्यवस्थापन लेखाविधि,Q2990807,Management accounting,False
4327,उ,Q12415996,U (Indic),False
78092,जेम्स टापु (गाम्बिया),Q213188,Kunta Kinteh Island,False
2035,यात्रा,Q61509,Travel,False
115786,लियोनिद ब्रेझनेभ,Q765165,Leonid Brezhnev,False
4154,तरल,Q11435,Liquid,False
98857,सुजुकी,Q181642,Suzuki,False
141877,बङ्गाली संस्कृति,Q5193531,Culture of Bengal,False
124461,ॐ नमः शिवाय,Q1968177,Om Namah Shivaya,False
88467,कोहिमा,Q234056,Kohima,False
30123,उपग्रही घेरा,Q179792,Planetary ring,False
130832,आक्रामक प्रजाति,Q183368,Invasive species,False
80896,पपुवा न्युगिनी अन्डर-१९ राष्ट्रिय क्रिकेट टोली,Q7133169,Papua New Guinea national under-19 cricket team,False
119911,रायन रेनल्ड्स,Q192682,Ryan Reynolds,False
113718,रिप्ले (जेन्डेयाको गीत),Q13929275,Replay (Zendaya song),False
128517,मस्यौरा,Q6782752,Masaura,False
99675,सान मारिनो राष्ट्रिय फुटबल टोली,Q185350,San Marino national football team,False
2795,माइक्रोसफ्ट,Q2283,Microsoft,False
53465,न्युरेनी ताल,Q18391865,Neureni Lake,False
16674,तिथि,Q1427958,Tithi,False
30991,थुमहवा पिप्रहवा,Q3426718,Thumhawa Piprahawa,False
31756,भण्डारा,Q4900965,"Bhandara, Nepal",False
31943,भुवनेश्वरी ग्वालटार,Q4902316,Bhuwaneshwar Gwaltar,False
138017,कलाविधा,Q2018526,The arts,False
26732,प्रेमपुर गोनाही,Q3417811,Prempur Gunahi,False
80900,पाकिस्तान अन्डर-१९ राष्ट्रिय क्रिकेट टोली,Q7125729,Pakistan national under-19 cricket team,False
129086,महोत्तरी १ (निर्वाचन क्षेत्र),Q104881723,Mahottari 1,False
28050,जुविथा,Q6301762,Jubika,False
122901,माकेमाके,Q604,Makemake,False
27519,कलाँती भूमिडाँडा,Q3419661,Kalati Bhumidanda,False
106521,काजिन सारा ताल,Q67913916,Kajin Sara Lake,False
120836,मुस्कान खातुन,Q105812545,Muskan Khatun,False
126681,अपिहिमाल गाउँपालिका,Q65410115,Apihimal Rural Municipality,False
56410,हिउँजुरे तोरीगाँडा,Q862812,White-crested laughingthrush,False
54331,सुवास खकुरेल,Q12912915,Subash Khakurel,False
115892,संसारको सबैभन्दा शक्तिशाली व्यक्तिहरूको फोर्ब्स सूची,Q1027574,Forbes list of the World's Most Powerful People,False
51146,द पेन्टर अफ साइन्स,Q7755917,The Painter of Signs,False
35168,नागदह,Q6958740,Nagdaha,False
99298,असंलग्न आन्दोलन,Q83201,Non-Aligned Movement,False
99636,एफसी पोर्तो,Q128446,FC Porto,False
27881,मस्याम,Q3419595,Masyam,False
106687,रत्नबहादुर विष्ट,Q68396545,Ratna Bahadur Bista,False
4064,धनसिंहपुर,Q3412066,Dansinhapur,False
8301,मयूर,Q201251,Peafowl,False
1887,मोजाम्बिक,Q1029,Mozambique,False
85416,२०१५ बङ्गबन्धु गोल्ड कप,Q18760414,2015 Bangabandhu Cup,False
83437,जुडी फोस्टर,Q41351,Jodie Foster,False
8233,धवलागिरि,Q85952064,Dhaulagiri (disambiguation),False
28844,"मानपुर, दाङ",Q6973635,"Manpur, Dang",False
65468,मराकाना स्टेडियम,Q155174,Maracanã Stadium,False
144667,अल्चोन हुण,Q21050766,Alchon Huns,False
61706,जया बच्चन,Q464932,Jaya Bachchan,False
9421,चीनको विशाल पर्खाल,Q12501,Great Wall of China,False
48443,एबि वामब्याक,Q233112,Abby Wambach,False
122041,पाकिस्तानको प्रशासनिक एकाइ,Q270496,Administrative units of Pakistan,False
7410,चीनका प्रदेशहरू,Q1615742,Provinces of China,False
94691,"प्रतिनिधि सभा निर्वाचन, २०७४",Q37776360,2017 Nepalese general election,False
87271,प्राण (अभिनेता),Q3111264,Pran (actor),False
86592,युइएफए युरो १९७२,Q182386,UEFA Euro 1972,False
36003,सेतो प्यागोडा,Q4453089,Tayuan Temple,False
137925,अल्लुरी सीतारामराजु जिल्ला,Q110714850,Alluri Sitharama Raju district,False
138349,बुक्सा भाषा,Q20983638,Buksa language,False
131575,भारतीय रुपैयाँ,Q80524,Indian rupee,False
48493,अटिज्म,Q38404,Autism,False
136880,बगिया,Q60743922,Bagiya,False
128784,देवताल गाउँपालिका,Q60766134,Devtal Rural Municipality,False
99831,बोरुसिया मुन्सेन ग्लाडबाख,Q101959,Borussia Mönchengladbach,False
148997,स्मार्त,Q558585,Smarta tradition,False
100173,एस्ली योङ,Q10602,Ashley Young,False
46007,माइकल क्लार्क,Q1428440,Michael Clarke (cricketer),False
150054,हरियो गर्भिणी,Q4902963,Burara vasutana,False
94656,नायरा बनर्जी,Q6727547,Nyrraa M Banerji,False
55142,मुख मैथुन,Q2122,Oral sex,False
129409,कोलोरेक्टल पोलिप,Q1209892,Colorectal polyp,False
34035,तीनदोबाटे,Q3422027,Tindobate,False
135865,लखनदेई नदी,Q3695355,Lakhandei River,False
75609,विश्व रंगमञ्च दिवस,Q2076105,World Theatre Day,False
15237,सुदर्शन बराल,Q19713650,Sudarshan Baral,False
143632,माया राई,Q115776372,Maya Rai,False
149461,सञ्जीवनी,Q7418529,Sanjivani (Hinduism),False
26940,सान्ने,Q7418840,"Sanne, Nepal",False
23383,मझारे,Q3416471,Majhare,False
129753,मुनामदन (चलचित्र),Q47464951,Muna Madan (film),False
32525,उदयपुर घुर्मी,Q7676970,Udaypur Dhursi,False
137786,अमुर नदी,Q6862,Amur,False
126345,मणिबन्ध,Q185706,Wrist,False
54092,अण्ड दान,Q1115376,Egg donation,False
100199,ग्रिनाडा राष्ट्रिय फुटबल टोली,Q270666,Grenada national football team,False
147197,भुटानका हिमालहरू,Q6925698,Mountains of Bhutan,False
47880,ला निना,Q642867,La Niña,False
51044,साइना नेहवाल,Q464311,Saina Nehwal,False
140029,नेपालमा मृत्युदण्ड,Q16918375,Capital punishment in Nepal,False
61787,शिल्पा सेट्टी,Q270665,Shilpa Shetty,False
3279,बाँगी,Q4855164,"Bangi, Nepal",False
64320,कृत्रिम,Q14623823,Artificiality,False
137751,कम्तिमा १० करोड सक्रिय प्रयोगकर्ताहरू भएका सामाजिक सञ्जाहरूको सूची,Q96390223,List of most popular social platforms,False
44089,सान्तोस फुटबल क्लब,Q80955,Santos FC,False
99465,ललित सिंह भण्डारी,Q44789012,Lalit Bhandari,False
56483,सेतोकण्ठे गौँथली,Q31769,White-throated needletail,False
50685,मदनमणि दीक्षित,Q19682202,Madan Mani Dixit,False
106934,विकर्ण,Q7929388,Vikarna,False
80030,बेदकोट नगरपालिका,Q23067975,Bedkot,False
131138,प्रश्न चिह्न,Q11169,Question mark,False
49417,कारमेन लुभाना,Q225218,Carmen Luvana,False
2354,स्वस्थ,Q12147,Health,False
33206,सूर्यपाल,Q3420392,Suryapal,False
80442,मिला जोभोभिच,Q170576,Milla Jovovich,False
58738,स्टेफेन हार्पर,Q206,Stephen Harper,False
28664,कार्मन रेखा,Q275565,Kármán line,False
27585,सानोवाङथली,Q3427854,Sanowangthali,False
135402,भारतका नामहरू,Q3087336,Names of India,False
17579,पन्चकुला जिल्ला,Q1898143,Panchkula district,False
72384,श्रद्धा कपुर,Q15055683,Shraddha Kapoor,False
135632,दरौंदी ए जलविद्युत केन्द्र,Q104873204,Daraudi A Hydropower Plant,False
23821,रामपुर मल्हनियाँ,Q7002727,Rampur Malhaniya,False
136573,बेलगाम,Q270176,Belgaum,False
133408,मेलम्ची नदी,Q107404345,Melamchi River,False
147637,तोकुसिमा,Q160734,Tokushima Prefecture,False
23293,स्त्री प्रजनन प्रणाली,Q844342,Female reproductive system,False
90544,बोन धर्म,Q815628,Bon,False
27588,साल्मेचाकल,Q6813292,Salmechakala,False
125000,बैतडी १ (निर्वाचन क्षेत्र),Q104875627,Baitadi 1,False
23706,सित्तलपाटी,Q1396870,"Sitalpati, Sankhuwasabha",False
61366,दिलीप कुमार,Q377789,Dilip Kumar,False
92210,राजेश्वरी ढोलकिया,Q7286107,Rajeshwari Dholakia,False
103073,नेपाल कम्युनिस्ट पार्टी (स्पष्टता),Q424202,Communist Party of Nepal (disambiguation),False
24247,गैँडा,Q34718,Rhinoceros,False
42802,काहूँशिवपुर,Q3415460,Kahu Shivapur,False
135488,सिक्किमको सङ्गीत,Q17011737,Music of Sikkim,False
35307,अङ्ग्रेजी उपन्यास,Q3631362,English novel,False
51636,द एक्स्पोज्ड (एनिमर्फ्स),Q7732862,The Exposed (novel),False
77308,हुसैन कुवाजेर्वाला,Q5949546,Hussain Kuwajerwala,False
56761,ध्वाँसे चिबे,Q283608,Ashy drongo,False
132662,पर्सा ३ (निर्वाचन क्षेत्र),Q104881895,Parsa 3,False
29802,बरहथवा,Q4858199,Barahathwa,False
18026,तिरुनेलवेली जिल्ला,Q15200,Tirunelveli district,False
33383,ढिकुरपोखरी,Q630731,Dhikur Pokhari,False
26245,बाङ्गेमरोट,Q3417490,Bangemarkot,False
77852,बामयान उपत्यकाको पुरातात्विक र सांस्कृतिक परिदृश्य,Q484458,Buddhas of Bamiyan,False
4854,रानी पोखरी,Q5300315,Rani Pokhari,False
76049,जयपृथ्वी नगरपालिका,Q17870386,Jayaprithvi,False
83207,अचिन्त कौर,Q4673791,Achint Kaur,False
14357,चुहानडाँडा,Q3413251,Chuhandanda,False
10347,सुपौल जिल्ला,Q100139,Supaul district,False
83197,मधुरा नायक,Q6727522,Madhura Naik,False
133655,पश्चिमी पहाडी भाषा परिवार,Q10939493,Western Pahari,False
112826,जूम भिडियो सञ्चार,Q17460900,Zoom Communications,False
18169,काँथी उपविभाग,Q5164880,Contai subdivision,False
144472,भाट परिवार,Q125700677,Bhatt family,False
83812,नाइजेरिया राष्ट्रिय क्रिकेट टिम,Q13118271,Nigeria national cricket team,False
57222,सानो जलेवा,Q72260,Little cormorant,False
75539,जर्मनविङ्गस विमान ९५२५,Q19671417,Germanwings Flight 9525,False
56841,घुँगीफोर गरुड,Q602496,Asian openbill,False
58292,हरिण,Q23390,Deer,False
132912,सुनिलकुमार शर्मा,Q115912459,Sunil Kumar Sharma (Nepalese politician),False
9396,जयतु संस्कृतम् आन्दोलन,Q19672644,Jayatu Sanskritam,False
16004,केक,Q13276,Cake,False
107182,बुढीगङ्गा नगरपालिका,Q3414084,Budhiganga,False
150469,चण्डीगढ विमानस्थल,Q1835533,Chandigarh Airport,False
149933,अर्चना पूरन सिंह,Q3595522,Archana Puran Singh,False
139512,अन्डमान र निकोबार द्वीपसमूहका जिल्लाहरू,Q796477,List of districts of the Andaman and Nicobar Islands,False
31338,"देवीपुर, सिराहा",Q2223947,"Devipur, Siraha",False
97668,संयुक्त राष्ट्र सुरक्षा परिषदका स्थायी सदस्यहरू,Q6688521,Permanent members of the United Nations Security Council,False
43524,गोलो जुका,Q468771,Ascaris lumbricoides,False
122021,छत्तीसगढ राज्योत्सव,Q48735009,Chhattisgarh Rajyotsava,False
78023,थुङ्गयाई नरेसुआन वन्यजन्तु आरक्ष,Q422995,Thung Yai Naresuan Wildlife Sanctuary,False
88838,ठ्री रल्पचन,Q2353150,Ralpachen,False
4886,भट्टराई,Q854889,Bhattarai,False
118210,मूकनायक,Q31738134,Mooknayak,False
13298,ल्हासा,Q5869,Lhasa (prefecture-level city),False
23279,हरिसिद्धी,Q367992,Harisiddhi,False
143056,परम्परागत चिनियाँ,Q178528,Traditional Chinese characters,False
55616,अग्नि रेखा,Q898256,Firebreak,False
148969,क्रास्यु,Q2684311,Krasue,False
150556,मानव कङ्काल,Q9621,Human skeleton,False
64882,कजर्हवा,Q3417106,Kajarhawa,False
92713,सोलुदुधकुण्ड नगरपालिका,Q21035952,Solududhkunda Municipality,False
80917,एडोब प्रिमियर प्रो,Q360424,Adobe Premiere Pro,False
146999,ओविड,Q7198,Ovid,False
142373,रोटर (विद्युत),Q193466,Rotor (electric),False
27274,साउनेचौर,Q3427890,Saunechaur,False
62119,एज अफ एम्पायर्स,Q34811,Age of Empires,False
108251,केमु पाकिस्तान,Q21190732,Kaymu Pakistan,False
55406,औँला (हात),Q34583,Digit (anatomy),False
69233,एटी एन्ड टी,Q35476,AT&T,False
100193,बार्बाडोस महिला राष्ट्रिय फुटबल टोली,Q3277282,Barbados women's national football team,False
15358,कत्था,Q2046743,Catechu,False
72811,नेपालमा भ्रष्टाचार,Q19679869,Corruption in Nepal,False
151092,एरिका लोइसटाक,Q133502992,Erika Leuchtag,False
51464,द ग्रिन माइल (उपन्यास),Q466288,The Green Mile (novel),False
55516,धनुष बाण,Q19827042,Bow and arrow,False
142486,वित्तीय केन्द्र,Q1066984,Financial centre,False
87248,सदाशिव अमरापुरकर,Q7397582,Sadashiv Amrapurkar,False
69560,लुङ्गी,Q677458,Lungi,False
23179,निहारिका,Q42372,Nebula,False
148904,हर्मेस,Q843887,Hermès,False
132884,सुरेन्द्रराज आचार्य,Q116178543,Surendra Raj Acharya,False
118655,पारद्वेषिता,Q59677,Transphobia,False
102870,२०१९ पुलवामा हमला,Q61732241,2019 Pulwama attack,False
76213,एडिन्सन काभानी,Q167790,Edinson Cavani,False
17509,नागपुर जिल्ला,Q1797367,Nagpur district,False
128469,शठकोप अलवार,Q2587183,Nammalvar,False
132992,लखनऊ सुपर जायन्ट्स,Q110665476,Lucknow Super Giants,False
43593,योनी,Q2192288,Vulva,False
148478,जरत्कारु,Q19832698,Jaratkaru,False
78603,"मेदन इमाम, इसफहान",Q4519,Naqsh-e Jahan Square,False
136125,अविनाश बोहरा,Q61268420,Abinash Bohara,False
98856,पानासोनिक,Q53247,Panasonic,False
17438,उमरिया जिल्ला,Q620297,Umaria district,False
61330,अम्बर लिन,Q238566,Amber Lynn,False
93232,काठेखोला गाउँपालिका,Q33094981,Khathekhola Rural Municipality,False
142889,किशोर अमोनकर,Q2117321,Kishori Amonkar,False
31462,मर्नु,Q351991,Die,False
102062,लिपुलेक भञ्ज्याङ,Q6557246,Lipulekh Pass,False
126188,लक्ष्मण कुमार,Q6505158,Lakshmana (Mahabharata),False
2325,अङ्ग प्रत्यारोपण,Q105196,Transplantation (medicine),False
87821,ताको,Q191655,Taco,False
97706,वारेन बफेट,Q47213,Warren Buffett,False
17546,चित्तौडगढ जिल्ला,Q1075011,Chittorgarh district,False
133333,चिनाब नदी,Q216875,Chenab River,False
100609,दार्शनिक,Q4964182,Philosopher,False
120640,रचना रिमाल,Q110149234,Rachana Rimal,False
23074,कनेक्टिकट,Q779,Connecticut,False
12902,काँडे भ्याकुर,Q2672958,Spiny babbler,False
14065,लिच्छवि राज्य,Q3242360,Licchavis of Nepal,False
56448,चुक्चुके चैतेचरा,Q1151175,Indian nightjar,False
136387,श्रीलङ्काको झन्डा,Q154823,Flag of Sri Lanka,False
50461,नैषधीयचरित,Q13182921,Naishadha Charita,False
129800,वाङचुक वंश,Q796782,Wangchuck dynasty,False
56830,फस्रो चित्रकुट,Q263854,Silver-breasted broadbill,False
48046,भीष्म पर्व,Q2472912,Bhishma Parva,False
86091,क्ल्यास अफ क्लान्स,Q13399098,Clash of Clans,False
149908,खगोलीय एकाइ,Q1811,Astronomical unit,False
87409,२०१७ फिफा यु-१७ विश्व कप,Q8350658,2017 FIFA U-17 World Cup,False
108658,इमराती गैरआवासी,Q22948352,Emirati diaspora,False
16407,मेडलिन अलब्राइट,Q174438,Madeleine Albright,False
28059,मालकोट,Q13184856,"Malkot, Nepal",False
18023,चेन्नई जिल्ला,Q15116,Chennai district,False
109313,नेपाल मेडिकल काउन्सिल,Q55624969,Nepal Medical Council,False
28633,छालिङ,Q3413315,Chhaling,False
126338,थुन,Q624043,Udder,False
77468,पाकिस्तानका विश्व सम्पदा क्षेत्रहरूको सूची,Q2756711,List of World Heritage Sites in Pakistan,False
55580,एक-टुक्रे पौडिपहिरन,Q2736850,One-piece swimsuit,False
51503,द सेक्रेट एड्भर्सरी,Q617379,The Secret Adversary,False
60652,"संविधान सभा निर्वाचन, २०७० का निर्वाचित उम्मेदवारहरू",Q104835603,List of members elected in the 2013 Nepalese Constituent Assembly election,False
87163,आन्ध्र बैंक,Q2003476,Andhra Bank,False
57621,ध्वाँसे चितुवा,Q36135,Clouded leopard,False
139858,प्रेमदास राई,Q45977,Prem Das Rai,False
55610,खोटो,Q145205,Resin,False
33398,भलाम,Q3430425,Bhalam,False
52973,सोमनाथ सिग्देल,Q13187244,Somnath Sigdel,False
133780,फक्स ब्रोडकास्टिङ कम्पनी,Q166419,Fox Broadcasting Company,False
120511,आमा (स्पष्टता),Q4661430,Aama,False
44657,जोधपुर,Q200019,Jodhpur,False
34062,साँखर,Q7402923,Sankhar,False
13437,शल्यक्रिया,Q40821,Surgery,False
31574,पोखरे,Q3425491,Pokhare,False
18030,तूतूकुडी जिल्ला,Q15198,Thoothukudi district,False
29235,सुन्द्रावती,Q3415619,Sundrawati,False
140106,अजातशत्रु,Q379242,Ajatashatru,False
78049,याकुशिमा,Q242176,Yakushima,False
51509,द सेभेन डाइल्स मिस्ट्री,Q457252,The Seven Dials Mystery,False
18180,कान्दी उपविभाग,Q6361477,Kandi subdivision,False
56365,कुटिया,Q1092863,Himalayan cutia,False
6817,पूर्वाञ्चल विश्वविद्यालय,Q7260865,Purbanchal University,False
26285,गन्जभवानीपुर,Q3428046,Ganj Bhawanipur,False
141383,आयुष्मान भवः,Q37319077,Ayushman Bhava,False
53294,अपराजिता,Q312265,Clitoria ternatea,False
77078,कार्लोस पेभन,Q350398,Carlos Pavón,False
144871,उत्तरी चिनियाँ मैदान,Q147304,North China Plain,False
17423,इम्फाल पश्चिम जिल्ला,Q1822188,Imphal West district,False
86222,भारत राष्ट्रिय फुटबल टोली,Q212206,India national football team,False
80604,आफताब शिवदासानी,Q2362968,Aftab Shivdasani,False
107447,स्मार्ट शङ्कर,Q64768638,ISmart Shankar,False
17575,कैथल जिल्ला,Q614037,Kaithal district,False
51477,द स्ट्यान्ड,Q149552,The Stand,False
127112,नरैनापुर गाउँपालिका,Q13182532,Narainapur Rural Municipality,False
100180,एलेक्सिस सान्चेस,Q180553,Alexis Sánchez,False
61867,विद्यावती कंसाकार,Q15647960,Vidyabati Kansakar,False
27524,कुशादेवी,Q3423753,Kushadevi,False
121076,गाउँ गाउँबाट उठ,Q105424778,Gaun Gaun Bata Utha,False
27267,लिच्की रामचे,Q6543298,Lichki Ramche,False
62083,मूल्य अभिवृद्धि कर,Q128635,Value-added tax,False
83357,कल्की केकलाँ,Q3192216,Kalki Koechlin,False
98840,आँचल शर्मा,Q55739261,Aanchal Sharma,False
116217,जेन्डेया डिस्कोग्राफी,Q5594992,Zendaya discography,False
5002,कन्याम,Q518301,Kanyam,False
48317,गाँजा (लागुपदार्थ),Q2845,Cannabis (drug),False
78000,तुबबतहा रिफ,Q927108,Tubbataha Reef,False
56877,ध्यानी बकुल्ला,Q160488,Purple heron,False
57028,धर्के तोपचरा,Q1306610,Streaked weaver,False
52735,नुनढिके,Q7108271,Osyris quadripartita,False
65708,जापान राष्ट्रिय फुटबल टोली,Q170566,Japan national football team,False
144988,नानिङ,Q179608,Nanning,False
139475,बे न्युज ९,Q4874047,Bay News 9,False
7845,सानो संसार,Q7418877,Sano Sansar,False
14223,पादुका,Q3413493,Padukasthan VDC,False
134763,गङ्गापूर्ण ताल,Q106406206,Gangapurna Lake,False
107994,बसुन्धरा किङ्स,Q30115963,Bashundhara Kings,False
139248,रुआङ हिमाल,Q2094734,Mount Ruang,False
63431,हाँस,Q3736439,Duck,False
107433,लोटे छिरिङ,Q57313851,Lotay Tshering,False
126313,अनुहार,Q37017,Face,False
26755,समनपुर,Q3418637,Samanpur,False
114368,टार्टू,Q13972,Tartu,False
9695,सि,Q15777,C (programming language),False
3283,ढाकावाङ,Q3418314,Dhakawang,False
136399,एन्डी वर्हाल,Q5603,Andy Warhol,False
3270,खाँचिकोट,Q3414462,Khanchikot,False
123759,विक्रम पाण्डे,Q109983960,Bikram Pandey,False
126085,शिवालय गाउँपालिका,Q55888214,Shivalaya Rural Municipality,False
37238,भोको पुस्ता,Q632645,Hungry generation,False
85987,पुणेरी पल्टन,Q18210848,Puneri Paltan,False
137048,बाह्रौँ जातीय संसद निर्वाचन,Q106696120,2024 Bangladeshi general election,False
130034,आग्नेली भाषा परिवार,Q33199,Austroasiatic languages,False
136811,जियाङ्सु,Q16963,Jiangsu,False
88549,दाँते (फुटबल खेलाडी),Q80761,Dante (footballer),False
147379,बङ्गलादेशका राष्ट्रिय चिह्नहरू,Q16056694,National symbols of Bangladesh,False
31586,हर्कपुर,Q3425347,Harkapur,False
146784,मुन्डा भाषा,Q33892,Munda languages,False
26270,अमाव,Q3425652,Avab,False
51054,मिल्खा सिंह,Q269014,Milkha Singh,False
14210,वेबसाइट,Q35127,Website,False
13133,सालक,Q2191516,Pangolin,False
77596,यथार्थवाद,Q10857409,Realism (arts),False
100697,ग्वादर,Q580533,Gwadar,False
15924,कस्तुरबा गान्धी,Q264908,Kasturba Gandhi,False
57019,कालोटाउके चित्रकचरी,Q188877,Brambling,False
30353,डाँछी,Q3411335,Daanchhi,False
57728,फुस्रे छुचुन्द्रो,Q304280,Pale gray shrew,False
70461,मलेशिया राष्ट्रिय क्रिकेट टोली,Q6741918,Malaysia national cricket team,False
71298,झोला (चलचित्र),Q16988101,Jhola,False
107759,कालाई उपजिल्ला,Q3345706,Kalai Upazila,False
114623,डब्ल्युडब्ल्युई र,Q18754,WWE Raw,False
73368,सुनिता दुलाल,Q7640371,Sunita Dulal,False
80907,जिम्बाब्वे अन्डर-१९ राष्ट्रिय क्रिकेट टोली,Q8072019,Zimbabwe national under-19 cricket team,False
34053,भाटखोला,Q4901418,Bhatkhola,False
78233,इसिमङ्गालिसो सिमसार क्षेत्र निकुञ्ज,Q310719,ISimangaliso Wetland Park,False
26179,जेदवाङ,Q3416031,Jedwang,False
100340,ए.एस रोमा,Q2739,AS Roma,False
132450,दह,Q187223,Lagoon,False
83119,सुनीता नारायण,Q2722841,Sunita Narain,False
23820,"रामनगर, सप्तरी",Q7289764,"Ramnagar, Saptari",False
80402,डेकोटा फेनिङ,Q115541,Dakota Fanning,False
56590,हरियो चिचिल्कोटे,Q500024,Green-backed tit,False
93068,कार्यकारिणी,Q35798,Executive (government),False
30595,डिलासैनी गाउँपालिका,Q97167778,Dilashaini Rural Municipality,False
88522,कामिगामो तीर्थ,Q700448,Kamigamo Shrine,False
86462,अकीरा (२०१६ चलचित्र),Q19881820,Akira (2016 Hindi film),False
149369,विचारधारा,Q7257,Ideology,False
93991,थापा काजी,Q7710669,Thapa Kaji,False
74792,बुरुली अल्सर,Q1017169,Buruli ulcer,False
127285,महाअमेरिका,Q828,Americas,False
17471,रायसेन जिल्ला,Q1815223,Raisen district,False
137658,सिनाई प्रायद्वीप,Q36755,Sinai Peninsula,False
17005,दुधकोशी नदी,Q1197810,Dudh Koshi,False
69532,मिश्रण,Q169336,Mixture,False
77075,म्यारी सेली,Q47152,Mary Shelley,False
30618,रौलेश्वर,Q3417795,Rauleshwar,False
57103,जलअप्सरा,Q18861,Pheasant-tailed jacana,False
4282,धम्पुस,Q3275033,Dhampus,False
53051,ग्रिनल्यान्ड,Q223,Greenland,False
42800,खैरेनीटार,Q3423736,Khairenitar,False
32959,रिमी,Q7130055,"Rimi, Nepal",False
3961,चिलङ्खा,Q3415734,Chilankha,False
123521,सेसेल्स,Q1042,Seychelles,False
114551,मोर्गन फ्रिम्यान,Q48337,Morgan Freeman,False
79170,सुनिल क्षेत्री,Q561004,Sunil Chhetri,False
9757,अलैँची,Q1369048,Black cardamom,False
103642,अल्प बिक्री,Q106526,Short (finance),False
9310,प्रतिनिधि सभा (नेपाल),Q5915308,House of Representatives (Nepal),False
72204,पलायन वेग,Q166530,Escape velocity,False
46908,प्याराडाइज लस्ट,Q28754,Paradise Lost,False
94114,उत्तर म्यासेडोनिया,Q221,North Macedonia,False
17467,सीधी जिल्ला,Q2449793,Sidhi district,False
70708,बकिङ्घम राजदरबार,Q42182,Buckingham Palace,False
100509,जेम्स टमकिन्स,Q1681210,James Tomkins (footballer),False
4440,फेडोरा परियोजना,Q48267,Fedora Linux,False
87441,विधु विनोद चोपडा,Q1607373,Vidhu Vinod Chopra,False
77312,भियतनामी भाषा,Q9199,Vietnamese language,False
74081,संन्यासोपनिषद,Q12454975,Brihat-Sannyasa Upanishad,False
94461,हार्डीज,Q1585088,Hardee's,False
58432,फिफ्टी सेन्ट,Q6060,50 Cent,False
89080,सामुहिक लगानी कोष,Q791974,Mutual fund,False
66684,निलो कमल,Q50897106,Nymphaea nouchali var. caerulea,False
51975,द बेस्ट अफ फिलिप के डिक,Q13182043,The Best of Philip K. Dick,False
122881,स्पोटिफाईमा सर्वाधिक सुनिएका कलाकारहरूको सूची,Q48997743,List of most-streamed artists on Spotify,False
149090,प्रजापति,Q2017194,Prajapati,False
60534,दयावीरसिंह कंसाकार,Q5242999,Daya Bir Singh Kansakar,False
23305,अनारमनी,Q3421822,Anarmani,False
5541,नेपाल कम्युनिस्ट पार्टी (संयुक्त मार्क्सवादी),Q2002082,Communist Party of Nepal (United Marxist),False
129922,चिराङ जिल्ला,Q728922,Tsirang District,False
145125,पाकिस्तानी नौसेना,Q2258261,Pakistan Navy,False
9308,भकुण्डे,Q4900885,Bhakunde,False
108452,गाङ्नी उपजिल्ला,Q3348599,Gangni Upazila,False
31904,"भरतपुर, महोत्तरी",Q4901249,"Bharatpur, Mahottari",False
126239,आई एम ग्रुट,Q108170999,I Am Groot,False
125908,सोनी राणा,Q112301862,Sony Rana,False
56481,थाकल गौँथली,Q31797,Asian palm swift,False
111334,महामारी,Q44512,Epidemic,False
26125,कोइरालाकोट,Q3419035,Koiralakot,False
90730,बरुथिनी एकादशी,Q7916236,Varuthini Ekadashi,False
42806,कोटदरबार,Q736830,Kotdarbar,False
26995,पाङ्चा,Q3425444,Pangcha,False
104972,शेष घले,Q16729262,Shesh Ghale,False
135954,डिल्लीराज पन्त,Q115912447,Dilli Raj Pant,False
146502,सहभागिता मुलक योजना,Q7140457,Participatory planning,False
31441,लापु,Q3415642,Lapu,False
7709,नुवाकोट जिल्ला,Q28430,Nuwakot District,False
122863,थ्री गर्जेज बाँध,Q12514,Three Gorges Dam,False
28836,पञ्चकुले,Q3419008,Panchakule,False
83220,निशा रावल,Q16223389,Nisha Rawal,False
99905,मिरेया लालागुना,Q21240798,Mireia Lalaguna,False
78983,एर्बिलको कोट,Q206236,Citadel of Erbil,False
102096,द लास्ट टाइम (टेलर स्विफ्टको गीत),Q7746116,The Last Time (Taylor Swift song),False
123185,मुरली मनोहर जोशी,Q2604936,Murli Manohar Joshi,False
137248,मेन्मेचो ताल,Q6476875,Lake Menmecho,False
47647,बहिङ भाषा,Q56442,Bahing language,False
62249,भारत राष्ट्रिय क्रिकेट टोली,Q1143793,India national cricket team,False
29833,गोडैता नगरपालिका,Q960160,Godaita,False
115965,वाच्य (व्याकरण),Q211101,Voice (grammar),False
133578,मकतुम बिन रसिद अल मकतुम,Q215477,Maktoum bin Rashid Al Maktoum,False
115309,लारी फूल,Q2707329,Barleria cristata,False
123184,दलाल पथ,Q5166965,Dalal Street,False
31906,भटौलिया,Q4901395,Bhatauliya,False
23431,सिनेमा हल,Q41253,Movie theater,False
111323,मिकी जेम्स,Q270712,Mickie James,False
107640,फिजी (सेवा),Q5456448,Fizy,False
38634,"भ्यान, टर्की",Q83061,"Van, Turkey",False
132528,रुपन्देही २ (निर्वाचन क्षेत्र),Q104882165,Rupandehi 2,False
76930,पेनेलोपे क्रुज,Q39666,Penélope Cruz,False
57117,बडा राजपुत्रिका,Q18857,Greater sand plover,False
10879,लालीगुराँस,Q2659683,Rhododendron arboreum,False
136382,हमाद बिन थामर अल थानी,Q12208746,Hamad bin Thamer Al Thani,False
4008,च्यास्मिटार,Q3410708,Chyasmitar,False
43330,दत्तात्रय,Q850805,Dattatreya,False
31234,विकिलिक्स,Q359,WikiLeaks,False
31892,सोनमा,Q3425747,Sonama,False
45167,तीन घुम्ती (उपन्यास),Q19678752,Teen Ghumti (novel),False
87399,आशा सचदेव,Q4804517,Asha Sachdev,False
72925,अक्षर पटेल,Q16225109,Axar Patel,False
136920,नेपालका आरोहण नभएका हिमालहरूको सूची,Q18085798,List of unclimbed mountains of Nepal,False
23324,तोपगाछी,Q974342,Topgachchi,False
26186,तेवाङ,Q3420181,Tewang,False
82540,शर्मिला टेगोर,Q465830,Sharmila Tagore,False
62216,विश्व व्यापार सङ्गठन,Q7825,World Trade Organization,False
142594,विनिताकुमारी सिंह,Q115857118,Binita Kumari Singh,False
117651,पल्मोनरी फाइब्रोसिस,Q32446,Pulmonary fibrosis,False
87824,आत्मनिर्भरता,Q1341794,Self-sustainability,False
40239,नारायणपाती,Q4984700,Buddleja paniculata,False
126241,आरा विधानसभा क्षेत्र,Q16833870,Arrah Assembly constituency,False
80552,सर्वेन्द्रनाथ शुक्ल,Q115920451,Sarbendra Nath Shukla,False
83964,अङ्ग्रेजी व्याकरण,Q560583,English grammar,False
78524,होइ एन प्राचीन सहर,Q36160,Hội An (city),False
82146,मार्भल सिनेमेटिक युनिभर्स,Q642878,Marvel Cinematic Universe,False
1928,किर्गिस्तान,Q813,Kyrgyzstan,False
6984,एन्थनी पान्नेकुक,Q347930,Anton Pannekoek,False
142663,एरिस्टा रेकर्ड्स,Q664167,Arista Records,False
8483,मत्स्य अवतार,Q328872,Matsya,False
49583,महेन्द्र सिंह धोनी,Q470774,MS Dhoni,False
102439,साल्ट ट्रेडिङ कर्पोरेशन लिमिटेड,Q17017035,Salt Trading Corporation,False
12610,एज यू लाइक इट,Q237572,As You Like It,False
5011,जोगमाई,Q2194181,Jogmai,False
13393,यज्ञ पुरुष,Q8047009,Yajna (avatar),False
131844,गोर्खा राष्ट्रिय मुक्ति मोर्चा,Q2720788,Gorkha National Liberation Front,False
31135,ओलाङ्चुङ गोला,Q3411827,Olangchung Gola,False
3289,"हंसपुर, अर्घाखाँची",Q5650957,"Hansapur, Arghakhanchi",False
95357,नेपिडो,Q37400,Naypyidaw,False
114244,रेस गुर्रम,Q7278904,Race Gurram,False
45957,मोक्षदा एकादशी,Q2769155,Mokshada Ekadashi,False
10777,हात्ती,Q7378,Elephant,False
56480,बतासी गौँथली,Q321267,Alpine swift,False
137575,हर हर महादेव,Q119038744,Hara Hara Mahadeva,False
138104,चुलुङ भाषा,Q5116126,Chulung language,False
120488,कोङ्कण,Q1142402,Konkan,False
124287,थुरगाभा,Q5140657,Coelogyne flaccida,False
23582,सिकैँचा,Q7130217,Sikaicha,False
114942,आवाज दो,Q4829651,Awaaz do,False
73285,धुलाबारी,Q14944426,Dhulabari,False
130580,हिन्दुकुश,Q5472,Hindu Kush,False
18204,मेदिनीपुर सदर उपविभाग,Q6806965,Medinipur Sadar subdivision,False
5153,दौरा सुरुवाल,Q3634111,Daura-Suruwal,False
83151,नुर इनायत खान,Q464957,Noor Inayat Khan,False
33202,मालिङ,Q3429044,"Maling, Nepal",False
66542,ठगी,Q28813,Fraud,False
79522,गाडी चुली,Q1754634,Ngadi Chuli,False
31317,सारश्वर,Q3422304,Sarashwar,False
24235,स्वस्थानी व्रत,Q7653985,Swasthani Barta (Fast),False
55160,मिङ्मा शेर्पा,Q1936695,Mingma Sherpa,False
133065,सिन्हा,Q117462082,Sinha,False
23019,जुफाल विमानस्थल,Q1658220,Dolpa Airport,False
121588,संयुक्त राष्ट्रसङ्घको वडापत्रको सातौँ अध्याय,Q1728608,Chapter VII of the United Nations Charter,False
17598,किन्नौर जिल्ला,Q1862950,Kinnaur district,False
18588,अटल बिहारी वाजपेयी,Q233289,Atal Bihari Vajpayee,False
69074,ह्यु ज्याकम्यान,Q129591,Hugh Jackman,False
31587,मूलखर्क,Q3417497,Mulkharka,False
127457,स्वस्तिक,Q45513,Swastika,False
139365,विनित राई,Q16734877,Vinit Rai,False
110517,राष्ट्रवाद,Q6235,Nationalism,False
26710,प्रतापपुर पल्टुवा,Q3417538,Pratappur Paltuwa,False
150869,एन्जो फर्नान्डिज,Q96105248,Enzo Fernández,False
48488,भारतीय मुख्य निर्वाचन आयुक्त,Q3522413,Chief Election Commissioner of India,False
55048,खोटेसल्लो,Q3239892,Pinus roxburghii,False
54956,टाटे सिमी,Q1077410,Lablab,False
92975,निधि अग्रवाल,Q29950534,Nidhhi Agerwal,False
44999,विनोद दाश,Q4914480,Binod Das,False
93194,राम पोथिनेनी,Q7288551,Ram Pothineni,False
77928,एस्साउरा,Q216939,Essaouira,False
126381,किलोमिटर,Q828224,Kilometre,False
94367,पहिलो विश्वयुद्धमा नेपाल,Q6994466,Nepal during World War I,False
31820,जुडो,Q11420,Judo,False
42842,झोङ,Q2354448,Jhong,False
83668,हृदयचन्द्रसिंह प्रधान,Q25620949,Hridaya Chandra Singh Pradhan,False
6360,बराल,Q4858293,Baral (surname),False
88886,उपेन्द्रकान्त अर्याल,Q16148681,Upendra Kant Aryal,False
31410,छेकम्पार,Q3413738,Chhaikampar,False
23071,ओक्लाहोमा,Q1649,Oklahoma,False
81538,गोरखनाथ,Q983584,Gorakhnath,False
141178,दान्ते अलिगियरी,Q1067,Dante Alighieri,False
57039,जल चुइयाँ,Q208707,Water pipit,False
107564,राजशाही जिल्ला,Q2344697,Rajshahi District,False
149087,ऊर्मिला,Q2355504,Urmila,False
17396,होसियारपुर जिल्ला,Q304800,Hoshiarpur district,False
9942,मुङ्गेर प्रमण्डल,Q258280,Munger division,False
51614,द एलिएन (एनिमर्फ्स),Q7713107,The Alien (novel),False
107560,टाङ्गाइल जिल्ला,Q952184,Tangail District,False
26273,इनर्वामाल,Q3419064,Inarwamal,False
53933,उर्नी,Q25104927,Urni,False
85255,स्वर्ण पदक,Q406039,Gold medal,False
29729,पञ्चनगर,Q3422159,Panchanagar,False
33380,कृष्तिनाच्नेचौर,Q6438575,Kristinachnechaur,False
83459,शची,Q2578801,Indrani,False
79110,सिम्रौनगढ नगरपालिका,Q21013701,Simraungadh,False
33410,सिद्ध,Q7210829,"Siddha, Kaski",False
71281,सुमन पोखरेल,Q17150957,Suman Pokhrel,False
99673,गणतन्त्र आयरल्यान्ड राष्ट्रिय फुटबल टोली,Q163547,Republic of Ireland national football team,False
83026,पूनम पाण्डेय,Q4703519,Poonam Pandey,False
12213,बरेली जिल्ला,Q1797378,Bareilly district,False
86003,२०१५ प्रो कबड्डी लिग,Q20718287,2015 Pro Kabaddi League,False
114971,आसियान,Q7768,ASEAN,False
47643,दनुवार भाषा,Q3522797,Danwar language,False
56406,कालीकण्ठे तोरीगाँडा,Q62076331,Rufous-necked laughingthrush,False
78712,"त्रिनिदाद, क्युबा",Q319272,"Trinidad, Cuba",False
122489,फाँसी,Q175111,Hanging,False
131105,द हिमालयन्स (ब्याण्ड),Q111261012,The Himalayans (Nepali band),False
78708,पुरानो हभाना,Q1165566,Old Havana,False
136083,म्याथ्यु पेरी,Q171758,Matthew Perry,False
17578,झज्जर जिल्ला,Q1948260,Jhajjar district,False
134480,राजस्थानी भाषा,Q13196,Rajasthani languages,False
14639,मिनेन्द्रप्रसाद रिजाल,Q17388671,Minendra Rijal,False
14556,किराँती भाषा परिवार,Q922148,Kiranti languages,False
136201,मुख्य हिमालय दरार,Q104864220,Main Himalayan Thrust,False
84051,रैग्नर फ्रिश,Q187988,Ragnar Frisch,False
83087,अनुकृति गोसाई,Q16853378,Anukriti Gusain,False
69268,हाइड्रोमिटर,Q184846,Hydrometer,False
133349,"नेपालको संविधान दोस्रो संशोधन, २०७७",Q96375427,Constitution of Nepal (Second Amendment 2077) Bill,False
56909,कैलोछाती काष्ठकुट,Q1274458,Rufous-bellied woodpecker,False
100110,मोजाम्बिक महिला राष्ट्रिय फुटबल टोली,Q3043286,Mozambique women's national football team,False
85754,स्पेनी सुपर कप,Q485997,Supercopa de España,False
30621,श्रीकेदार,Q7503499,Srikedar,False
91379,कोशी प्रदेश,Q25104008,Koshi Province,False
18174,अलिपुरद्वार जिल्ला,Q4726845,Alipurduar district,False
7458,नेपाल कम्युनिस्ट पार्टी (मार्क्सवादी-लेनिनवादी-माओवादी केन्द्र),Q1783952,Communist Party of Nepal (Marxist–Leninist–Maoist Centre),False
27088,"बतासे, सिन्धुपाल्चोक",Q4868646,"Batase, Sindhupalchok",False
100137,नामिबिया यू-१७ राष्ट्रिय फुटबल टिम,Q6961779,Namibia national under-17 football team,False
32574,रामगढवा,Q773785,Ramgadhawa,False
85919,ब्याडमिन्टन युरोप,Q799611,Badminton Europe,False
82719,हेमा उपाध्याय,Q12071846,Hema Upadhyay,False
115668,कालो लोखर्के,Q4922480,Black squirrel,False
133790,नाङ्गो गाउँ,Q119806634,Nango Gau,False
9943,पूर्णिया प्रमण्डल,Q1790115,Purnia division,False
37421,एचटिएमएल,Q8811,HTML,False
1856,बोत्स्वाना,Q963,Botswana,False
27951,बम्घा,Q3419186,Bamgha,False
53199,हट लागुन,Q1520385,Hutt Lagoon,False
14761,सपना प्रधान मल्ल,Q7420908,Sapana Pradhan Malla,False
133141,प्राथमिकवर्ग,Q7380,Primate,False
57052,खोले टिकटिके,Q1583749,White-browed wagtail,False
98055,चन्द्र नहर,Q30594976,Chandra Canal,False
2732,कर्णाली अञ्चल,Q9164,Karnali Zone,False
122422,सिन्धुलीगढी युद्ध सङ्ग्रहालय,Q107695172,Sindhuligadhi War Museum,False
56817,सुनठुँडे लामपुच्छ्रे,Q671657,Yellow-billed blue magpie,False
138027,कानूनको शासन,Q44918,Rule of law,False
47754,जिजान,Q3807526,Jazan,False
133677,पैशाची,Q2995607,Paishachi,False
43356,हिन्दु पञ्चाङ्ग,Q190552,Hindu calendar,False
7041,नेपालगन्ज विमानस्थल,Q1756906,Nepalgunj Airport,False
100832,मैत्रीपाला सिरिसेना,Q6737124,Maithripala Sirisena,False
28798,"काभ्रे, दाङ",Q6344114,"Kabhre, Rapti",False
78131,चिङ्गुएति,Q312357,Chinguetti,False
31445,श्रीनाथकोट,Q3415973,Srinathkot,False
143551,नेपालमा आधिकारिक मान्यता प्राप्त भाषाहरू,Q109373478,Languages with official status in Nepal,False
4491,क्याथोलिक चर्च,Q9592,Catholic Church,False
12844,शारदा शर्मा,Q13186331,Sharada Sharma,False
117022,बर्मेली अजिङ्गर,Q2716137,Burmese python,False
47639,चाम्लिङ भाषा,Q3436664,Chamling language,False
108737,चर राजिबपुर उपजिल्ला,Q3349162,Char Rajibpur Upazila,False
47631,आयत,Q209,Rectangle,False
13617,थाल,Q1642148,Thali,False
142502,टर्बोचार्जर,Q185525,Turbocharger,False
27006,याकु,Q6650867,"Yaku, Nepal",False
48372,क्लोनिङ,Q120877,Cloning,False
107899,जोबाइक,Q63498277,JoBike,False
90501,रत्न पुस्तक भण्डार,Q16975791,Ratna Pustak Bhandar,False
146561,जिम्मेवारी हस्तान्तरण,Q1184065,Delegation,False
144403,तेज नारायण सिंह,Q131605858,Tej Narayan Singh (social worker),False
97047,इटालेली भाषा,Q652,Italian language,False
90121,शक्ति कपुर,Q312789,Shakti Kapoor,False
92609,पूर्वखोला गाउँपालिका,Q30302752,Purbakhola Rural Municipality,False
100973,हट माेबाईल,Q847262,Hot Mobile,False
14521,सहिद गङ्गालाल राष्ट्रिय ह्रदयरोग केन्द्र,Q13186297,Shahid Gangalal National Heart Centre,False
6021,फिनाम,Q3411267,Phinam,False
76442,मनसर ताल,Q15245380,Mansar Lake,False
140326,अम्बिका राणा,Q126950571,Ambika Rana,False
68469,थोमस मुलर,Q43666,Thomas Müller,False
33652,"धरमपुर, रौतहट",Q5269125,"Dharampur, Rautahat",False
107840,लालपुर उपजिल्ला,Q4253431,Lalpur Upazila,False
78449,ओमानको अफजल सिंचाई प्रणाली,Q25495,Aflaj Irrigation Systems of Oman,False
115542,मिलिन्द गाबा,Q19893995,Millind Gaba,False
12730,कोइली (प्रजाति),Q26381,Cuckoo,False
34042,पेल्काचौर,Q3422441,Pelkachaur,False
31251,कल्याणपुर कालाबन्जर,Q3417485,Kalyanpur Kalabanjar,False
77497,माउन्टेन ड्यु,Q896,Mountain Dew,False
147551,कानागावा,Q127513,Kanagawa Prefecture,False
6464,दशरथचन्द नगरपालिका,Q1564243,Dasharathchand,False
31744,कुमरोज,Q3418782,Kumroj,False
29137,रानीबाँस,Q7293022,"Ranibas, Surkhet",False
77090,ग्याब्रियल बाटिस्टुटा,Q170376,Gabriel Batistuta,False
101613,रेवती,Q3523954,Revati,False
9654,एनसेल,Q13179656,Ncell,False
61239,बन्ध्याकरण,Q324503,Sterilization (medicine),False
68174,मिस नेपाल उपाधी बिजेताहरूको सूची,Q6590487,List of Miss Nepal titleholders,False
7226,थाइल्यान्ड,Q869,Thailand,False
131513,कोसल,Q756854,Kosala,False
123066,रुस-जर्जिया युद्ध,Q620735,Russo-Georgian War,False
87835,नगद,Q693464,Cash,False
101343,नीलफामारी जिल्ला,Q2188627,Nilphamari District,False
3698,भोटेओडार,Q4902057,Bhote Bazar,False
3554,मोनालिसा,Q12418,Mona Lisa,False
108321,कानाइघाट उपजिल्ला,Q3348537,Kanaighat Upazila,False
88275,उपेन्द्र (अभिनेता),Q7377106,Upendra (actor),False
30619,रुद्रेश्वर,Q3427223,Rudreshwar,False
77604,जिम पारसन्स,Q190972,Jim Parsons,False
29861,महिनाथपुर,Q3426491,Mahinathpur,False
76845,खप्तड ताल,Q19828219,Khaptad Lake,False
58770,जोसेफ लायोन्स,Q370966,Joseph Lyons,False
56572,नेपाली भीरगौँथली,Q1466513,Nepal house martin,False
81213,सहिद अनवर,Q7461645,Shahid Anwar,False
148535,आस्तिक (ऋषि),Q3595632,Astika (sage),False
90082,जिग्मे दोर्जे पलवर विष्ट,Q885918,Jigme Dorje Palbar Bista,False
124999,बझाङ १ (निर्वाचन क्षेत्र),Q104875640,Bajhang 1,False
15815,बूढानीलकण्ठ मन्दिर,Q1001415,Budhanilkantha Temple,False
80829,पशुपति शमशेर जङ्गबहादुर राणा,Q3896957,Pashupati Shumsher Jung Bahadur Rana,False
125870,प्राचीन मिथिला विश्वविद्यालय,Q108661034,Sanskrit and Vedic learning in Mithila,False
130880,लहरे चिमाल,Q17242659,Rhododendron dalhousiae,False
81053,श्यान्नोन लुसिओ,Q439767,Shannon Lucio,False
6383,त्रियुगा नगरपालिका,Q1457919,Triyuga Municipality,False
147770,मन्डले क्षेत्र,Q119494,Mandalay Region,False
134093,पाण्ड्य वंश,Q844910,Pandya dynasty,False
54653,राष्ट्रिय परीक्षा बोर्ड (नेपाल),Q13179604,National Examination Board (Nepal),False
68601,मेलिन्डा गेट्स,Q463877,Melinda French Gates,False
99405,अमेरिकी क्रान्ति,Q192769,American Revolution,False
26014,बाटुलासेन,Q4873348,Batulasen,False
108178,मोहम्मद नाईम इसलाम,Q3348250,Naeem Islam,False
147063,भेन्टिलेसन,Q584049,Ventilation (architecture),False
83280,रेचल कार्सन,Q100948,Rachel Carson,False
135349,फिलिप्स,Q170416,Philips,False
14650,सीता गुरुङ,Q105942909,Sita Gurung,False
60577,कालो गुराँस,Q11058026,Rhododendron grande,False
51826,दशबजे फूल,Q159547,Portulaca grandiflora,False
26341,मोतिसर,Q3425437,Motisar,False
61751,हुड्केली नाच,Q5094924,Chholiya,False
62009,सेयर,Q11692,Share (finance),False
120301,सोफिया लिलिस,Q39048667,Sophia Lillis,False
124792,रुपे,Q3633394,RuPay,False
57259,द्वयधारी सङ्ख्या,Q3913,Binary number,False
77922,तख्ते बाही,Q117623,Takht-i-Bahi,False
29231,भेडपु,Q4901621,Bhedapu,False
30351,टोखा चण्डेश्वरी,Q3426518,Tokha Chandeshwari,False
147715,चिन राज्य,Q46910,Chin State,False
27891,"पिपलडाँडा, पाल्पा",Q3417645,"Pipaldanda, Palpa",False
121528,दृश्यम,Q15401703,Drishyam,False
135533,भोटे कोशी जलविद्युत केन्द्र,Q4902058,Bhote Koshi Power Plant,False
6434,सहाना प्रधान,Q577100,Sahana Pradhan,False
5891,फगाम,Q3411438,Phagam,False
87472,मोहित चौहान,Q2917376,Mohit Chauhan,False
125118,"प्रदेश सभा निर्वाचन, २०७९",Q112030316,2022 Nepalese provincial elections,False
78921,निङालु तट,Q1541665,Ningaloo Coast,False
57736,कुकको मुसो,Q1765766,Cook's mouse,False
31316,सानहैथा,Q3424933,Sanhaitha,False
9445,गुजरात,Q1061,Gujarat,False
16459,थोमस जेफर्सन,Q11812,Thomas Jefferson,False
12692,फापर,Q132734,Buckwheat,False
43412,सोमबार सुरुहुने साधारण वर्ष,Q235687,Common year starting on Monday,False
146164,आमाको दूध,Q22728,Breast milk,False
114429,आन-मेरी,Q25396976,Anne-Marie,False
57735,फ्याउमुसो,Q650126,Bobak marmot,False
25210,एकादशी तिथि,Q1196722,Ekadashi,False
26101,"बालुवाटार, दैलेख",Q4853110,"Baluwatar, Dailekh",False
49772,होस्नी मुबारक,Q34105,Hosni Mubarak,False
34059,रत्नपुर,Q7295866,"Ratnapur, Syangja",False
28991,कुलेखानी,Q3418599,Kulekhani,False
132555,तनहुँ १ (निर्वाचन क्षेत्र),Q104877945,Tanahun 1,False
88280,बाबर,Q797848,Babur,False
151047,गौरी मा,Q5527771,Gauri Ma,False
142925,ग्रोक (च्याटबोट),Q123361035,Grok (chatbot),False
3734,विजयखर्क,Q3413370,Bijaya Kharka,False
99965,सिरिया महिला राष्ट्रिय फुटबल टोली,Q3428900,Syria women's national football team,False
5174,लोकतन्त्र,Q7174,Democracy,False
30153,भारतको उपराष्ट्रपति,Q1641162,Vice President of India,False
53368,पाषाणभेद,Q162348,Bergenia ciliata,False
94891,सन्दकपुर गाउँपालिका,Q51883859,Sandakpur Rural Municipality,False
115429,गुञ्जन सक्सेना: द कारगिल गर्ल,Q65065630,Gunjan Saxena: The Kargil Girl,False
108390,प्रान-आरएफएल ग्रुप,Q16743607,PRAN-RFL Group,False
48563,पापड,Q918148,Papadam,False
148270,आम जनता पार्टी,Q63985934,Aam Janata Party,False
17135,टेलिनर भारत,Q3358931,Telenor India,False
75854,गोमती नदी (राजस्थान),Q5581113,Gomati River (Rajasthan),False
131999,बैंक ग्यारेन्टी,Q3776350,Bank guarantee,False
65335,डोली फूल,Q156935,Hypericum,False
46320,राना थारू,Q123334402,Rana Tharu people,False
126466,द वर्ल्ड फ्याक्टबुक,Q11191,The World Factbook,False
17925,कोकराझाड जिल्ला,Q42618,Kokrajhar district,False
77944,एल जदिदा,Q219583,El Jadida,False
78929,फ्रेजर टापु,Q134905,K'gari,False
121544,गृहस्थ,Q3497133,Grihastha,False
96867,कश्मीरी जाति,Q1196649,Kashmiris,False
71544,घाटु नाच,Q113541813,Ghatu (dance),False
100040,जे रोडरिगेज,Q581973,Jay Rodriguez,False
70772,गर्भाधान संस्कार,Q2672215,Garbhadhana,False
61669,फिफा बेलोन डी' ओर,Q2291862,FIFA Ballon d'Or,False
146342,परिचित व्यक्तिद्वारा बलात्कार,Q17001099,Acquaintance rape,False
148165,अन्ननली,Q173710,Esophagus,False
17236,बारामुल्ला जिल्ला,Q1912057,Baramulla district,False
83374,आशा पारेख,Q3595311,Asha Parekh,False
52070,द माइनोरिटी रिपोर्ट,Q1811417,The Minority Report,False
95138,कायरो,Q85,Cairo,False
28833,श्रीगाउँ,Q3427699,Srigaun,False
27894,बराङ्दी,Q4858341,Barandi,False
113756,वामपन्थी राजनीति,Q164597,Left-wing politics,False
71501,यलम्बर,Q19682829,Yalambar,False
14772,सिमसार,Q170321,Wetland,False
17480,भिन्ड जिल्ला,Q2341700,Bhind district,False
61029,नेपाल कम्युनिस्ट पार्टी (मार्क्सवादी-लेनिनवादी-समाजवादी),Q5154430,Communist Party of Nepal Marxist−Leninist (Samajbadi),False
80719,दक्षिणा (चलचित्र),Q16247281,Dakshina (film),False
144405,नेपालमा क्रिकेट,Q5185022,Cricket in Nepal,False
77803,पत्तदकल,Q817250,Pattadakal,False
91382,गण्डकी प्रदेश,Q25104016,Gandaki Province,False
11103,वामन अवतार,Q696702,Vamana,False
96542,नौकुण्ड गाउँपालिका,Q65396762,Naukunda Rural Municipality,False
12242,मुरादाबाद जिल्ला,Q1345006,Moradabad district,False
138064,बाघचाल,Q799903,Bagh-chal,False
100904,बदिन,Q2625289,Badin,False
7095,समाजवादी इन्टरनेसनल,Q159454,Socialist International,False
23578,सुरुमखिम,Q3419401,Surumakhim,False
15733,जलाधार,Q166620,Drainage basin,False
31937,पुरानो झागाझोली,Q3424952,Purano Jhangajholi,False
119738,बङ्गलादेशको राष्ट्रिय प्रतीक,Q190785,National Emblem of Bangladesh,False
63062,समयौनिकता,Q6636,Homosexuality,False
114173,डार्क (टिभी शृङ्खला),Q28443710,Dark (TV series),False
16344,चन्दननाथ दत्तात्रय,Q5070967,Chandannath Temple,False
32401,उच्च शिक्षा,Q136822,Higher education,False
138035,तिङ्कर,Q134004776,Tinkar Valley,False
7016,मात्भेइ स्कोबेलेभ,Q277112,Matvey Skobelev,False
61324,भौगोलिक निर्देशाङ्क प्रणाली,Q22664,Geographic coordinate system,False
94840,चीन राष्ट्रिय फुटबल टोली,Q130582,China national football team,False
17335,सिताराम कट्टेल,Q7531693,Sitaram Kattel,False
16009,कस्टर्ड,Q625825,Custard,False
130069,पहिलो सुदूरपश्चिम प्रदेश सभा,Q115821383,1st Sudurpashchim Provincial Assembly,False
23375,पाटीगाउँ,Q3428052,Patigaun,False
56476,जुरे गौँथली,Q950441,Crested treeswift,False
43145,चन्द,Q1061683,Chand (name),False
58733,ब्रिनडेन फ्रासर,Q193555,Brendan Fraser,False
30723,"बलिया, कैलाली",Q638652,Baliya,False
14591,नव ग्रह,Q1078632,Navagraha,False
93366,ओन्टारियो,Q1904,Ontario,False
55105,नवदुर्गा,Q2671565,Navadurga,False
31511,हिलेदेवी,Q3424504,Hiledevi,False
14475,तान सोन नात विमानस्थल,Q478595,Tan Son Nhat International Airport,False
148077,मेचीपारी क्षेत्र,Q126362460,Mechipari territory,False
17301,कृष्णगिरि जिल्ला,Q15183,Krishnagiri district,False
1941,सिङ्गापुर,Q334,Singapore,False
3265,बलकोट,Q4851146,"Balkot, Arghakhanchi",False
101448,श्यार्मापा,Q302687,Shamarpa,False
33192,बन्सार,Q3414498,Bansar,False
97861,लिटिल मिक्स,Q158419,Little Mix,False
131373,बुङ्गल नगरपालिका,Q85749520,Bungal Municipality,False
26041,मार्कु,Q3415614,Marku (village),False
51515,मर्डर इन द मेसोपोटामिया,Q642911,Murder in Mesopotamia,False
2030,बगैँचा,Q1107656,Garden,False
51997,द गन (लघुकथा),Q7738512,The Gun (short story),False
16174,निरुक्त,Q2047159,Nirukta,False
78579,केन्द्रीय अमेरिकाका विश्व सम्पदा क्षेत्रहरूको सूची,Q20822410,List of World Heritage Sites in Central America,False
27926,तुराङ,Q3420051,Turang,False
122490,गेटिसबर्ग सम्बोधन,Q214524,Gettysburg Address,False
146550,कर्पोरेट शासन,Q380767,Corporate governance,False
18185,तेहट्ट उपविभाग,Q7694841,Tehatta subdivision,False
99637,लात्भिया राष्ट्रिय फुटबल टोली,Q189322,Latvia national football team,False
23580,सिनाम,Q3417970,"Sinam, Taplejung",False
128945,नागरिक उन्मुक्ति पार्टी,Q111023640,Nagrik Unmukti Party,False
124231,साइबर युद्ध,Q849340,Cyberwarfare,False
79942,युवावस्था,Q190007,Youth,False
44549,भरुच,Q760153,Bharuch,False
78454,धूप बाटो,Q118468,Land of Frankincense,False
137682,प्राचीन मेसोपोटामियाली धर्म,Q21028568,Ancient Mesopotamian religion,False
69947,आसन्न कोण,Q1347094,Transversal (geometry),False
146813,स्क्रोल कम्प्रेसर,Q643363,Scroll compressor,False
54348,गणगौर,Q3566356,Gangaur,False
7285,नेपाली राहदानी,Q283853,Nepalese passport,False
28630,गुण्डु,Q5618681,"Gundu, Nepal",False
10600,कमला रोका,Q66684534,Kamala Roka,False
8207,"मुगु, मुगु",Q6932231,"Mugu, Nepal",False
128836,परिवर्तन गाउँपालिका,Q105102544,Paribartan Rural Municipality,False
78174,"जिवाश्म होमिनिड क्षेत्रहरूको स्टर्कफोन्टेइन, स्वार्टक्रन्स, क्रोमद्राइ, र इन्भिरोन्स",Q1130112,Cradle of Humankind,False
43571,दक्षिणी ध्रुव,Q933,South Pole,False
22502,अपकृत्य,Q158970,Tort,False
109206,जँ-जाक रूसो,Q6527,Jean-Jacques Rousseau,False
33239,काँडेवास,Q3422383,Kandebas,False
145020,नानचाङ,Q171943,Nanchang,False
32044,शनिका प्राकृतिक उपग्रहहरु,Q1972,Moons of Saturn,False
122011,विन्डोज ११,Q107269746,Windows 11,False
1962,एस्टोनिया,Q191,Estonia,False
120453,बर्जु ताल,Q96373156,Barju Taal,False
54514,मिनिस्कर्ट,Q230823,Miniskirt,False
103700,जारी पुँजी,Q4991666,Issued shares,False
64325,बागलुङ नगरपालिका,Q1659597,Baglung,False
143086,सबैभन्दा ठूला जलविद्युत गृहहरूको सूची,Q221144,List of largest hydroelectric power stations,False
84286,बेन स्टोक्स,Q4886521,Ben Stokes,False
48739,गिठ्ठा,Q311239,Dioscorea bulbifera,False
54229,स्लिपिङ्ग ब्याग,Q214638,Sleeping bag,False
124558,टाइटनमा आक्रमण,Q586025,Attack on Titan,False
26199,राँक,Q7293197,"Rank, Nepal",False
32995,जिमा,Q6199133,"Jima, Nepal",False
17401,मोगा जिल्ला,Q1946896,Moga district,False
124237,आलिताल,Q3414642,Alital,False
56285,खडखडे हाँस,Q28106966,Gadwall,False
8815,वैज्ञानिक,Q901,Scientist,False
140087,२१ तोपको सलामी,Q49095233,21-gun salute,False
27800,रामराजाप्रसाद सिंह,Q1430025,Ram Raja Prasad Singh,False
53117,रक्तदान,Q53467,Blood donation,False
52470,गुगल भिडियो,Q219885,Google Video,False
93217,बडाखसान,Q32056,Badakhshan,False
57668,बहुरुपी मलसाँप्रो,Q25345,Stoat,False
26791,सितौला,Q3421893,Sitaula,False
29072,सुली प्रुधोमे,Q42247,Sully Prudhomme,False
81805,वर्णशङ्कर,Q42621,Hybrid (biology),False
26938,राजारानी,Q9303289,"Rajarani, Dhankuta",False
7220,अर्जेन्टिना,Q414,Argentina,False
76187,वर्तमानकाल,Q192613,Present tense,False
56371,खर भ्याकुर,Q28922042,Striated babbler,False
22510,पञ्चायती व्यवस्था,Q7130299,Panchayat (Nepal),False
14224,पिलाडी,Q3411689,Piladi,False
91531,शाणवी श्रीवास्तव,Q16199660,Shanvi Srivastava,False
104424,पृथ्वीमा रहेका सबैभन्दा लामा हिम श्रृङ्खलाहरूको सूची,Q6626720,List of longest mountain chains on Earth,False
129649,युद्धको घोषणा,Q334516,Declaration of war,False
129394,"राष्ट्रिय पञ्चायत निर्वाचन, २०३८",Q6994484,1981 Nepalese general election,False
100780,तुर्बत,Q2977093,Turbat,False
74824,आन्तरिक जाँच,Q6047789,Internal check,False
26795,हिकिला,Q3425007,Hikila,False
53706,अङ्गद,Q3166589,Angada,False
75224,सोनम कपूर,Q1192750,Sonam Kapoor,False
6426,रानुदेवी अधिकारी,Q19517692,Ranu Devi Adhikari,False
3854,चारघरे,Q965414,Charghare,False
133785,लक्ष्मी शर्मा,Q62604242,Laxmi Sharma,False
128386,पृथ्वीनारायण क्याम्पस,Q7245949,Prithvi Narayan Campus,False
147605,तोलनि बिया,Q62640311,Tuloni biya,False
51470,द डार्क टावर ५: वल्भ्स अफ द काला,Q247364,The Dark Tower V: Wolves of the Calla,False
95324,फिलिपिनि भाषा,Q33298,Filipino language,False
78726,फारसको बगैंचा,Q4460,Persian gardens,False
23083,नेब्रास्का,Q1553,Nebraska,False
100537,२००१ युइएफए च्याम्पियन्स लिग फाइनल,Q772884,2001 UEFA Champions League final,False
126336,मेरुदण्ड,Q482853,Spinal column,False
31254,कल्याणपुर जब्दी,Q3417992,Kalyanpur Jabadi,False
66518,चुकन्दर,Q165191,Beta vulgaris,False
12188,हमीरपुर जिल्ला (उत्तर प्रदेश),Q2019757,"Hamirpur district, Uttar Pradesh",False
111180,हेदभिग लिन्दाल,Q452567,Hedvig Lindahl,False
4310,धारी,Q3411775,"Dhari, Nepal",False
143705,बिना देवी,Q115794451,Bina Devi (Nepalese politician),False
13986,फलाम,Q677,Iron,False
136468,श्रीलङ्काको संविधान,Q2679022,Constitution of Sri Lanka,False
23689,नुनढाकी,Q3414328,Nundhaki,False
26195,भावाङ,Q4901591,Bhawang,False
86092,सब्वे सर्फर्स,Q9176944,Subway Surfers,False
49745,स्टेभेन जेरार्ड,Q459830,Steven Gerrard,False
6405,रणबहादुर शाह,Q2714575,Rana Bahadur Shah,False
118948,जोकर (द डार्क नाइट),Q7743454,Joker (The Dark Knight),False
114972,कामुक फोटोग्राफी मोडल,Q3286043,Erotic photography model,False
91274,पाउँदुर,Q27964086,Paudhur,False
99463,टर्की राष्ट्रिय फुटबल टोली,Q483856,Turkey national football team,False
56370,खडाई भ्याकुर,Q62098341,Slender-billed babbler,False
100654,शिन्जि कागवा,Q154708,Shinji Kagawa,False
56673,नौनीकण्ठे अर्जुनक,Q3315010,Pale-chinned flycatcher,False
49798,शुक्र सङ्क्रमण,Q185203,Transit of Venus,False
17577,जीन्द जिल्ला,Q268605,Jind district,False
14019,भोकमरी,Q168247,Famine,False
56514,चिप्चिपे फिस्टो,Q185784,Common chiffchaff,False
29554,थानसिङ,Q3428961,Thansing,False
5249,राष्ट्रिय वाणिज्य बैङ्क,Q7295296,Rastriya Banijya Bank,False
10802,मूल वक्ताहरूको सङ्ख्या अनुसार भाषाहरूको सूची,Q4319,List of languages by number of native speakers,False
75070,शत्रुघ्न सिन्हा,Q3595242,Shatrughan Sinha,False
92419,महारानी सुवर्णप्रभा देवी,Q24952300,Subarna Prabha Devi,False
10346,सीतामढी जिल्ला,Q100144,Sitamarhi district,False
44511,हिसुआ,Q2317259,Hisua,False
17449,दतिया जिल्ला,Q2206266,Datia district,False
56640,कालोढाडे खोलेधोबिनी,Q3314677,Black-backed forktail,False
33411,सिल्दुजूरे,Q3425325,Sildujure,False
50716,एली कोल,Q5365333,Ellie Cole,False
114969,दिलिप अग्रवाल,Q24565061,Dileep Agrawal,False
3294,ठुलापोखरा,Q6628042,Thulo Pokhara,False
9389,माछापुच्छ्रे हिमाल,Q1051394,Machapuchare,False
26775,गुलिजार,Q6973491,Gulijar,False
93262,ढोरपाटन नगरपालिका,Q5269781,Dhorpatan,False
31703,"सीतापुर, बाँके",Q6652629,"Sitapur, Banke",False
139427,"इलाम–२ उपनिर्वाचन, २०८१",Q125732716,2024 Ilam–2 by-election,False
134455,नवनीत आदित्य वाइबा,Q50048571,Navneet Aditya Waiba,False
80443,शार्लिज थेरोन,Q80046,Charlize Theron,False
141864,धर्म,Q134293,Dharma,False
6572,सिन्धुपाल्चोक जिल्ला,Q28445,Sindhupalchowk District,False
91040,जलपाइगुडी जिल्ला,Q1351487,Jalpaiguri district,False
105989,हिन्द-इरानी नागरिक,Q2453813,Indo-Iranians,False
55144,साँखु,Q7418716,Sankhu,False
18197,काकद्विप उपविभाग,Q6349337,Kakdwip subdivision,False
51980,बियोन्ड लाइज द वब (संग्रह),Q4899995,Beyond Lies the Wub (collection),False
71064,ग्यारेथ बेल,Q184586,Gareth Bale,False
77856,मजब,Q724484,M'zab,False
86893,३६ चाइना टाउन (२००६ चलचित्र),Q227520,36 China Town,False
57388,नुन,Q11254,Salt,False
32362,कुपिण्डेदह,Q6441224,"Kubhinde, Salyan",False
31875,महादैया तपनपुर,Q3417039,Mahadaiyatapanpur,False
129425,दुबई इमिरेट्स,Q613,Emirate of Dubai,False
17263,सुरेन्द्रनगर जिल्ला,Q237535,Surendranagar district,False
12913,बकुल्लो,Q18789,Heron,False
28640,सिपाडोल,Q3423264,Sipadol,False
100912,नेपाली परम्परागत नापका इकाई,Q17061264,Nepalese customary units of measurement,False
140357,मौना केया,Q131230,Mauna Kea,False
71396,दमन र दीव,Q66710,Daman and Diu,False
47156,साधु,Q654776,Sadhu,False
127074,चन्द्रागिरी केबलकार,Q28184007,Chandragiri Cable Car,False
23206,मुद्रा विनिमय,Q515371,Cross-currency swap,False
26103,"सल्लेरी, दैलेख",Q6974073,"Salleri, Dailekh",False
99975,तुर्कमेनिस्तान महिला राष्ट्रिय फुटबल टोली,Q7855446,Turkmenistan women's national football team,False
98674,बेरोजगारी,Q41171,Unemployment,False
88750,दोहा,Q3861,Doha,False
50856,मेगान फक्स,Q80069,Megan Fox,False
33471,ग्यासरब्रम प्रथम,Q187138,Gasherbrum I,False
56580,भित्तेगौँथली,Q3136320,Grey-throated martin,False
77920,लाहोर किल्ला,Q613720,Lahore Fort,False
61795,जेनेलिया डिसुजा,Q63730,Genelia D'Souza,False
4293,धनुषाधाम,Q3414091,Dhanusadham,False
104551,सदाशिव मल्ल,Q65395506,Sadashiva Malla,False
25559,ग्याल्बो ल्होसार,Q19672090,Gyalpo Losar,False
108551,स्विगी,Q65944364,Swiggy,False
120148,जोइता मोण्डल,Q52082280,Joyita Mondal,False
108598,बाङ्लापिडिया,Q2642057,Banglapedia,False
97652,लियूआओबाओ,Q41617,Liu Xiaobo,False
120777,त्रिशूली हिमाल,Q4135027,Tirsuli,False
55600,मोटरगाडी,Q1420,Car,False
27594,काभ्रे नित्यचण्डेश्वरी,Q949170,Kavre Nitya Chandeswori,False
100236,इन्डियन एयरलाइन्स फ्लाइट ८१४,Q2009640,Indian Airlines Flight 814,False
26780,पिपलचौरी,Q3418479,Pipalchauri,False
103405,नान्यदेव,Q63190359,Nanyadeva,False
145183,जान्जिबार,Q1774,Zanzibar,False
14226,बाँसी,Q6812958,"Bansi, Nepal",False
13098,जेट बोट,Q1355094,Jetboat,False
107736,आदमदिघी उपजिल्ला,Q2608027,Adamdighi Upazila,False
10784,नमस्ते,Q60653,Namaste,False
134407,पेयशाला,Q187456,Bar (establishment),False
51594,ह्वाइल द लाइट लास्ट्स एन्ड अदर स्टोरिज,Q656127,While the Light Lasts and Other Stories,False
107700,उरिदू प्यालेस्टाइन,Q12194908,Ooredoo Palestine,False
131660,कुमारगुप्त प्रथम,Q470715,Kumaragupta I,False
143034,भारतको जनगणना,Q16056280,Census of India,False
144182,धितो ऋण,Q1210094,Mortgage,False
3712,भुम्लिचोक,Q3410522,Bhumlichok,False
121824,गण्डकी प्रदेश सभा,Q55630691,Gandaki Provincial Assembly,False
1908,अजरबैजान,Q227,Azerbaijan,False
148947,क्षीर सागर,Q4301069,Kshira Sagara,False
108146,साइप्रस दूरसञ्चार प्राधिकरण,Q3565273,Cyta,False
60883,ऋतिक रोशन,Q233619,Hrithik Roshan,False
52501,रामराज पन्त,Q7288560,Ram Raj Pant,False
57137,कुरारी फ्यालफ्याले,Q28514,River tern,False
82970,१९९८ फिफा विश्वकप,Q101730,1998 FIFA World Cup,False
12543,लप्सी,Q5103838,Choerospondias axillaris,False
26782,मालिकार्जुन गाउँपालिका,Q104846104,Malikarjun Rural Municipality,False
32368,जिमाली,Q7342876,Jimali,False
26736,माधोपुर,Q6727368,"Madhopur, Rautahat",False
16044,विजयादशमी,Q10274,Vijayadashami,False
79284,रिङ का किङ,Q1189424,Ring Ka King,False
136038,दिपकबहादुर सिंह,Q115525330,Deepak Bahadur Singh,False
29604,"खरी, धादिङ",Q3419602,"Khari, Nepal",False
56796,गुलाफी रानीचरी,Q1028567,Rosy minivet,False
122020,आन्ध्र प्रदेश दिवस,Q25567887,Andhra Pradesh Day,False
33677,एन्डिज,Q5456,Andes,False
58212,रमित ढुङ्गाना,Q19682942,Ramit Dhungana,False
27532,गोठपानी,Q3423845,Gothpani,False
55470,यौन खेलौना,Q10816,Sex toy,False
26921,"डाँडागाउँ, धनकुटा",Q5215646,"Dandagaun, Dhankuta",False
10381,मौसम विज्ञान,Q25261,Meteorology,False
78812,तिवानाकु,Q61750,Tiwanaku,False
29118,घुमखहरे,Q3427548,Ghumkhahare,False
26329,"भगवानपुर, बारा",Q4900685,"Bhagwanpur, Nepal",False
80343,चीन-नेपाल मितेरी राजमार्ग,Q1073193,Friendship Highway (China–Nepal),False
108694,ब्र्याक बैङ्क,Q4836322,BRAC Bank,False
9738,मोजिला थन्डरबर्ड,Q483604,Mozilla Thunderbird,False
29107,कल्याण,Q6354834,"Kalyan, Nepal",False
38626,थुम्पाखर,Q643337,Thum Pakhar,False
132934,बासमती,Q1649635,Basmati,False
47152,ह्विट्नी ह्यूस्टन,Q34389,Whitney Houston,False
15571,यार्ग,Q377020,Cornish Yarg,False
88701,हजार अक्षर ग्रन्थ,Q1265243,Thousand Character Classic,False
49337,कपुरको रूख,Q158722,Camphora officinarum,False
52687,ल्वाङकसानी,Q13710,Mirabilis jalapa,False
104273,सरा लारसन,Q4177928,Zara Larsson,False
81034,एना ओर्टिज,Q237186,Ana Ortiz,False
30367,मच्छेगाउँ,Q3423137,Machchhegaun,False
146382,फर्की फर्की,Q126954879,Farki Farki,False
114825,ग्यालेक्सी सार्वजनिक विद्यालय,Q5518136,Galaxy Public School,False
56741,रक्तशिर,Q374805,Red-headed trogon,False
136893,चण्डेश्वर ठक्कुर,Q97959519,Caṇḍeśvara Ṭhakkura,False
58112,सुपारी,Q1816679,Areca nut,False
146501,सरकारी लेखापरिक्षण,Q5589416,Government performance auditing,False
114644,एकाधिकार,Q43637,Monopoly,False
134545,भीनफास्ट,Q56660561,VinFast,False
78349,अवश नदी,Q782845,Awash River,False
17155,ब्रेमन (राज्य),Q1209,Bremen (state),False
17100,ओडिसाका जिल्लाहरू,Q2471598,List of districts of Odisha,False
133933,मेडचल मलकाजगिरि जिल्ला,Q27614841,Medchal-Malkajgiri district,False
133259,लङ्का प्रिमियर लिग,Q55616566,Lanka Premier League,False
75296,प्लेमेकर,Q1201458,Playmaker,False
129050,नरदेव पाण्डे,Q111549551,Nara Dev Pandey,False
26271,अमृतगन्ज,Q4748692,Amritganj,False
17606,ऊना जिल्ला,Q2301741,Una district,False
26712,मठिया,Q7210923,Mathiya,False
53866,रवि शंकर (धार्मिक गुरु),Q468374,Ravi Shankar (spiritual leader),False
122899,जलविद्युत उर्जा,Q80638,Hydroelectricity,False
82880,डायना पेन्टी,Q4781915,Diana Penty,False
119488,गौडिय वैष्णव सम्प्रदाय,Q1144575,Gaudiya Vaishnavism,False
31308,लगडी गोठ,Q6471830,Lagadigoth,False
23309,कोरोबारी,Q7131399,Korobari,False
32827,मुडभरा,Q3427201,Mudabhara,False
50337,म्यारी केरी (अभिनेत्री),Q167572,Mary Carey (actress),False
29810,"भवानीपुर, सर्लाही",Q4901599,"Bhawanipur, Sarlahi",False
62125,लागत,Q13516686,Expense,False
56569,कालोकल्की पहेंलोजुरेली,Q82992039,Black-crested bulbul,False
78769,सामन्था रुथ प्रभु,Q3520314,Samantha Ruth Prabhu,False
85903,ससुराल सिमर का,Q33307,Sasural Simar Ka,False
25604,रोजर फेडरर,Q1426,Roger Federer,False
38566,नेपाल एसबिआई बैङ्क,Q13182740,Nepal SBI Bank,False
99008,ए एस मोनाको एफसी,Q180305,AS Monaco FC,False
23168,अनमिन,Q677646,United Nations Mission in Nepal,False
137149,विद्युतीय मोटर,Q72313,Electric motor,False
88320,रोय (चलचित्र),Q7372496,Roy (2015 film),False
146558,नियन्त्रण (व्यवस्थापन),Q55608371,Control (management),False
100501,२०१४ ओएफसी महिला राष्ट्र कप,Q10860212,2014 OFC Women's Nations Cup,False
57676,आसामी रातो बाँदर,Q738925,Assam macaque,False
12723,विष्णुप्रयाग,Q2773350,Vishnuprayag,False
138476,अन्डरडग,Q2975393,Underdog,False
97807,लुई टम्लिन्सन,Q3624971,Louis Tomlinson,False
136127,मौसम ढकाल,Q122168648,Mousom Dhakal,False
104319,नेटालिया,Q231508,Natalya Neidhart,False
61166,च्याब्रुङ,Q55607637,Chyabrung,False
134337,मेजर लिग सकर,Q18543,Major League Soccer,False
60594,म्याडोना (मनोरञ्जनकर्मी),Q1744,Madonna,False
99943,जावलाखेल दरबार,Q24928138,Jaulakhel Durbar,False
68250,१९७९ क्रिकेट विश्वकप,Q1139927,1979 Cricket World Cup,False
23147,फूलकोबी,Q7537,Cauliflower,False
115831,खैरो स्याल,Q215250,Gray fox,False
93230,अस्ट्रालोइड नश्ल,Q854556,Australo-Melanesian,False
61690,उभौली,Q15629707,Ubhauli,False
133174,सरीसृपयुग,Q45805,Jurassic,False
17299,ईरोड जिल्ला,Q15155,Erode district,False
73307,नर्मदा नदी,Q234004,Narmada River,False
142385,लिथियम ब्रोमाइड,Q409701,Lithium bromide,False
85246,मोहे रंग दे,Q12448137,Mohe Rang De,False
87521,अन्डरवर्ल्ड (चलचित्र),Q164804,Underworld (2003 film),False
18217,घिरौँला,Q232909,Luffa,False
32551,घोरे,Q5556951,Ghore,False
131627,अभिर वंश,Q104830201,Abhira dynasty,False
132974,हिन्दचीन,Q43467,Mainland Southeast Asia,False
120656,नेपालका राष्ट्रप्रमुखहरूको सूची,Q27958729,List of heads of state of Nepal,False
27099,"नवलपुर, सिन्धुपाल्चोक",Q3415660,Nawalpur,False
122517,पीर पञ्जाल रेलवे सुरुङ,Q7197614,Banihal–Qazigund Railway Tunnel,False
58622,ड्रेक,Q33240,Drake (musician),False
5940,जैर,Q6164879,Jaur,False
4318,सिक्किम,Q1505,Sikkim,False
120074,गिगी हदिद,Q16843706,Gigi Hadid,False
148540,उग्रसेन,Q2978451,Ugrasena,False
100102,रोबर्ट एन्ड्रयु मिलिकन,Q130975,Robert Millikan,False
92616,बगनासकाली गाउँपालिका,Q30307535,Bagnaskali Rural Municipality,False
56740,ठेउवा,Q477133,Indian roller,False
71792,टिमभ्युअर,Q1066769,TeamViewer,False
98030,सूक्ष्मतरङ्ग,Q127995,Microwave,False
63753,सुविन लिम्बू,Q16845739,Subin Limbu,False
26968,"ओख्रे, भोजपुर",Q3418622,Okhre,False
101179,आपारात,Q16045816,Aparat,False
94760,रिचा गङ्गोपाध्याय,Q3523690,Richa Gangopadhyay,False
143681,सूर्यकुमारी श्रेष्ठ,Q115786148,Surya Kumari Shrestha,False
56286,फुर्के हाँस,Q28106789,Falcated duck,False
12468,कुहिरो,Q37477,Fog,False
4257,देवल दिव्यपुर,Q3414193,Dewal Dibyapur,False
131284,सूर्य मल्ल,Q47541977,Surya Malla,False
99674,युक्रेन राष्ट्रिय फुटबल टोली,Q170403,Ukraine national football team,False
4666,आल्प्स,Q1286,Alps,False
100070,वेस्टह्याम युनाइटेड फुटबल क्लब,Q18747,West Ham United F.C.,False
121708,अनुप राज शर्मा,Q67201469,Anup Raj Sharma,False
54141,भक्का,Q107980084,Bhakkha,False
32530,घोडादौडा पिपरा,Q3423766,Ghoddauda Pipra,False
32828,तिजाली,Q3415162,Tijali,False
107539,अहली संयुक्त बैङ्क,Q18746438,Ahli United Bank,False
121108,नेपालका इन्टरनेट सेवा प्रदायकहरूको सूची,Q7000909,List of internet service providers in Nepal,False
114333,राउडी बेबी,Q85798015,Rowdy Baby,False
134441,बागडी भाषा,Q2426319,Bagri language,False
144180,निवृत्तिभरण कोष,Q182103,Pension fund,False
17215,राजनान्दगाउँ जिल्ला,Q2341800,Rajnandgaon district,False
42550,रूख,Q10884,Tree,False
16077,ग्यासको पिण्ड,Q121750,Gas giant,False
53703,न्यूट्रोन,Q2348,Neutron,False
144359,निप्रो,Q48256,Dnipro,False
29955,विद्यादेवी भण्डारी,Q16193958,Bidya Devi Bhandari,False
132681,मोरङ १ (निर्वाचन क्षेत्र),Q104835842,Morang 1,False
83416,प्रिया तेन्दुलकर,Q3630378,Priya Tendulkar,False
124762,आरआरआर (चलचित्र),Q60424165,RRR,False
47081,आर्मेनियाली भाषा,Q8785,Armenian language,False
50844,प्रजनन अधिकार,Q1536343,Reproductive rights,False
83144,अश्विनी पोनप्पा,Q467931,Ashwini Ponnappa,False
9436,भारतका राज्य तथा सङ्घ राज्य क्षेत्रको राजधानीहरू,Q3518799,List of state and union territory capitals in India,False
2689,शिक्षा,Q8434,Education,False
32005,टाक्सिन्दु,Q3416327,Takasindu,False
61971,दुर्गानन्द झा,Q5316385,Durgananda Jha,False
57637,वन कुकुर,Q132585,Dhole,False
28070,सुकाटियाँ,Q7238130,Sukitaya,False
105709,नवी मुम्बई,Q61445,Navi Mumbai,False
105275,पार्थिवेन्द्र मल्ल,Q116689324,Parthibendra Malla,False
124709,लिथियम आयन ब्याट्री,Q2822895,Lithium-ion battery,False
82706,रिया सेन,Q748926,Riya Sen,False
83439,सुराङ्गना बन्डोपाध्याय,Q19609674,Surangana Bandyopadhyay,False
50874,सलमा हायेक,Q125106,Salma Hayek,False
101192,नडाइल जिल्ला,Q1550260,Narail District,False
137035,दक्षिणी चिनियाँ सागर,Q37660,South China Sea,False
88581,कग्युद,Q471187,Kagyu,False
3831,चण्डिका,Q3426748,"Chandika, Nepal",False
68932,सओरि किमुरा,Q233908,Saori Kimura,False
129051,सरिता तिवारी,Q111142874,Sarita Tiwari,False
12173,नारद,Q844066,Narada,False
60956,सद्भावना पार्टी,Q3366312,Sadbhavana Party,False
84870,मोबाइल वित्तीय सेवाहरू,Q1154408,Mobile commerce,False
55467,गुदा मैथुन,Q8398,Anal sex,False
45414,एथेन्स,Q1524,Athens,False
82656,सुचित्रा सेन,Q467343,Suchitra Sen,False
53887,शैतान,Q35230,Satan,False
124642,भगवन्त मान,Q4900687,Bhagwant Mann,False
48418,जेमा सिमोन,Q5530574,Gema Simon,False
14209,अरुण थापा,Q4802145,Arun Thapa,False
92824,कृष्णहरि बराल,Q6437524,Krishnahari Baral,False
100728,रावलपिन्डी,Q93230,Rawalpindi,False
132378,वाष्प टर्बाइन,Q189859,Steam turbine,False
31995,"केरुङ, सोलुखुम्बु",Q6394801,Kerung VDC,False
26057,कोटिला,Q6434061,"Kotila, Bajura",False
4408,ञ,Q12925482,Ña,False
27815,डेभिड भिया,Q83006,David Villa,False
124554,फेब्रुअरी क्रान्ति,Q101534,February Revolution,False
121890,राजर्षि जनक विश्वविद्यालय,Q107172243,Rajarshi Janak University,False
29826,ढुङ्ग्रेखोला,Q3410252,Dhungrekhola,False
130049,पहिलो लुम्बिनी प्रदेश सभा,Q115824327,1st Lumbini Provincial Assembly,False
93167,फलेवास नगरपालिका,Q104880151,Phalewas Municipality,False
62386,ज्यामी समर्स,Q6147527,Jamie Summers,False
135673,सार्दी खोला जलविद्युत केन्द्र,Q104873210,Sardi Khola Hydropower Station,False
26672,अकोलवा,Q3428523,Akolawa,False
26694,डुमरिया परोहा,Q5313999,Dumriyachaur,False
104043,शिश्न,Q58,Penis,False
30496,सूर्यमुखी फूल,Q171497,Common sunflower,False
26948,पाताले छाँगो,Q37724,Davis Falls,False
132530,रुपन्देही ४ (निर्वाचन क्षेत्र),Q104882185,Rupandehi 4,False
30360,नैकाप पुरानोभञ्ज्याङ,Q3425595,Naikap Purano Bhanjyang,False
95499,उत्तरी साइप्रस,Q23681,Northern Cyprus,False
38625,पचाल झरना,Q13182987,Pachal waterfall,False
99584,चाल शक्ति,Q46276,Kinetic energy,False
32554,बहुअर्वा भाठा,Q4842938,Bahuarba Bhatha,False
101294,मार्कण्डेय ऋषि,Q249381,Markandeya,False
71425,अब्दुल्ला यमिन,Q4665896,Abdulla Yameen,False
146084,पाकिस्तानमा महिला,Q8031481,Women in Pakistan,False
15801,हत्केला,Q231003,Palm,False
99642,लिस्टेनस्टाइन राष्ट्रिय फुटबल टोली,Q186690,Liechtenstein national football team,False
12634,बालुवा समयक,Q179904,Hourglass,False
18410,अलीगढ मुस्लिम विश्वविद्यालय,Q196544,Aligarh Muslim University,False
52704,धुपी सल्ला,Q147388,Cryptomeria,False
56920,सानो गट्टेबट्टाई,Q18836,Common buttonquail,False
144045,समाजवादी मोर्चा (नेपाल),Q121076616,Socialist Front (Nepal),False
83055,शीना शाहाबादी,Q7492390,Sheena Shahabadi,False
60900,तीतो सत्य,Q7810198,Tito Satya,False
86571,जय सोनी,Q6167208,Jay Soni,False
136575,बिलासपुर,Q860452,"Bilaspur, Chhattisgarh",False
100272,२०१५ अफ्रिकी राष्ट्र कप,Q1364269,2015 Africa Cup of Nations,False
75781,शत्रुघ्न,Q3518451,Shatrughna,False
72716,कर लेखापरीक्षण,Q6015087,Income tax audit,False
130408,थकाली भाषा,Q7709348,Thakali language,False
78064,इचेकुल राष्ट्रिय निकुञ्ज,Q45894,Lake Ichkeul,False
141436,मित्याल,Q3419863,Mityal,False
140073,कान्ति राजपथ,Q108853184,Kanti Highway,False
146416,बलात्कारको इतिहास,Q5868622,History of rape,False
49463,चाबहिल,Q5065997,Chabahil,False
51919,द सिमुलाक्रा,Q1059912,The Simulacra,False
10003,तुलसी गिरी,Q2510568,Tulsi Giri,False
88219,टङ्क बस्नेत,Q7683512,Tanka Basnet,False
77409,लोथर माथेउस,Q36386,Lothar Matthäus,False
132165,एमिलियानो मार्टिनेज,Q3275904,Emiliano Martínez,False
68415,अग्रसेन,Q2721961,Agrasen,False
150670,फ्रान्सिस्को फ्रान्को,Q29179,Francisco Franco,False
100243,माडागास्कर महिला राष्ट्रिय फुटबल टोली,Q6726164,Madagascar women's national football team,False
5936,जहदी,Q3413155,Jahadi,False
93994,आर्य जाति,Q1267849,Indo-Aryan peoples,False
57102,चित्राङ्गड,Q31617,Greater painted-snipe,False
54727,पेयपदार्थ,Q40050,Drink,False
108142,नेटभिगेटर,Q10468910,Netvigator,False
47603,मधेशी जनअधिकार फोरम मधेश,Q6727347,Madhesi Janadhikar Forum Madhesh,False
140003,२०२५ अन्डर-१९ महिला टी-२० विश्व कप,Q115803364,2025 Under-19 Women's T20 World Cup,False
87336,इन्डियन सुपर लिग गोल्डेन बुट,Q19891902,Indian Super League Golden Boot,False
127811,कान्तिपुर पब्लिकेशन्स,Q16988729,Kantipur Publications,False
58570,"फ्लोरेन्स,अलाबामा",Q79743,"Florence, Alabama",False
77462,इड्वीन भेन डर सार,Q482955,Edwin van der Sar,False
46573,सङ्गठन,Q43229,Organization,False
121529,दृश्यम २,Q102036246,Drishyam 2,False
130086,विमला राई पौड्याल,Q116245418,Bimala Rai Paudyal,False
122095,सन् १५०५ को मुस्ताङ भूकम्प,Q24929357,1505 Lo Mustang earthquake,False
143667,बिजुला रायमाझी,Q115857193,Bijula Rayamajhi,False
150233,नौसेना,Q4508,Navy,False
101977,ब्ल्याङ्क स्पेस (टेलर स्विफ्टको गीत),Q18441355,Blank Space,False
124926,कञ्चनपुर २ (निर्वाचन क्षेत्र),Q104878694,Kanchanpur 2,False
120424,गार्डियन्स अफ द ग्यालेक्सी (चलचित्र),Q5887360,Guardians of the Galaxy (film),False
18546,माहे जिल्ला,Q639279,Mahe district,False
80942,खगेन्द्र लामिछाने,Q25620685,Khagendra Lamichhane,False
146425,संसदीय दल,Q848197,Parliamentary group,False
131646,मैत्रक वंश,Q6737189,Maitraka dynasty,False
141596,मेलिया ला भिएजा,Q6812419,Melilla la Vieja,False
26343,रतनपुरी,Q6650785,"Ratnapuri, Nepal",False
107035,काइकु,Q7265855,Qaiku,False
33571,सन्दुक रुइत,Q7416997,Sanduk Ruit,False
122824,रामदास काठियाबाबा,Q23620645,Ramdas Kathiababa,False
98188,२०१८ उत्तर कोरिया- संयुक्त राज्य शिखर सम्मेलन,Q50396434,2018 North Korea–United States Singapore Summit,False
147111,विकिमिडिया बङ्गलादेश,Q18559626,Wikimedia Bangladesh,False
25459,लालुपाते फूल,Q208253,Poinsettia,False
129767,ऐना झ्यालको पुतली,Q115641991,Ainaa Jhyal Ko Putali,False
51409,वनभोज,Q506294,Picnic,False
51158,द होम एन्ड द वर्ल्ड,Q7740074,The Home and the World,False
124508,अमृता विश्‍व विद्यापीठम्,Q4748684,Amrita Vishwa Vidyapeetham,False
15150,पानी घट्ट,Q185187,Watermill,False
7369,सिनिङ,Q69060,Xining,False
18175,चाँचल उपविभाग,Q5070856,Chanchal subdivision,False
7306,टाकरी लिपि,Q759202,Takri script,False
100084,बेनिन महिला राष्ट्रिय फुटबल टोली,Q3043280,Benin women's national football team,False
111793,लालझाडी गाउँपालिका,Q65410610,Laljhadi Rural Municipality,False
80514,क्लोइ ग्रेस मोरेट्ज,Q4509,Chloë Grace Moretz,False
32376,पिपलनेटा,Q7197192,Pipal Neta,False
82565,कमला बेनीवाल,Q1892258,Kamla Beniwal,False
81100,भेनेस्सा एक्सेन्ट,Q7914606,Vanessa Axente,False
5145,केसर पुस्तकालय,Q19671551,Kaiser library,False
50097,पुदिना,Q160585,Mentha arvensis,False
97474,रानी पद्मावती,Q3632598,Rani Padmini,False
63406,नेपाल क्रिकेट सङ्घ,Q5184957,Cricket Association of Nepal,False
123673,गोबिन्दबहादुर शाह,Q16191241,Gobinda Bahadur Shah,False
3290,जुकेना,Q3420422,Jukena,False
33391,पार्चे,Q7136448,"Parche, Nepal",False
108092,सैयदपुर उपजिल्ला,Q7215367,Saidpur Upazila,False
150963,चिमामान्डा ङ्गोजी आदिची,Q230141,Chimamanda Ngozi Adichie,False
131174,उद्गार चिह्न,Q166764,Exclamation mark,False
32910,अभिजाततन्त्र,Q123432,Aristocracy,False
57126,पानीगौँथली,Q934460,Small pratincole,False
142920,झण्डा आधा झुकाउने,Q1053885,Half-mast,False
107847,चञ्चल चौधुरी,Q5070851,Chanchal Chowdhury,False
149175,मुद्रा (भावभङ्गी),Q208030,Mudra,False
5868,दुर्गामाण्डौ,Q3427389,Durgamandau,False
57134,तनुठुँडे गंगाचील,Q391421,Slender-billed gull,False
147267,बर्मन भाषा,Q97356879,Barman language,False
87260,पद्म श्री,Q949193,Padma Shri,False
47745,हिज्जे,Q2088390,Spelling,False
137688,मितन्नी,Q178665,Mitanni,False
43520,इब्राहिम शाह सूरी,Q3346393,Ibrahim Shah Suri,False
51631,द सेपरेसन (एनिमर्फ्स),Q7763329,The Separation (Applegate novel),False
17065,संयुक्त राष्ट्र औद्योगिक विकास सङ्गठन,Q386120,United Nations Industrial Development Organization,False
131629,चुटु वंश,Q5118391,Chutu dynasty,False
3842,"चाँगुनारायण, भक्तपुर",Q1963567,Changunarayan,False
29132,मेहलकुना,Q3428427,Mehelkuna,False
57011,तितुभँगेरा,Q739777,Plain mountain finch,False
14363,थोक्लुङ,Q3419609,Thoklung,False
117448,योसिहिदे सुगा,Q122465,Yoshihide Suga,False
134012,शारदा (पत्रिका),Q25575453,Sharada (magazine),False
22991,भूतमेला,Q11293807,Ghost Festival (Nepal),False
108201,शान्तिगञ्ज उपजिल्ला,Q18987579,Shantiganj Upazila,False
87457,अनुपमा देशपाण्डे,Q4777837,Anupama Deshpande,False
103539,डारा टोरेस,Q229926,Dara Torres,False
50127,टेरा प्याट्रिक,Q30628,Tera Patrick,False
77286,माग,Q4402708,Demand,False
114346,गणेश थापा,Q5520854,Ganesh Thapa,False
136057,अनुसन्धान संस्थान,Q31855,Research institute,False
79347,इजरायल संग्रहालय,Q46815,Israel Museum,False
134778,पुष्यभूति वंश,Q28109312,Pushyabhuti dynasty,False
30868,ननुपट्टी,Q7069907,Nannupatti,False
131156,उद्धरण चिह्न,Q8043,Quotation mark,False
100120,साओ तोमे र प्रिन्सिपी राष्ट्रिय फुटबल टोली,Q643073,São Tomé and Príncipe national football team,False
10375,प्रविधि,Q11016,Technology,False
9294,अमेरिकी सामोआ,Q16641,American Samoa,False
129243,डाइभर्टिकुलोसिस,Q278158,Diverticulosis,False
85928,हेली शाह,Q19663694,Helly Shah,False
23817,मैनाकडेरी,Q6736238,Maina Kaderi,False
88376,दशावतार (२००८ चलचित्र),Q3016733,Dashavatar (2008 film),False
135886,रिचार्जेबल ब्याट्री,Q187510,Rechargeable battery,False
97875,सहिद स्मारक ए-डिभिजन लिग २०७५,Q42530898,2018–19 Martyr's Memorial A-Division League,False
86903,मोहित सूरी,Q3319134,Mohit Suri,False
48549,डायने,Q3012036,Bagé (footballer),False
77997,प्यु सिटी राज्यहरू,Q1627675,Pyu city-states,False
111438,डब्ल्युडब्ल्युई र महिला उपाधि विजेताहरूको सूची,Q51657510,List of WWE Women's Champions,False
86251,दक्षिण एसियाली खेलकुद १९८५,Q1135195,1985 South Asian Games,False
56326,वर्तिका भारद्वाज,Q24843,Greater short-toed lark,False
135938,विष्णु कुमार कार्की,Q115912472,Bishnu Kumar Karki,False
117303,नेपालमा पाइने स्तनधारीहरूको सूची,Q6627024,List of mammals of Nepal,False
138126,भिन्सेन्त फन गोख,Q5582,Vincent van Gogh,False
143698,शान्ति चौधरी,Q115794479,Shanti Chaudhary,False
57674,भोटे फ्याउरो,Q319070,Tibetan fox,False
120982,एलिजाबेथ ओल्सेन,Q234644,Elizabeth Olsen,False
77711,प्रजातान्त्रिक गणतन्त्र कङ्गोका विश्व सम्पदा क्षेत्रहरूको सूची,Q4435414,List of World Heritage Sites in the Democratic Republic of the Congo,False
16372,संस्कार,Q2618188,Samskara (Indian philosophy),False
31395,आरूचनौटे,Q3421680,Aaru Chanuate,False
126114,सुनैना,Q3530658,Sunaina,False
150685,२०२६ आइसिसी महिला टि२० विश्वकप,Q121494106,2026 Women's T20 World Cup,False
87755,यमबुद्ध,Q17489572,Yama Buddha,False
4063,दाङबाङ,Q3411995,Dangbang,False
133183,जारी (चलचित्र),Q118108536,Jaari (film),False
56764,नक्कले मारुनीचरी,Q1591229,White-throated fantail,False
84729,पेनाल्टी-सुटआउट,Q2691960,Penalty shoot-out (association football),False
56802,तीखोठुँडे सुनचरी,Q1586220,Slender-billed oriole,False
53813,सार्वजनिक सेवा प्रवाह,Q161837,Public service,False
101240,तुर्माखाँद गाउँपालिका,Q65410357,Turmakhand Rural Municipality,False
136055,विचार समूह,Q155271,Think tank,False
100723,ग्रामीनफोन,Q1784973,Grameenphone,False
86943,विशाल-शेखर,Q3135937,Vishal–Shekhar,False
105740,कन्जर्भेटिभ पार्टी (संयुक्त अधिराज्य),Q9626,Conservative Party (UK),False
15546,फ्लोरेन्स,Q2044,Florence,False
93229,ककेसियाली नस्ल,Q7129609,Caucasian race,False
106254,हिन्दु शाही वंश,Q4955540,Hindu Shahis,False
44772,काबुल,Q5838,Kabul,False
57211,सानो बाज,Q131918,Merlin (bird),False
99325,पुष्कर शाह (विश्व साइकल यात्री),Q7261800,Pushkar Shah,False
76543,मणिमहेश ताल,Q6749758,Manimahesh Lake,False
103401,मनोहर पर्रिकर,Q1391309,Manohar Parrikar,False
33089,गत्लाङ,Q3415509,Gatlang,False
27943,पराल्मी,Q3414386,Paralmi,False
14362,ताम्फुला,Q3421718,Tamfula,False
8595,नेपाल विद्युत प्राधिकरण,Q16257981,Nepal Electricity Authority,False
29140,लाटिकोइली,Q3416345,Latikoili,False
47583,राष्ट्रवादी एकता पार्टी,Q7295287,Rastrabadi Ekta Party,False
54028,जुन्को ताबेई,Q234491,Junko Tabei,False
4127,विक्रम सम्वत्,Q1370848,Vikram Samvat,False
60708,गणतन्त्र आयरल्यान्ड,Q27,Republic of Ireland,False
122279,हरि सिंह ढिल्लोन,Q5657218,Hari Singh Bhangi,False
30831,लक्कड,Q3420388,Lakkad,False
80698,वैशम्पायन,Q2477603,Vaisampayana,False
68758,डग हमरसल्ड,Q1267,Dag Hammarskjöld,False
129310,आम निर्वाचन २०४८ का निर्वाचित सांसदहरू,Q6645391,2nd House of Representatives (Nepal),False
111534,लक्ष्मण रेखा,Q4264110,Lakshmana rekha,False
78193,चपादा दोस भेदिरोस राष्ट्रिय निकुञ्ज,Q750251,Chapada dos Veadeiros National Park,False
129934,"नेपालको राष्ट्रपतिय निर्वाचन, २०७४",Q50376570,2018 Nepalese presidential election,False
50723,सहर (माछा),Q2741221,Tor putitora,False
23686,"जलजला, सङ्खुवासभा",Q6126870,"Jaljala, Sankhuwasabha",False
12719,कुखुरा,Q780,Chicken,False
69688,साबुन,Q34396,Soap,False
13161,चिप्लेकीरा,Q245314,Helix pomatia,False
29841,"जब्दी, सर्लाही",Q6110078,"Jabdi, Sarlahi",False
107110,हटबोट,Q1630663,HotBot,False
15622,जुका,Q43012,Leech,False
26793,सुनसेरा,Q3418233,Sunsera,False
33734,मायावती,Q264896,Mayawati,False
114992,डिज्नी+ हटस्टार,Q19758675,Disney+ Hotstar,False
65252,ट्वाकेफूल,Q1190377,Iris domestica,False
32357,काप्रेचौर,Q7342911,Kabhrechaur,False
130160,छत्रेश्वरी गाउँपालिका,Q65410266,Chhatreshwori Rural Municipality,False
124116,नेपाल सङ्घीय समाजवादी पार्टी,Q55394498,Nepal Federal Socialist Party,False
126745,चटपटे,Q2721562,Bhel puri,False
25292,विनोद चौधरी,Q11165065,Binod Chaudhary,False
12148,तमोर नदी,Q1969382,Tamur River,False
100793,योम किपुर युद्ध,Q49100,Yom Kippur War,False
46872,अरब वसन्त,Q33761,Arab Spring,False
65432,नेदरल्यान्ड राष्ट्रिय फुटबल टोली,Q47050,Netherlands national football team,False
30827,बहुअर्वा,Q3416559,Bahuarba,False
29711,ठूलोखैरटवा,Q738758,Thulo Khairatawa,False
108200,श्रीलङ्काली हात्ती,Q583372,Sri Lankan elephant,False
16495,मार्टिन भान बरेन,Q11820,Martin Van Buren,False
23778,पकरी,Q12436621,"Pakari, Saptari",False
52851,डोमिनिका,Q784,Dominica,False
60703,डेनमार्क राष्ट्रिय क्रिकेट टोली,Q5257993,Denmark national cricket team,False
43453,एम्पीयरको नियम,Q51500,Ampère's circuital law,False
149414,वेल्सका राजकुमार विलियम,Q36812,"William, Prince of Wales",False
133931,नगरकुर्नूल जिल्ला,Q28169773,Nagarkurnool district,False
151097,एमसिएन्डडी,Q85873198,MCND,False
58315,आना पोलिना,Q539733,Anna Polina,False
22908,"मार्टिन लुथर किङ, जुनियर",Q8027,Martin Luther King Jr.,False
57227,बिच भलिवल,Q4543,Beach volleyball,False
77647,एड्डी मर्फी,Q43874,Eddie Murphy,False
3881,बुढागाउँ,Q3412421,Budagaun,False
139254,संयुक्त राष्ट्र महिला,Q641576,UN Women,False
108704,ताडाश उपजिल्ला,Q4451915,Tarash Upazila,False
108821,जयन समूह,Q144364,Zain Group,False
16627,धर्मशास्त्र,Q1076046,Dharmaśāstra,False
15804,कुम,Q1758798,Shoulder joint,False
56381,रातोटाउके वनभ्याकुर,Q28916938,Rufous-capped babbler,False
88333,टिपु सुल्तान,Q10088,Tipu Sultan,False
3917,चक्रतीर्थ,Q3411426,Chakratirtha,False
111179,मेन्डी काप्रिस्तो,Q66102,Mandy Capristo,False
32283,नार,Q679263,"Nar, Nepal",False
5464,अल इन्डिया अन्ना द्रविड मुनेत्र कडगम,Q651141,All India Anna Dravida Munnetra Kazhagam,False
60469,विष्णुप्रताप शाह,Q4917368,Bishnu Pratap Shah,False
119834,बिग ब्यास लिग,Q4905035,Big Bash League,False
27547,चलाल गणेशस्थान,Q3412145,Chalal Ganeshsthan,False
100852,झेलम,Q121551,Jhelum,False
6477,काग तिहार,Q13179959,Kaag Tihar,False
38218,गाजर,Q30056,Daucus carota,False
30986,सिपवा,Q3423920,Sipawa,False
31261,गौरीपुर,Q5527797,"Gauripur, Nepal",False
113817,रोजा सालाजार,Q7367121,Rosa Salazar,False
122947,लेखराज भट्ट,Q3229257,Lekh Raj Bhatta,False
26325,"बसतपुर, बारा",Q4866252,"Basantpur, Bara",False
44714,जलन्धर (असुर),Q6126637,Jalandhara,False
27068,घोर्थली,Q3413273,Ghorthali,False
52348,प्राथमिक उपचार,Q133981,First aid,False
38226,भिंडे खुर्सानी,Q201959,Capsicum,False
108461,शालिखा उपजिल्ला,Q3348603,Shalikha Upazila,False
85648,एयरलिफ्ट,Q19320927,Airlift (film),False
106736,हरिप्रसाद प्रधान,Q68403564,Hari Prasad Pradhan,False
29084,नगदे वाली,Q932139,Cash crop,False
17088,भारतमा दूरसञ्चार सेवा,Q1668014,Telecommunications in India,False
147733,मानवताविरुद्धको अपराध,Q173462,Crimes against humanity,False
44312,द अदर साइड अफ मिडनाइट,Q1317701,The Other Side of Midnight,False
147427,जयन्त राना,Q104419219,Jayant Rana,False
139296,सञ्जु प्रधान,Q7418591,Sanju Pradhan,False
69126,संगिनी नाच,Q7418014,Sangini,False
90636,विजय सुर्या,Q19661004,Vijay Suriya,False
88249,एक हातको ताली (निबन्ध सङ्ग्रह),Q31765286,Ek Haatko Taali,False
56373,नर्कट भ्याकुर,Q3179511,Jerdon's babbler,False
49397,रघुवंश,Q16963406,Raghuvanshi,False
150701,वीर नारायण चौधरी,Q11854281,Bir Narayan Chaudhary,False
108673,कमनफ्लोर,Q19891215,Commonfloor,False
130264,रणधीर कपुर,Q2700318,Randhir Kapoor,False
51996,बियोन्ड लाइज द वब,Q3203490,Beyond Lies the Wub,False
47217,एकन,Q32849,Akon,False
73348,कोलकाता,Q1348,Kolkata,False
17603,सिमला जिल्ला,Q1921404,Shimla district,False
125039,सल्यान १ (निर्वाचन क्षेत्र),Q104875031,Salyan 1,False
31055,खगोलशास्त्रसँग सम्बन्धित शब्दावली,Q5571730,Glossary of astronomy,False
67176,फिलाडेल्फिया विद्यालय जिल्ला,Q2421725,School District of Philadelphia,False
17291,सराइकेला खरसावाँ जिल्ला,Q2362658,Seraikela Kharsawan district,False
124292,नेपालका वन्यजन्तुहरू,Q60793324,Fauna of Nepal,False
128969,पत्रकार,Q1930187,Journalist,False
32284,पिसाङ,Q2353600,Pisang,False
94876,हिलिहाङ गाउँपालिका,Q52006469,Hilihang Rural Municipality,False
32206,मिमी,Q6862101,"Mimi, Nepal",False
47640,खालिङ भाषा,Q56381,Khaling language,False
30594,ढुङ्गाड,Q3410235,Dhungad,False
142099,एयरड्रप,Q406655,AirDrop,False
106898,तारावा,Q2486,Tarawa,False
103217,चन्द्रकान्त राउत,Q5006622,CK Raut,False
105377,लव रञ्जन,Q16799357,Luv Ranjan,False
136428,आइएसओ ९०००,Q206008,ISO 9000 family,False
15451,फिक्कल गाउँपालिका,Q65413903,Phikkal Rural Municipality,False
17803,यमराज,Q45097,Yama,False
56916,खरलाहाँचे,Q25678,Eurasian wryneck,False
10869,ऐँसेलु,Q2717660,Rubus ellipticus,False
54650,गिनेरी,Q13461794,Premna barbata,False
146964,२०२७ क्रिकेट विश्वकप,Q65406641,2027 Cricket World Cup,False
51445,फाइरस्टार्टर (उपन्यास),Q828031,Firestarter (novel),False
69881,नाइट्रोजन चक्र,Q82551,Nitrogen cycle,False
7792,कमेरो,Q183670,Chalk,False
47351,द्वारिकादेवी ठकुरानी,Q13182410,Dwarika Devi Thakurani,False
23459,"अमरपुर, पाँचथर",Q4741035,Ambarpur,False
82935,स्मिता पाटिल,Q467960,Smita Patil,False
135529,मर्स्याङ्दी जलविद्युत केन्द्र,Q104870228,Marsyangdi Hydropower Station,False
33272,रिघा,Q3423353,Righa,False
56837,कृष्णकण्ठ गरुड,Q998703,Black-necked stork,False
133145,भीमवानर,Q36611,Gorilla,False
134497,जयदेव द्वितीय,Q116632748,Jayadeva II,False
130513,गान्धारी भाषा,Q3124623,Gandhari language,False
29176,फर्पिङ लघु जलविद्युत् परियोजना,Q13183618,Pharping Hydropower Station,False
61144,ॐ सेना नेपाल,Q15980892,Om Sena Nepal,False
119721,अर्थ मन्त्रालय (बङ्गलादेश),Q17068712,Ministry of Finance (Bangladesh),False
49914,इराकको इतिहास,Q269678,Ancient Near East,False
27264,लफ्याङ,Q3417196,Laphyang,False
68638,प्राकृतिक इतिहास सङ्ग्रहालय नेपाल,Q6980524,Natural History Museum of Nepal,False
137567,नेपाल-रुस सम्बन्ध,Q6994577,Nepal–Russia relations,False
133330,सामाजिक उदारवाद,Q201712,Social liberalism,False
5470,भारतीय कम्युनिस्ट पार्टी,Q837159,Communist Party of India,False
74900,महिला अधिकार,Q223569,Women's rights,False
31796,पाताभार,Q3419591,Patabhar,False
15491,मङ्गलसेन नगरपालिका,Q2481200,Mangalsen,False
17429,बिष्णुपुर जिल्ला,Q938190,"Bishnupur district, Manipur",False
79691,सुरवीन चावला,Q7647021,Surveen Chawla,False
145108,पाकिस्तानी सेना,Q2078095,Pakistan Army,False
53585,सुर्ती,Q1566,Tobacco,False
149299,अक्षयपात्र,Q4701818,Akshaya Patra,False
78794,एलेपोको पुरानो सहर,Q4115349,Ancient Aleppo,False
133214,बरेली,Q213026,Bareilly,False
31132,तिम्बुङ पोखरी,Q108470932,Timbung Pokhari,False
55092,बर्मेसल्ला,Q179729,Taxus baccata,False
17018,फेवाताल,Q1192928,Phewa Lake,False
121714,क्युबा क्षेप्यास्त्र सङ्कट,Q128160,Cuban Missile Crisis,False
54814,बाटुलीपाते,Q7608205,Stephania japonica,False
130405,रक्षा मन्त्री,Q2518691,Defence minister,False
30003,क्राइस्ट द रिडिमर,Q79961,Christ the Redeemer (statue),False
130341,तीनपाटन गाउँपालिका,Q65413887,Tinpatan Rural Municipality,False
34040,निबुवाखर्क,Q3422412,Nibuwakharka,False
18223,प्याज,Q23485,Onion,False
131233,शिव सहस्रनाम,Q3764799,Shiva Sahasranama,False
2382,होमर सिम्प्सन,Q7810,Homer Simpson,False
77913,मेकनेस,Q178663,Meknes,False
47998,नकुल,Q1978476,Nakula,False
128626,अभिषेक यादव,Q67867446,Abhishek Yadav (Nepalese politician),False
30851,पुष्पवलपुर,Q3414440,Puspalpur,False
92037,विशाल (अभिनेता),Q3534989,Vishal (actor),False
69020,बालश्रम,Q192571,Child labour,False
132458,पहाड,Q54050,Hill,False
50595,तारापुञ्ज,Q318,Galaxy,False
150532,रिठाला मेट्रो स्टेशन,Q4207358,Rithala metro station,False
147219,बङ्गलादेशको संस्कृति,Q3007332,Culture of Bangladesh,False
4023,दहवगर,Q3412053,Dahabagar,False
143703,चन्द्रबहादुर विश्वकर्मा,Q115794471,Chandra Bahadur Bishwakarma,False
78607,जोन सिना,Q44437,John Cena,False
8918,अञ्जनीकुमार शर्मा,Q4765783,Anjani Kumar Sharma,False
80319,टेरेसा पाल्मर,Q234516,Teresa Palmer,False
122805,ब्ल्याकपिङ्क,Q25056945,Blackpink,False
7802,खुला सामग्री,Q1293664,Open content,False
10334,बाँका जिल्ला,Q43097,Banka district,False
126666,रवीन कोइराला,Q113669097,Rabin Koirala,False
49467,ईश्वर (१९८९ चलचित्र),Q3420533,Eeshwar (1989 film),False
147285,सिद्धु मूसेवाला,Q55759824,Sidhu Moose Wala,False
33287,"हटिया, बागलुङ",Q5681670,"Hatiya, Baglung",False
53804,भैरवबहादुर थापा,Q19682090,Bhairav Bahadur Thapa,False
56342,थुपलकल्की जुरेचरा,Q1037999,Stripe-throated yuhina,False
137419,ढाका स्टक एक्सचेन्ज,Q1974408,Dhaka Stock Exchange,False
23825,लालपट्टी,Q3421913,Lalapati,False
142121,मस्कवा नदी,Q175117,Moskva (river),False
149473,रुबी कुमारी ठाकुर,Q138783622,Ruby Kumari Thakur,False
90856,कमल श्रेष्ठ,Q26266084,Kamal Shrestha,False
51621,द रियाक्सन (एनिमर्फ्स),Q7759540,The Reaction (novel),False
85164,मौनी राय,Q6919169,Mouni Roy,False
70169,कश्मीर उपत्यका,Q2361576,Kashmir Valley,False
31305,राधोपुर,Q3411812,Radhopur,False
136546,दक्षिणी प्रदेश (श्रीलङ्का),Q876308,"Southern Province, Sri Lanka",False
56922,देवदूत मणितुण्डक,Q200646,Smew,False
144761,के अन्नामलाई,Q108338121,K. Annamalai (BJP politician),False
33407,सैमराङ,Q3423119,Saimarang,False
120436,उभयलिङ्गी,Q303479,Hermaphrodite,False
69071,आइप्याड मिनी,Q145761,IPad Mini,False
62743,पी. वी. नरसिंह राव,Q275146,P. V. Narasimha Rao,False
137280,मोक्षगुंडम विश्वेश्वरय्या,Q741700,M. Visvesvaraya,False
122573,सङ्कट मोचन हनुमान मन्दिर,Q7418686,Sankat Mochan Hanuman Temple,False
54335,नेपाल राष्ट्रिय क्रिकेट टोली,Q6994470,Nepal national cricket team,False
47887,मन्दोदरी,Q1427875,Mandodari,False
136743,फुजियान,Q41705,Fujian,False
83932,पशुपति शर्मा,Q25621041,Pashupati Sharma,False
49590,ट्याक्सी,Q82650,Taxi,False
108570,भारतीय काँडेदार जङ्गली मुसा,Q1770532,Indian hedgehog,False
43561,रवीन्द्र मिश्र,Q13185276,Rabindra Mishra,False
58533,कृष्टी लेक,Q5109215,Christi Lake,False
26295,तेत्तरिया,Q6650667,Terariya,False
133672,आदिम आर्य इरानेली भाषा,Q966439,Proto-Indo-Iranian language,False
48463,टमेका बट,Q7681128,Tameka Yallop,False
133773,बर्तिका एम राई,Q60256891,Bartika Eam Rai,False
32378,बामे,Q4853476,Bame Banghad,False
129844,पाकिस्तानमा हिन्दु धर्म,Q4200881,Hinduism in Pakistan,False
83194,कृतिका सेङ्गर,Q3523912,Kratika Sengar,False
100511,१९९८ ओएफसी महिला च्याम्पियनसिप,Q1476943,1998 OFC Women's Championship,False
54527,रा-रा स्कर्ट,Q7283272,Rah-rah skirt,False
52826,कुक टापु,Q26988,Cook Islands,False
3726,विगु गाउँपालिका,Q3412219,Bigu Rural Municipality,False
131502,गोरखा २ (निर्वाचन क्षेत्र),Q104876158,Gorkha 2,False
86660,दक्षिण एसियाली फुटबल सङ्घ,Q1375117,South Asian Football Federation,False
110769,ठुँडो,Q31528,Beak,False
54972,पादुकास्थान,Q19680174,Padukasthan,False
80392,जेनिफर एनिस्टन,Q32522,Jennifer Aniston,False
128508,कीर्तन,Q947155,Kirtan,False
30458,"विद्यानगर, कपिलवस्तु",Q3415967,"Vidhyanagar, Kapilvastu",False
13576,क्षमा,Q537963,Forgiveness,False
114684,अश्लील चित्रण,Q291,Pornography,False
88754,ग्रीष्मकालीन ओलम्पिकमा भलिबल,Q6876,Volleyball at the Summer Olympics,False
3932,"छतिवन, डोटी",Q3420510,"Chhatiwan, Doti",False
105624,परमार वंश,Q7135130,Paramara dynasty,False
142503,बोइलर,Q3195517,Boiler,False
100288,मिक ब्लू,Q86123,Mick Blue,False
108073,लियु एलिङ,Q716772,Liu Ailing,False
55025,दीपाश्री निरौला,Q27656966,Deepa Shree Niraula,False
18081,अर्जुन मुण्डा,Q3520052,Arjun Munda,False
86414,जग्गा जासूस (२०१७ चलचित्र),Q15044971,Jagga Jasoos,False
97562,मेकानिकल इन्जिनियरिङ,Q101333,Mechanical engineering,False
148233,छ्यापी फूल,Q3240203,Zephyranthes candida,False
35347,दीप प्रसाद पुन,Q1227115,Dipprasad Pun,False
63222,कङ्कालिनी मन्दिर,Q19671049,Kankalini Temple,False
63272,क्रिडेन्स क्ल्यरवाटर रिभाइभल,Q192463,Creedence Clearwater Revival,False
89007,जोङ्खा भाषा,Q33081,Dzongkha,False
106099,टाकेफुसा कुबो,Q27067753,Takefusa Kubo,False
31745,खैरहनी नगरपालिका,Q6399052,Khairahani,False
9939,कोसी प्रमण्डल,Q579598,Kosi division,False
74828,प्राइभेट लिमिटेड कम्पनी,Q1589009,Privately held company,False
112864,सिग्नल घाँस,Q2699312,Brachiaria,False
100441,भानुअटु राष्ट्रिय फुटबल टोली,Q328318,Vanuatu national football team,False
4959,"अख्तियार दुरुपयोग अनुसन्धान आयोग, नेपाल",Q16935433,Commission for the Investigation of Abuse of Authority,False
143973,सायद (चलचित्र),Q17060128,Saayad,False
30472,हर्दौना,Q5656284,Hardauna,False
61363,डीनो मोरिया,Q368447,Dino Morea,False
132544,लमजुङ १ (निर्वाचन क्षेत्र),Q104875724,Lamjung 1,False
114633,"हतारिँदै, बतासिँदै",Q62587122,"Hataarindai, Bataasindai",False
74891,नारीवाद,Q7252,Feminism,False
102708,"सिद्धिविनायक मन्दिर, मुम्बई",Q13115097,"Siddhivinayak Temple, Mumbai",False
54418,भान्सा,Q43164,Kitchen,False
100216,पहाडी,Q1530167,Pahari people (Nepal),False
14647,सूर्यमान गुरुङ,Q7647354,Surya Man Gurung,False
97549,दिमित्री मेदभेदेभ,Q23530,Dmitry Medvedev,False
804,नेपाल,Q837,Nepal,False
9462,गोर्खाल्यान्ड,Q260713,Gorkhaland movement,False
97921,इन्दिरा दाँगी,Q28045045,Indira Dangi,False
76185,अन्तरिक्ष कलम,Q284204,Space Pen,False
54744,"माउन्टेन भ्यु, क्यालिफोर्निया",Q486860,"Mountain View, California",False
16846,अयोध्या विवाद,Q3522690,Ayodhya dispute,False
82644,अनु लामा,Q19594161,Anu Lama,False
29734,बडहरा दुबौलिया,Q3419239,Badahara Dubauliya,False
46692,जयप्रकाश मल्ल,Q15955168,Jaya Prakash Malla,False
74129,दाउरा,Q35808,Firewood,False
31905,"रघुनाथपुर, महोत्तरी",Q7001387,"Raghunathpur, Mahottari",False
87098,रणदीप हुड्डा,Q4141279,Randeep Hooda,False
97032,ककबरक भाषा,Q35947,Kokborok,False
5019,प्याङ,Q2338345,Pyang,False
87764,प्लेयर्स (२०१२ चलचित्र),Q2617038,Players (2012 film),False
55703,जनकपुर विमानस्थल,Q2901010,Janakpur Airport,False
80354,किङफिसर पात्रो,Q6412743,Kingfisher Calendar,False
11122,गोरखपुर मण्डल,Q1957949,Gorakhpur division,False
56638,थोप्ले खोलेधोबिनी,Q2668209,Spotted forktail,False
140159,पहलवी साम्राज्य,Q1986139,Parthian Empire,False
3725,विद्यापुर,Q3412175,Bidyapur,False
95486,मङ्गलोर,Q127041,Mangaluru,False
6821,कृषि तथा वन विज्ञान विश्वविद्यालय,Q6994323,Agriculture and Forestry University,False
147595,ओइता,Q133924,Ōita Prefecture,False
56996,रक्तशीर्ष राजतितु,Q1301378,Red-fronted rosefinch,False
140275,बङ्गलादेश राष्ट्रियतावादी दल,Q496810,Bangladesh Nationalist Party,False
135004,अयोज पेरेज,Q15427728,Ayoze Pérez,False
33955,मंदार पर्वत,Q2352579,Mount Mandara,False
29350,ब्रिट्नी स्पेयर्स,Q11975,Britney Spears,False
150231,नेपालमा शरणार्थी,Q7307674,Refugees in Nepal,False
129761,सेतो सूर्य,Q27964349,White Sun (film),False
73078,श्रुति हासन,Q331155,Shruti Haasan,False
150018,पोर्नोग्राफीको स्वर्णयुग,Q1476435,Golden Age of Porn,False
10942,मङ्सिर,Q399634,Agrahayana,False
65121,जैविक उर्जा,Q18556,Bioenergy,False
93254,गल्कोट नगरपालिका,Q25110677,Galkot,False
94593,फाइन्डिङ डोरी,Q9321426,Finding Dory,False
56504,चञ्चले फिस्टो,Q608313,Hume's leaf warbler,False
31876,भ्रमरपुरा,Q13184506,Bhramarpura,False
65181,जलब्राह्मी,Q1366575,Bacopa monnieri,False
90489,लोचावा,Q1540389,Lotsawa,False
60612,राजन केसी,Q15217014,Rajanra KC,False
56138,पेन्गुइन,Q9147,Penguin,False
124649,कृष्णप्रसाद सिटौला,Q11982000,Krishna Prasad Sitaula,False
13355,योमरी पुन्हि,Q12927731,Yomari Punhi,False
81897,पखाला,Q40878,Diarrhea,False
92265,शोभा पण्डित,Q7499799,Shobha Pandit,False
57756,सेतादाँते पुड्के छुचुन्द्रो,Q369889,Etruscan shrew,False
131370,बहुदरमाई नगरपालिका,Q60774420,Bahudarmai,False
29936,पाठेघर,Q9612,Uterus,False
9087,मौरिसस,Q1027,Mauritius,False
49991,एलिसिया रियो,Q467281,Alicia Rio,False
107800,शेरपुर उपजिल्ला,Q3345755,Sherpur Upazila,False
100785,चुट्किला,Q131138,Joke,False
80877,एडम गिलक्रिस्ट,Q349516,Adam Gilchrist,False
31685,मनिकापुर,Q3422884,Manikapur,False
56392,फुस्रोटाउके पाल्कोटे,Q1091417,White-browed scimitar babbler,False
98238,२०१८ फिफा विश्वकप समूह ख,Q31189406,2018 FIFA World Cup Group B,False
27272,सप्तेश्वर,Q3415286,Sapteshwar,False
17957,नलगोण्डा जिल्ला,Q15384,Nalgonda district,False
45074,अक्साई चिन,Q230830,Aksai Chin,False
17991,बिजापुर जिल्ला,Q83108,"Bijapur district, Karnataka",False
23832,सारस्वर,Q3415336,"Sarashwar, Saptari",False
83893,कलर्स एक्स-फ्याक्टर्स,Q16972810,Colors X-Factors,False
26741,रमौली बैरिया,Q3421030,Ramoli Bairiya,False
58521,एसियाली हात्ती,Q133006,Asian elephant,False
147643,कुरोबे बाँध,Q1208749,Kurobe Dam,False
8094,"दाङसिङ, कास्की",Q5216203,"Dangsing, Gadaki",False
108730,काहारोल उपजिल्ला,Q3346045,Kaharole Upazila,False
56282,नकटा,Q426968,Knob-billed duck,False
137800,राष्ट्रिय पञ्चायत निर्वाचन २०४३ का निर्वाचित सांसदहरू,Q104880820,3rd Rastriya Panchayat,False
6393,विदुर नगरपालिका,Q1844478,Bidur,False
146162,एस्ट्रोजेन,Q277954,Estrogen,False
150599,टाइला,Q118105408,Tyla,False
58778,अर्ल पेज,Q370926,Earle Page,False
29665,जुँगाथापाचौर,Q3421709,Junga Thapachaur,False
55362,लस्सी,Q827654,Lassi,False
34045,पञ्चमुल,Q3419829,Panchamul,False
30438,बहादुरगञ्ज,Q4842271,"Bahadurganj, Kapilvastu",False
4258,देवानगञ्ज,Q3415679,Dewanganj (VDC),False
12186,चित्रकूट जिल्ला,Q2089141,Chitrakoot district,False
140548,लामिन यामाल,Q113704154,Lamine Yamal,False
58442,कान्ये वेस्ट,Q15935,Kanye West,False
82681,मौसमी चटर्जी,Q2723357,Moushumi Chatterjee,False
94463,गोरखा दरबार,Q66133854,Gorkha Palace,False
50974,"नेपालको दोस्रो राष्ट्रिय जनगणना, १९७७",Q19679235,1920 Nepal census,False
99401,ड्वीट डेभिड आइजेनहावर,Q9916,Dwight D. Eisenhower,False
18075,शीला दीक्षित,Q464900,Sheila Dikshit,False
109133,सरुमारानी गाउँपालिका,Q65410674,Sarumarani Rural Municipality,False
141968,जनवादी गणतन्त्र चीनका राष्ट्रपति,Q655407,President of China,False
109121,नोनसान,Q42088,Nonsan,False
4461,स्वतन्त्र तथा खुला स्रोत सफ्टवेयर,Q506883,Free and open-source software,False
73295,हुयान साङ,Q42063,Xuanzang,False
50683,लीलबहादुर क्षेत्री,Q6547395,Lil Bahadur Chettri,False
109187,म्युजिकल्ली,Q24037520,Musical.ly,False
20564,कोबाल्ट,Q740,Cobalt,False
16398,"गीताप्रेस, गोरखपुर",Q2722580,Gita Press,False
47885,लङ्का,Q721272,Lanka,False
95294,बृहदीश्वर मन्दिर,Q916943,Brihadisvara Temple,False
2602,रासायनिक तत्व,Q11344,Chemical element,False
47197,विश्वका सबैभन्दा ठूला जीवहरू,Q2385300,Largest organisms,False
14086,सम्माननीय,Q1480896,The Right Honourable,False
92276,उज्वला निकम,Q7878239,Ujwala Nikam,False
29595,"गोगनपानी, धादिङ",Q5577317,"Goganpani, Dhading",False
115928,लार्क्या ला,Q11752878,Larkya La,False
92519,भियतनाम राष्ट्रिय फुटबल टोली,Q270689,Vietnam national football team,False
78118,नामहनसानसेओङ,Q562529,Namhansanseong,False
142743,उपसर्ग,Q3500900,Upasarga,False
30850,बल्हागोठ,Q3416642,Ballagoth,False
144706,जल्लीकट्टू,Q3048097,Jallikattu,False
148875,चतुर्भुज,Q116675901,Chaturbhuja,False
148865,अष्टसखी,Q120776335,Ashtasakhi,False
104237,गोलासिनी भारद्वाज,Q25961,Eurasian skylark,False
123374,जनघनत्व अनुसार देश तथा आश्रित क्षेत्रहरूको सूची,Q176310,List of countries and dependencies by population density,False
74143,समावर्तन संस्कार,Q2572500,Samavartanam,False
133326,च्याम्पियन्स लिग ट्वान्टी२०,Q1061280,Champions League Twenty20,False
52097,छोकडाको बोट,Q25292,Date palm,False
137749,व्यक्तिगत स्वतन्त्रता,Q171995,Individualism,False
102375,सुनील ग्रोवर,Q7640298,Sunil Grover,False
61369,प्रेम चोपडा,Q3401588,Prem Chopra,False
75722,वाल्टर स्कट,Q79025,Walter Scott,False
3938,क्षेत्रपा,Q3412005,Chhetrapa,False
111146,इभा मेरी,Q14196200,Eva Marie,False
111486,मानेभञ्ज्याङ गाउँपालिका,Q55075116,Manebhanjyang Rural Municipality,False
78271,कोन्दोआ चट्टान कला सम्पदाहरू,Q1404282,Kondoa Rock-Art Sites,False
56309,कालीकण्ठ बुङ्गेचरा,Q2454690,Black-throated sunbird,False
65198,जङ्गली गोलभेडा,Q158663,Physalis,False
99698,एमी स्काई,Q4749388,Amy Sky,False
16365,धतुरो,Q30959,Datura stramonium,False
33057,"त्रिवेणी, पर्वत",Q7580854,"Tribeni, Parbat",False
102844,सिमकोट गाउँपालिका,Q65410692,Simkot Rural Municipality,False
7010,भिल्हेल्म लिबक्नेख्त,Q20127,Wilhelm Liebknecht,False
4417,ष,Q211378,ष,False
93513,हाजिरीजवाफ प्रतियोगिता,Q274079,Quiz,False
144260,च्यासल रङ्गशाला,Q110517043,Chyasal Stadium,False
118781,कमला ह्यारिस,Q10853588,Kamala Harris,False
13323,बिनायो,Q25104896,Binayo,False
118616,कालो पोथी (चलचित्र),Q22205414,Kalo Pothi: The Black Hen,False
33134,आठबिसकोट नगरपालिका,Q3423389,Aathbiskot,False
133487,मन्चेरियल जिल्ला,Q28169747,Mancherial district,False
44690,मेडक,Q2330577,Medak,False
95411,आजीयाटा ग्रुप बेरहाड,Q792500,Axiata,False
63822,इन्टरनेट सेवा प्रदायक,Q11371,Internet service provider,False
129896,हा जिल्ला,Q754448,Haa District,False
81401,सलोन वस्नेत,Q25620766,Salon Basnet,False
82607,मीरा सन्याल,Q12068272,Meera Sanyal,False
99669,डगलस कोस्टा,Q391680,Douglas Costa,False
74064,कालाग्निरूद्रोपनिषद,Q4208982,Kalagni Rudra Upanishad,False
82698,राखी गुलजार,Q3196775,Rakhee Gulzar,False
147529,इसिकावा,Q131281,Ishikawa Prefecture,False
101552,पूर्णचन्द्र थापा,Q19604581,Purna Chandra Thapa,False
82755,अनु अग्रवाल,Q4777684,Anu Aggarwal,False
46052,सोग्याल रिम्पोची,Q205242,Sogyal Rinpoche,False
18292,अखतला,Q614157,Akhtala,False
85260,आसन,Q2240937,List of asanas,False
56769,पर्ण सुगा,Q1260153,Vernal hanging parrot,False
42713,मन्त्रिपरिषद्,Q15105,Council of Ministers,False
42969,आर्गन,Q696,Argon,False
53833,नेपाल बार एसोसिएसन,Q96395214,Nepal Bar Association,False
147395,याकुजा,Q183287,Yakuza,False
52050,द फादर-थिङ्ग,Q7733544,The Father-thing,False
113193,नेपालमा कृषि,Q4694063,Agriculture in Nepal,False
78698,शहर-ए सुखतह,Q1025825,Shahr-e Sukhteh,False
135442,आकिता,Q81863,Akita Prefecture,False
33757,राहुल गान्धी,Q10218,Rahul Gandhi,False
125056,सीमित मत प्रणाली,Q3786779,Limited voting,False
130142,चक्रघट्टा गाउँपालिका,Q60762048,Chakraghatta Rural Municipality,False
113732,राजतन्त्र,Q7269,Monarchy,False
99661,मोहम्मद अल-अवाइस,Q22677970,Mohammed Al-Owais,False
84082,गायक,Q177220,Singer,False
85089,डेविड धवन,Q725970,David Dhawan,False
15795,कुर्कुच्चो,Q168002,Ankle,False
142487,अर्नेस्ट रदरफोर्ड,Q9123,Ernest Rutherford,False
4532,समय क्षेत्र,Q12143,Time zone,False
18890,मुहम्मद हिदायतुल्लाह,Q557749,Mohammad Hidayatullah,False
32538,देउखाना,Q3411680,Deukhana,False
43413,बिहिबार सुरुहुने छोटो वर्ष,Q235690,Common year starting on Thursday,False
80131,सुनीत वर्मा,Q7639928,Suneet Varma,False
56969,कुमफुस्रे बगेडी,Q1314178,Pallas's reed bunting,False
52706,इपिल इपिल,Q35905,Leucaena leucocephala,False
20573,गन्धक,Q682,Sulfur,False
103819,लाजिम्पाट,Q6506006,Lazimpat,False
114380,तेलगु चलचित्र,Q779935,Telugu cinema,False
133423,एसियाको भूगोल,Q2001617,Geography of Asia,False
48043,अरण्यक पर्व,Q2600150,Vana Parva,False
125063,प्राथमिकता गणना,Q576578,Borda count,False
114311,२०४४ को दशरथ रङ्गशाला दुर्घटना,Q10677126,1988 Dasharath Stadium disaster,False
58602,डन ओमार,Q310539,Don Omar,False
19557,जाँतो,Q1543947,Quern-stone,False
65448,पानी सर्प,Q2717987,Checkered keelback,False
148245,घिन,Q208351,Disgust,False
55796,ग्रामीण विकास,Q3045473,Rural development,False
5538,नेपाली काङ्ग्रेस,Q216660,Nepali Congress,False
147175,सुबाह बङ्गाल,Q4083684,Bengal Subah,False
28839,पवननगर,Q3417356,Pawan Nagar,False
100932,एबटाबाद,Q170315,Abbottabad,False
49737,लिभरपुल फुटबल क्लब,Q1130849,Liverpool F.C.,False
26757,सरुअठा,Q582734,Saruatha,False
14009,शरणार्थी,Q131572,Refugee,False
93257,नेपाल राष्ट्रिय अन्डर-२० फुटबल टोली,Q16845746,Nepal national under-20 football team,False
126425,ज्ञान,Q9081,Knowledge,False
14238,रतुवा,Q234121,Muntjac,False
77391,सेन्ट मेरिज स्टेडियम,Q567339,St Mary's Stadium,False
31908,"श्रीपुर, महोत्तरी",Q7001350,"Sripur, Mahottari",False
1903,युगान्डा,Q1036,Uganda,False
108274,चीन नेटकम,Q1073344,China Netcom,False
100208,फिफा विश्वकपमा उपस्थिति जनाएका राष्ट्रिय फुटबल टोलीहरू,Q1477115,National team appearances in the FIFA World Cup,False
100574,फैसलाबाद,Q173985,Faisalabad,False
9802,यौन शिक्षा,Q192280,Sex education,False
119103,गेल कोजिएरा बौद्रोउ,Q5517112,Gail Koziara Boudreaux,False
78293,हवाई खा खेङ वन्यजन्तु आरक्ष,Q621134,Huai Kha Khaeng Wildlife Sanctuary,False
29046,महतगाउँ,Q3425336,Mahat Gaun,False
7523,कालीगण्डकी,Q104765332,Kaligandaki,False
120937,मुहम्मद अल-इद्रीसी,Q173441,Muhammad al-Idrisi,False
6659,पोखरा उपत्यका,Q7208644,Pokhara Valley,False
144024,चार्ल्स अल्बर्ट गोबाट,Q179458,Charles Albert Gobat,False
35448,विधेयक,Q686822,Bill (law),False
23110,साउथ डेकोटा,Q1211,South Dakota,False
53429,जयपृथ्वीबहादुर सिंह,Q19672664,Jaya Prithvi Bahadur Singh,False
83836,फिनल्याण्ड राष्ट्रिय क्रिकेट टिम,Q5450486,Finland national cricket team,False
14167,दाँत,Q553,Tooth,False
3755,"विराट, जुम्ला",Q3411837,Birat,False
16361,पाथीभरा देवी (ताप्लेजुङ),Q7144777,Pathibhara Devi Temple,False
4187,माउस,Q7987,Computer mouse,False
31879,माइस्थान,Q3414901,Maisthan,False
6027,फुजेल,Q3411737,Phujel,False
114348,बद्रीनाथ (चलचित्र),Q4841135,Badrinath (film),False
147508,पिठा,Q2430883,Pitha,False
76285,सुपेरियर ताल,Q1066,Lake Superior,False
33965,"गोलघर, बिहार",Q3630493,Golghar,False
85214,दिलवाले,Q19264035,Dilwale (2015 film),False
48041,आदि पर्व,Q2472946,Adi Parva,False
54839,बिपासा बसु,Q158214,Bipasha Basu,False
31865,बगडा,Q3424418,Bagada,False
9256,उपेन्द्र यादव,Q3109312,Upendra Yadav,False
27114,लिस्तीकोट,Q3414433,Listikot,False
136550,एलु भाषा,Q15080869,Elu,False
12662,कालेबुङ,Q500877,Kalimpong,False
88806,उजिरसिंह थापा,Q19671234,Ujir Singh Thapa,False
91914,जसलीन कौर रोयल,Q18359064,Jasleen Royal,False
42840,घमी,Q1953501,"Dhami, Nepal",False
77931,तितवान,Q185157,Tétouan,False
114300,परुगु,Q3765021,Parugu,False
117999,सन्त निर्मला,Q17011175,Sant Nirmala,False
87283,सैयामि खेर,Q16745369,Saiyami Kher,False
23274,लुभु,Q3418389,"Lubhu, Lalitpur",False
17231,जम्मु जिल्ला,Q1947371,Jammu district,False
81047,भेनेस्सा हेस्सलर,Q242896,Vanessa Hessler,False
2730,राप्ती अञ्चल,Q9185,Rapti Zone,False
3992,चुचुरे,Q3412470,Chuchure,False
88384,बेरुत,Q3820,Beirut,False
149397,घेवर,Q12425372,Ghevar,False
80968,एमी ज्याक्सन,Q2121695,Amy Jackson,False
115867,जर्सी गाई,Q987965,Jersey cattle,False
122022,कर्नाटक राज्योत्सव,Q3536961,Karnataka Rajyotsava,False
104390,मोहम्मद मोर्सी,Q4631,Mohamed Morsi,False
34031,चिलाउनेबास,Q3415663,Chilaunebas,False
99955,जोर्डन महिला राष्ट्रिय फुटबल टोली,Q3440016,Jordan women's national football team,False
25232,अन्तर्राष्ट्रिय नारी दिवस,Q38964,International Women's Day,False
38567,नेपाल बङ्गलादेश बैङ्क,Q6994325,Nepal Bangladesh Bank,False
108580,१९४६ विहार दङ्गा,Q22089890,1946 Bihar riots,False
26686,जटहारा,Q6164485,Jatahare,False
117071,संयुक्त राज्य अमेरिकाको झण्डा,Q42537,Flag of the United States,False
79725,गोविन्द केसी,Q16982402,Govinda K.C.,False
56715,हजारा चाँचर,Q1080355,Chestnut-bellied rock thrush,False
146559,निर्णय निर्माण प्रक्रिया,Q1331926,Decision-making,False
32315,रत्नेचौर,Q3416370,Ratnechaur,False
83498,निराजन वीरविक्रम शाह,Q7244182,Prince Nirajan of Nepal,False
112278,घले भाषा,Q5555259,Ghale language,False
148999,सपना टापुको लागि युद्ध,Q66121500,Battle for Dream Island,False
53699,फोटोन,Q3198,Photon,False
56564,बाख्रे जुरेली,Q998240,Black bulbul,False
113948,किरियाकोस मिचोताकिस,Q552751,Kyriakos Mitsotakis,False
77535,पूर्वी एसियाका विश्व सम्पदा क्षेत्रहरूको सूची,Q3399908,List of World Heritage Sites in Eastern Asia,False
53512,चाकु (खानेकुरा),Q15656515,Chaku (Newari cuisine),False
38241,बगदाद,Q1530,Baghdad,False
123677,नाम्गे जाम,Q108746828,Namgay Zam,False
5197,आकाशगङ्गा,Q321,Milky Way,False
97695,सेतो दरबार,Q24925470,Seto Durbar,False
44297,डान ब्राउन,Q7345,Dan Brown,False
79123,स्पेनी आधिकारिक भाषा हुने देशहरू,Q3746174,List of countries and territories where Spanish is an official language,False
101286,गाइबान्धा जिल्ला,Q2344595,Gaibandha District,False
87174,रतुवा खोला,Q7296066,Ratua Khola,False
133609,बघेली भाषा,Q2356364,Bagheli language,False
51905,द ब्रोकन बबल,Q7720244,The Broken Bubble,False
14450,चतुर्थी,Q3631648,Chaturthi,False
48710,नेपाली व्याकरण,Q6994534,Nepali grammar,False
135688,द्वारी खोला लघु जलविद्युत केन्द्र,Q104879426,Dwari Khola Small Hydropower Station,False
121484,कारक,Q128234,Grammatical case,False
13299,हङकङ,Q8646,Hong Kong,False
61865,उषा रजक,Q7901892,Usha Rajak,False
98450,आई केयर फाउन्डेसन,Q52678089,Eye Care Foundation,False
9472,गाई,Q830,Cattle,False
62137,जोनी डेप,Q37175,Johnny Depp,False
5251,नेपाल बैङ्क,Q6994329,Nepal Bank,False
61605,जावेद जाफरी,Q330315,Jaaved Jaaferi,False
60671,पियर ट्रुडो,Q8619,Pierre Trudeau,False
118870,जोकर (पात्र),Q217533,Joker (character),False
83021,तारा एअरको उडान १९३ दुर्घटना,Q22927624,Tara Air Flight 193,False
33675,अमेजन नदी,Q3783,Amazon River,False
136305,पश्चिमी गङ्ग वंश,Q2018662,Western Ganga dynasty,False
33854,द लर्ड अफ द रिङ्ग्स,Q15228,The Lord of the Rings,False
56401,नीलपंखे तोरीगाँडा,Q27075524,Blue-winged laughingthrush,False
146144,मातृहत्या,Q1136456,Matricide,False
28804,गोबरडिहा,Q3417085,Gobardiya,False
3273,अर्घा,Q4789537,Argha,False
17938,बोङ्गाइगाउँ जिल्ला,Q42197,Bongaigaon district,False
122328,नेपाल सुपर लिग,Q106528919,Nepal Super League,False
136512,क्यानडेली फुटबल,Q248534,Canadian football,False
95291,शान्ताराम (उपन्यास),Q2373810,Shantaram (novel),False
129741,उत्कृष्ट अन्तर्राष्ट्रिय चलचित्रको लागि एकेडेमी पुरस्कार,Q105304,Academy Award for Best International Feature Film,False
25293,विश्वका देशहरूका सहरहरूको सूची,Q510357,Lists of cities by country,False
99596,बुल्गेरिया राष्ट्रिय फुटबल टोली,Q180845,Bulgaria national football team,False
12178,कन्नौज जिल्ला,Q627979,Kannauj district,False
147091,ग्रोकिपिडिया,Q136410803,Grokipedia,False
110480,गुड न्युज,Q62080705,Good Newwz,False
81056,सोफिया बुश,Q206916,Sophia Bush,False
12901,हलेसो,Q1094736,Yellow-footed green pigeon,False
56603,मुरारी पुतलीचरा,Q167230,Wallcreeper,False
1968,आइसल्यान्ड,Q189,Iceland,False
115716,स्ट्याच्यु अफ युनिटी,Q7604504,Statue of Unity,False
147164,लालन,Q3347988,Lalon,False
101858,बेलायत-भारत-नेपाल त्रिपक्षीय सम्झौता,Q4969264,Britain–India–Nepal Tripartite Agreement,False
54499,करुणाकर वैद्य,Q19671143,Karunakar Vaidya,False
86623,किम शर्मा,Q469887,Kim Sharma,False
42566,सार्की जाति,Q7530475,Sarki (caste),False
85091,रणवीर कपुर,Q1063412,Ranbir Kapoor,False
47076,ढोल,Q1207707,Dhol,False
51533,क्रुक्ड हाउस,Q465492,Crooked House,False
56430,पहाडी हलेसो,Q507590,Wedge-tailed green pigeon,False
98623,अन्नपूर्ण पदमार्ग,Q381683,Annapurna Circuit,False
116142,चाडविक बोसम्यान,Q5066520,Chadwick Boseman,False
93209,कश्मीर,Q43100,Kashmir,False
87415,राजी जाति,Q7286139,Raji people,False
135444,यामागाता,Q125863,Yamagata Prefecture,False
56880,सानो सेतोबकुल्ला,Q131709,Little egret,False
59254,उष्णदेशीय चक्रवात,Q8092,Tropical cyclone,False
47264,संहिता,Q3946475,Samhita,False
110895,न्याजड्याक,Q82059,Nasdaq,False
130587,संस्कृत साहित्य,Q1053936,Sanskrit literature,False
3696,भोटे नाम्लाङ,Q3426579,Bhote Namlang,False
27965,वामीटक्सार,Q3417885,Wamitaksar,False
120929,हरदेओल,Q8521167,Hardeol,False
108489,दौलतपुर उपजिल्ला,Q3348993,"Daulatpur Upazila, Kushtia",False
32317,मल्कवाङ,Q3416120,Malkwang,False
31409,च्याङ्ली,Q5118512,Chyangli,False
29245,लाकुरीडाँडा,Q778676,Lakuri Danda,False
51559,क्याट एमङ्ग द पिजन्स,Q914197,Cat Among the Pigeons,False
106500,ङोजुम्पा हिमनदी,Q7022650,Ngozumpa glacier,False
146361,बलात्कारको प्रभाव र परिणाम,Q5347294,Effects and aftermath of rape,False
129312,अल्सरेटिभ कोलाइटिस,Q1477,Ulcerative colitis,False
12766,चिराइतो,Q163970,Swertia,False
29011,मार्खु,Q3416048,Markhu,False
125918,नेल्ली सेनगुप्ता,Q6990136,Nellie Sengupta,False
54482,वैवाहिक स्थिति,Q11920938,Marital status,False
78294,सुलेमन हिमाल,Q750190,Sulayman Mountain,False
124023,हिताची,Q53238,Hitachi,False
31297,महादेवा पोर्तहा,Q3422134,Mahadewa Portaha,False
147290,नेपाली कम्युनिस्ट पार्टी,Q136716194,Nepali Communist Party,False
90890,रंगून (२०१७ चलचित्र),Q20649561,Rangoon (2017 Hindi film),False
33034,बाजुङ,Q3425381,Bajung,False
77795,यूइएफए यूरो २०१६ छनौट,Q12342217,UEFA Euro 2016 qualifying,False
106397,पूर्वीचौकी गाउँपालिका,Q65410448,Purbichauki Rural Municipality,False
43038,डोगरी भाषा,Q32730,Dogri language,False
27096,पाल्चोक,Q3411053,Palchok,False
79230,मेघा गुप्ता,Q6809002,Megha Gupta,False
4007,च्यासिङ खर्क,Q3410505,Chyasing Kharka,False
1870,इरित्रिया,Q986,Eritrea,False
129646,पूर्वी एसिया,Q27231,East Asia,False
71176,सौर्य एयरलाइन्स,Q18636606,Saurya Airlines,False
75855,जियानलुइजी बुफन,Q68060,Gianluigi Buffon,False
137841,महावेली नदी,Q1518007,Mahaweli River,False
17588,रोहतक जिल्ला,Q967388,Rohtak district,False
130961,थामी भाषा,Q7710314,Thangmi language,False
79214,टोखा नगरपालिका,Q20809741,Tokha,False
107421,निविन पौली,Q7041818,Nivin Pauly,False
115971,विशेष आर्थिक क्षेत्र,Q494978,Special economic zone,False
14522,शुक्रराज ट्रपिकल तथा सरूवा रोग अस्पताल,Q13186775,Teku Hospital,False
141344,ट्रम्प इन्टरनेसनल गल्फ क्लबमा हत्या प्रयास,Q130303942,Attempted assassination of Donald Trump in Florida,False
30445,महुवा,Q6735028,"Mahuwa, Kapilvastu",False
24160,अम्बा,Q320179,Psidium,False
15884,श्रमिक,Q327055,Worker,False
42680,राष्ट्रिय स्वयंसेवक सङ्घ,Q1296075,Rashtriya Swayamsevak Sangh,False
84255,शेन वाट्सन,Q2732224,Shane Watson,False
102300,राजु तामाङ,Q7286480,Raju Tamang,False
78556,पेरूका विश्व सम्पदा क्षेत्रहरूको सूची,Q2993285,List of World Heritage Sites in Peru,False
47159,नदी,Q4022,River,False
99130,संयुक्त प्रजातन्त्र पार्टी,Q7887702,United Democratic Party (Nepal),False
17519,सतारा जिल्ला,Q1135612,Satara district,False
111461,फारसी साम्राज्य,Q83311,Persian Empire,False
78178,जोउद राष्ट्रिय चरा विहार,Q733676,Djoudj National Bird Sanctuary,False
17365,माला सिन्हा,Q3633732,Mala Sinha,False
108723,क्युक्यु सङ्गीत,Q10852229,QQ Music,False
13335,नरसिङ्गा,Q3929958,Ransingha,False
52028,टोनी एन्ड द बिटल्स,Q2901076,Philip K. Dick bibliography,False
49939,ब्राम्टन,Q44198,Brampton,False
125002,मीणा,Q1916772,Meena,False
15845,हुगली जिल्ला,Q548518,Hooghly district,False
134802,भारत पाकिस्तान युद्ध,Q3119132,India–Pakistan wars and conflicts,False
128160,ऋषि सुनक,Q20055561,Rishi Sunak,False
26137,मेलविसौनी,Q935003,Melbisauni,False
110516,संविधानवाद,Q1194747,Constitutionalism,False
100010,सेनेगल राष्ट्रिय फुटबल टोली,Q207441,Senegal national football team,False
51571,द रोज एन्ड द यिउ ट्री,Q3288087,The Rose and the Yew Tree,False
122451,चिनियाँ ताइपेई,Q216923,Chinese Taipei,False
31415,ताङ्लिचोक,Q3423558,Tanglichok,False
108459,कुमारखाली उपजिल्ला,Q3349152,Kumarkhali Upazila,False
31973,कालिञ्चोक भगवती,Q13357831,Kalinchowk Bhagwati Temple,False
13532,स्यालको सिङ,Q6116044,Jackal's horn,False
88615,आइजोल,Q192379,Aizawl,False
87481,अमित कुमार,Q4746854,Amit Kumar,False
80534,ज्याक कालिस,Q982650,Jacques Kallis,False
17441,खण्डवा जिल्ला,Q2085436,Khandwa district,False
80446,एमा रोबर्ट्स,Q228598,Emma Roberts,False
26074,मानाकोट,Q3419107,Manakot,False
127055,प्रेम गीत ३,Q113541163,Prem Geet 3,False
48543,लाहोर,Q11739,Lahore,False
80857,हर्सल गिब्स,Q3269729,Herschelle Gibbs,False
108929,विकिसिया,Q18558287,WikiShia,False
97698,सिरियाली गृहयुद्ध,Q178810,Syrian civil war,False
54062,चाँप (गहना),Q2746062,Ghungroo,False
57031,कालोकण्ठे लेकचरी,Q387783,Black-throated accentor,False
38236,कुम्भकर्ण,Q1987450,Kumbhakarna,False
99147,स्न्यापच्याट,Q333618,Snapchat,False
85882,करिश्मा तन्ना,Q6371092,Karishma Tanna,False
110609,कोरोना भाइरस,Q57751738,Coronavirus,False
27539,दाप्चा छत्रेबाँझ,Q5221568,Dapcha Chhatrebangh,False
54006,काङलिङ्,Q1432696,Kangling,False
23317,घेराबारी,Q3424671,Gherabari,False
23563,खेजेनिम,Q3414471,Khejenim,False
137184,कविता जोशी,Q110819033,Kabita Joshi,False
30266,कोलोसियम,Q10285,Colosseum,False
32371,ढाकाडाम,Q5268764,Dhakadam,False
33046,मुडिकुवा,Q3414455,Mudikuwa,False
71254,निहाल रोड्रिगो,Q16875122,Nihal Rodrigo,False
84360,पास्कलाइन,Q873501,Pascaline,False
23746,कमलपुर,Q6355757,"Kamalpur, Nepal",False
69045,एप्पल वाच,Q18010946,Apple Watch,False
23482,"रवी, पाँचथर",Q7278689,"Rabi, Panchthar",False
150662,चिलम,Q1778828,Chillum,False
107999,उल्लापाडा उपजिल्ला,Q4474784,Ullahpara Upazila,False
134675,शिव शक्ति बिन्दु,Q121856337,Statio Shiv Shakti,False
71336,छिरिङ तोब्गे,Q7849613,Tshering Tobgay,False
43572,दिग्दर्शक,Q34735,Compass,False
84855,चल्ती खाता,Q695430,Transaction account,False
84215,इमरान ताहिर,Q3530644,Imran Tahir,False
149286,बिश्नोई,Q866310,Bishnoi,False
141045,राहुघाट खोला,Q7283573,Rahughat Khola,False
9443,छत्तीसगढ,Q1168,Chhattisgarh,False
121804,कर्णाली प्रदेश सभा,Q55630694,Karnali Provincial Assembly,False
50411,बबी स्टार,Q242238,Bobbi Starr,False
60810,मिला कुनिस,Q37628,Mila Kunis,False
79326,शेन कार्विन,Q116896,Shane Carwin,False
30583,कोटपेटारा,Q3427748,Kotpetara,False
117180,कमल खत्री,Q21130161,Kamal Khatri,False
90504,मरातिक गुफा,Q6755052,Halesi-Maratika Caves,False
127085,सवर्ण विवाह,Q212926,Endogamy,False
145007,सिजियाझुआङ,Q58401,Shijiazhuang,False
99394,लमजुङ राज्य,Q65396513,Kingdom of Lamjung,False
84245,हरभजन सिंह,Q9475,Harbhajan Singh,False
85854,तारा शर्मा,Q7685136,Tara Sharma,False
51441,डोलोरेस क्लाइबर्न,Q846175,Dolores Claiborne,False
114978,पेन्टहाउस (पत्रिका),Q108515,Penthouse (magazine),False
105426,लाङटाङ हिमनदी,Q25100562,Langtang Glacier,False
93971,लियोनेल मेसीले गरेका अन्तर्राष्ट्रिय गोलहरू,Q25036944,List of international goals scored by Lionel Messi,False
77963,अमरीश पुरी,Q333443,Amrish Puri,False
136297,केदारनाथ न्यौपाने,Q16007102,Kedar Nath Neupane,False
58303,राइली स्टिल,Q60143,Riley Steele,False
4046,डाँडाफाया,Q3414138,Dandaphaya,False
149339,ताडका,Q19807718,Tataka,False
151019,सद्य,Q3595351,Sadya,False
132956,ट्रान्जिस्टर,Q5339,Transistor,False
69648,स्कटल्यान्ड,Q22,Scotland,False
60647,विल्फ्रिड लारियर,Q128664,Wilfrid Laurier,False
69087,आइप्याड,Q2796,IPad,False
72738,अबु बक्र अल-बगदादी,Q2821724,Abu Bakr al-Baghdadi,False
17583,भिवानी जिल्ला,Q1852857,Bhiwani district,False
129720,शालिकराम जमकट्टेल,Q117768707,Shalikram Jamkattel,False
16539,सिक्किम प्रजातान्त्रिक मोर्चा,Q2285614,Sikkim Democratic Front,False
26868,गौतमपुर,Q3417587,Gautampur,False
3215,"पोखराथोक, अर्घाखाँची",Q6582701,"Pokharathok, Arghakhanchi",False
83833,साइप्रस राष्ट्रिय क्रिकेट टोली,Q5200531,Cyprus national cricket team,False
100411,एस्ली कोल,Q133556,Ashley Cole,False
42701,तालबाराही मन्दिर,Q16172918,Tal Barahi Temple,False
131728,हुन्डी,Q1123811,Hawala,False
120602,गार्डियन्स अफ द ग्यालेक्सी भोल. २,Q20001199,Guardians of the Galaxy Vol. 2,False
56758,सानो चिबे,Q606498,Bronzed drongo,False
128022,रोमन होलिडे,Q201293,Roman Holiday,False
62429,प्रिमियर लिग,Q9448,Premier League,False
55386,सागर पुन,Q13218620,Sagar Pun,False
147723,अजरबैजानी गलैँचा,Q186413,Azerbaijani carpet,False
107390,पर्ल हार्बर आक्रमण,Q52418,Attack on Pearl Harbor,False
122039,ओडिशा दिवस,Q4027394,Odisha Day,False
74670,मार्को रोयस,Q152377,Marco Reus,False
76433,कोल्लरू ताल,Q3764964,Kolleru Lake,False
3770,विसल्ला,Q3413485,Bisalla,False
110513,छपाक,Q62023950,Chhapaak,False
95800,मानव अधिकार आयोग (फिलिपिन्स),Q5152717,Commission on Human Rights (Philippines),False
51913,हम्प्टी डम्प्टी इन ओकल्याण्ड,Q5941837,Humpty Dumpty in Oakland,False
83023,प्राची देसाई,Q62136,Prachi Desai,False
23042,एडमन्ड हिलारी,Q33817,Edmund Hillary,False
17228,कठुआ जिल्ला,Q2375700,Kathua district,False
93680,ज्याक ब्ल्याक,Q483907,Jack Black,False
30793,बघचौडा,Q3428956,Bagchaura,False
27755,रिकी पोन्टिङ,Q472649,Ricky Ponting,False
14085,माननीय,Q2746176,The Honourable,False
26908,हाँसपोसा,Q5651130,Hanshpokha,False
147332,आलकाप,Q4727672,Alkap,False
103521,आदम,Q70899,Adam,False
137400,भारतीय नौसेना,Q356359,Indian Navy,False
23075,कन्सास,Q1558,Kansas,False
14049,अधिराजकुमारी श्रुति,Q3959833,Princess Shruti of Nepal,False
148532,ठुटौरो,Q214488,Ashtray,False
82673,यौनजन्य सङ्क्रमण,Q12198,Sexually transmitted infection,False
62720,२००७ आइसिसी वर्ल्ड ट्वान्टी२०,Q1641168,2007 World Twenty20,False
83241,नोटबुक (नेपाली चलचित्र),Q16885223,Notebook (2013 Nepali film),False
137153,जुम्ला साङ्केतिक भाषा,Q6310991,Jumla Sign Language,False
29592,समुन्द्रादेवी,Q3419565,Samundradevi,False
111328,सैनिक कानून,Q715625,Martial law,False
13307,नेपालको मन्त्रिपरिषद्,Q6567964,Council of Ministers of Nepal,False
10461,ताप सञ्चालन,Q7465774,Thermal conduction,False
17321,हरिवंश आचार्य,Q5657115,Hari Bansha Acharya,False
74306,टोनी क्रूस,Q131234,Toni Kroos,False
43431,प्रवेग,Q11376,Acceleration,False
32499,"राम्चे, म्याग्दी",Q7238866,"Ramche, Myagdi",False
100016,उत्तर कोरिया महिला राष्ट्रिय फुटबल टोली,Q839723,North Korea women's national football team,False
47620,सरकारको शासन प्रणाली अनुसार देशहरूको सूची,Q943264,List of countries by system of government,False
16163,अग्नि,Q394869,Agni (disambiguation),False
10758,सुवासचन्द्र नेम्वाङ,Q7630835,Subas Chandra Nembang,False
97048,बर्मेली भाषा,Q9228,Burmese language,False
31917,कपिलाकोट,Q3427816,Kapilakot,False
97282,राजतरङ्गिणी,Q1761336,Rajatarangini,False
147003,२०२६ आइसिसी पुरुष टि२० विश्वकप,Q113282389,2026 Men's T20 World Cup,False
127124,जनकनन्दिनी गाउँपालिका,Q60761157,Janaknandini Rural Municipality,False
80196,गोलियों की रासलीला राम-लीला,Q15037029,Goliyon Ki Raasleela Ram-Leela,False
37418,समीर रायचौधुरी,Q3349350,Samir Roychoudhury,False
56709,लामपुच्छ्रे चाँचर,Q1589266,Long-tailed thrush,False
43297,भारतीय शास्त्रीय सङ्गीत,Q1323698,Indian classical music,False
50010,सर्वदा फूल,Q161182,Canna (plant),False
126300,खुट्टा,Q133105,Leg,False
20555,बेरिलियम,Q569,Beryllium,False
150088,गजासुर,Q5517568,Gajasura,False
79188,मादी नगरपालिका,Q21035774,"Madi Municipality, Sankhuwasabha",False
26328,बेल्दारी,Q4882113,Beldari,False
32756,ओसिनिया,Q55643,Oceania,False
65697,रुस राष्ट्रिय फुटबल टोली,Q726080,Russia national football team,False
23904,सप्तर्षि,Q2392436,Saptarshi,False
139543,लोरी,Q193605,Lullaby,False
31753,पिठुवा,Q3423666,Pithuwa,False
134043,फोनेसियाली वर्णमाला,Q26752,Phoenician alphabet,False
27548,चण्डेनी मण्डन,Q3413462,Chandeni Mandan,False
100432,१९६२ अफ्रिकी राष्ट्र कप,Q729693,1962 African Cup of Nations,False
67907,"गोदावरी नगरपालिका, कैलाली",Q7238339,"Godawari, Kailali",False
54186,अन्तर्राष्ट्रिय राफ्टिङ महासंघ,Q19604090,International Rafting Federation,False
99300,राउल क्यास्ट्रो,Q46809,Raúl Castro,False
6672,पाटन अस्पताल,Q15196996,Patan Hospital,False
58736,जिम्मी कार्टर,Q23685,Jimmy Carter,False
1889,नाइजर,Q1032,Niger,False
56995,सिम्रिक राजतितु,Q27075752,Crimson-browed finch,False
33235,अर्गल,Q4789180,Argal,False
148336,रविन हुड,Q122634,Robin Hood,False
92527,कम्बोडिया राष्ट्रिय फुटबल टोली,Q318925,Cambodia national football team,False
138175,विन्ध्याचल,Q271435,Vindhya Range,False
138011,सामाजिक लेखापरीक्षण,Q4430284,Social audit,False
41606,बार्दली,Q170552,Balcony,False
31599,"कटुञ्जे, ओखलढुङ्गा",Q3420292,Katunje,False
56864,बाँके बकुल्ला,Q126216,Black-crowned night heron,False
15803,तिघ्रा,Q129757,Thigh,False
132549,म्याग्दी १ (निर्वाचन क्षेत्र),Q104875728,Myagdi 1,False
83454,पुस्सी रायट,Q7551,Pussy Riot,False
28907,पद्म भूषण,Q932650,Padma Bhushan,False
3972,"चिसापानी, इलाम",Q2423406,"Chisapani, Ilam",False
136045,अम्मरबहादुर थापा,Q17722151,Amar Bahadur Thapa,False
44453,कन्याकुमारी,Q222267,Kanyakumari,False
143976,ज्वानो (तरकारी),Q23012379,Celery,False
23106,विस्कान्सिन,Q1537,Wisconsin,False
6652,वीरेन्द्र बहुमुखी क्याम्पस,Q13186198,Birendra Multiple Campus,False
80166,हाउसफुल (२०१० चलचित्र),Q2486237,Housefull (2010 film),False
6991,मिखाइल बाकुनिन,Q27645,Mikhail Bakunin,False
56487,काँसे घाँसेचरी,Q62132065,Bristled grassbird,False
13605,खोला,Q47521,Stream,False
23575,मामाङखे,Q6745425,Mamangkhe,False
136397,मिमार सिनान,Q5600,Mimar Sinan,False
100500,एन्ड्रयु जोनसन,Q276306,"Andrew Johnson (footballer, born 1981)",False
147699,शेख हसिना विरुद्धको मुद्दा,Q135720692,Trial of Sheikh Hasina,False
33280,हिल,Q5697971,"Hile, Baglung",False
131846,टिस्टा बजार,Q7694586,Teesta Bazaar,False
56113,कटुन्जे बबला,Q3814004,Katunjebawala,False
80046,बरहथवा नगरपालिका,Q21044453,Barahathwa Municipality,False
81143,ग्रिम स्मिथको अन्तर्राष्ट्रिय शतकहरूको सूची,Q6624204,List of international cricket centuries by Graeme Smith,False
18094,भारत सरकार,Q2767140,Government of India,False
60879,डेभोन (अश्लील चलचित्र अभिनेत्री),Q237375,Devon (actress),False
121726,दिलिपकुमार पौडेल,Q70278523,Dilip Kumar Poudel,False
87589,इन्धन,Q42501,Fuel,False
80860,स्टिभ वा,Q735048,Steve Waugh,False
55009,उदय सोताङ,Q16886249,Uday Sotang,False
93282,नेपालको व्यवस्थापिका,Q10553309,Legislative chamber,False
28986,आग्रा,Q3427967,"Agara, Makwanpur",False
90691,सहिद स्मारक ए-डिभिजन लिग २०६२,Q31766409,2005–06 Martyr's Memorial A-Division League,False
58627,एलिसिया किज,Q121507,Alicia Keys,False
99760,लीना जुमानी,Q6516344,Leena Jumani,False
90802,गुगल प्ले,Q79576,Google Play,False
4760,हप्ता,Q23387,Week,False
49064,तान्या ट्याट,Q628046,Tanya Tate,False
87446,बासु चटर्जी,Q455129,Basu Chatterjee,False
80519,बेइली म्याडिसन,Q241749,Bailee Madison,False
61798,सोहा अली खान,Q434435,Soha Ali Khan,False
108102,जुडी उपजिल्ला,Q6315117,Juri Upazila,False
33399,माझठाना,Q7210847,Majhthana,False
84025,जोन मेनार्ड किन्स,Q9317,John Maynard Keynes,False
111780,बेलडाँडी गाउँपालिका,Q65410481,Beldandi Rural Municipality,False
114805,म्यागी डोएन,Q16201268,Maggie Doyne,False
23278,सैंबु,Q3423344,Sainbu,False
29859,"मधुवनी, सर्लाही",Q6727451,"Madhubani, Nepal",False
150330,फर्मिन लोपेज,Q117312887,Fermín López,False
141876,लिग्नोस्याट,Q124728590,LignoSat,False
34023,कोल्मा बराहचौर,Q6378767,Kolma Barahachaur,False
83843,माल्दिभ्स राष्ट्रिय क्रिकेट टोली,Q6742823,Maldives national cricket team,False
10754,पगनाथ,Q3413958,Pagnath,False
150222,ढिम्री,Q190977,Nut (hardware),False
147283,बडो जाति,Q1266593,Boro people,False
28987,आमभञ्ज्याङ,Q3419818,Ambhanjyang,False
108376,सुक डटकम,Q22688437,Souq (company),False
31765,शक्तिखोर,Q3419315,Shaktikhor,False
103143,त्याचलैङ्गिक व्यक्ति,Q1093205,Cisgender,False
129057,गुरूपूर्णिमा,Q188888,List of Teachers' Days,False
64425,"इन्द्रपुर, मोरङ",Q25099752,"Indrapur, Morang",False
2331,युरोलोजी,Q105650,Urology,False
84376,मन्दिर संस्थान,Q2909160,Temple Institute,False
92896,क्व्होलासोथार गाउँपालिका,Q30330027,Kwhlosothar Rural Municipality,False
104504,विशाल विभाजक हिमशृङ्खला,Q192583,Great Dividing Range,False
128780,रामनाथ अधिकारी,Q7288543,Ram Nath Adhikari,False
140712,आयकर,Q179222,Income tax,False
55046,युट्युब,Q866,YouTube,False
51061,कपासको बोट,Q310124,Gossypium arboreum,False
15650,विश्वनाथ प्रताप सिंह,Q315338,V. P. Singh,False
101501,अवलोकितेश्वर,Q193849,Avalokiteśvara,False
33100,काँक्री,Q3424944,Kankri,False
56749,हिमाली मूकचरी,Q26135,Bohemian waxwing,False
17240,अहमदाबाद जिल्ला,Q401686,Ahmedabad district,False
142195,याङगाङ,Q8048546,Yangang,False
26191,पाखापानी,Q7125466,Pakhapani,False
63486,परिवर्तनीय लागत,Q174915,Variable cost,False
141266,लाइसेन्स राज,Q1461789,Licence Raj,False
27242,फेदी,Q3423610,Phedi,False
31517,साँघुटार,Q3422427,Sanghutar,False
71326,ठुलीआमा,Q76507,Aunt,False
5893,फकिरा,Q5431585,Phakira,False
30340,गोङ्गबु,Q3421574,Gonggabu,False
138392,पाकिस्तानको संविधान,Q2518540,Constitution of Pakistan,False
100748,आँधीबेहरी,Q86440,The Tempest,False
38587,सेन्चुरी कमर्सियल बैंक लिमिटेड,Q19714419,Century Commercial Bank Limited,False
56116,बलम्ता,Q4849921,Balamta,False
127945,महबुब उल हक,Q283367,Mahbub ul Haq,False
48746,भारतीय खाना,Q192087,Indian cuisine,False
100175,क्लाउदियो पिसारो,Q109397,Claudio Pizarro,False
100571,अब्हा,Q190948,Abha,False
29765,सुक्रौली,Q3423899,Sukrauli,False
114664,वसुधारा,Q3536166,Vasudhara,False
56653,धोबिनी खञ्जरी,Q367577,Blue-capped redstart,False
91794,२००८ इन्डियन प्रिमियर लिग,Q379566,2008 Indian Premier League,False
31590,रावादोलू,Q3420055,Rawadolu,False
144342,आंद्रेआ बेनेत्ती,Q3615516,Andrea Benetti (artist),False
81048,क्रिस्टियन बेल,Q45772,Christian Bale,False
94269,लयाल अब्बूद,Q12237722,Layal Abboud,False
115731,द इन्क्रेडिबल हल्क (चलचित्र),Q466611,The Incredible Hulk (film),False
32279,ङावल,Q3414982,Nyawal,False
98744,कार्यसम्पादन मूल्याङ्कन,Q1430184,Performance appraisal,False
61668,शर्मन जोशी,Q1376396,Sharman Joshi,False
10862,काफल,Q3636681,Myrica esculenta,False
140599,पहिलो गिरिजाप्रसाद कोइराला मन्त्रिपरिषद्,Q128693399,First Girija Prasad Koirala cabinet,False
138450,भारतका उपराष्ट्रपतिहरूको सूची,Q3518304,List of vice presidents of India,False
100109,ब्रेन्डन मिलर,Q15846402,Brendon Miller,False
53891,नयाँ करार,Q18813,New Testament,False
107558,साम्बा वित्तीय समूह,Q7408955,Samba (bank),False
31447,सामागाउँ,Q3415196,Samagaun,False
106980,गोवर्धन पर्वत,Q1027764,Govardhan Hill,False
141683,बङ्गलादेशमा वेश्यावृत्ति,Q7251013,Prostitution in Bangladesh,False
23373,दादरबैरिया,Q5222148,Dadarbairiya,False
112113,देवीघाट,Q85756623,Devighat,False
105846,"समाजवादी पार्टी, नेपाल",Q65067705,"Samajbadi Party, Nepal (2019)",False
10952,शिशिर ऋतु,Q1311,Winter,False
8876,आर्सनल फुटबल क्लब,Q9617,Arsenal F.C.,False
114981,लुटकेस,Q77892513,Lootcase,False
150969,दुलकर सलमान,Q1105021,Dulquer Salmaan,False
48572,कुभिण्डो,Q652206,Wax gourd,False
58591,ग्रीन डे,Q47871,Green Day,False
101686,रवि ओड,Q60194542,Ravi Oad,False
132506,बर्दिया २ (निर्वाचन क्षेत्र),Q104878102,Bardiya 2,False
67945,अन्तर्राष्ट्रिय प्रकृति संरक्षण सङ्घ,Q48268,International Union for Conservation of Nature,False
52718,अर्चल,Q311477,Antidesma bunius,False
26150,स्याडी,Q3426499,Syandi,False
99097,विकियात्रा,Q373,Wikivoyage,False
15635,अरब सागर,Q58705,Arabian Sea,False
100333,कङ्गो राष्ट्रिय फुटबल टोली,Q330056,Congo national football team,False
108048,ग्यारी वाङ,Q13677685,Gary Wang (Chinese businessman),False
137586,सूक्ष्म पोषक तत्व,Q531507,Micronutrient,False
8240,मिटर,Q11573,Metre,False
23261,ठुलादुर्लुङ,Q3422275,Thuladurlung,False
80054,कमलबजार नगरपालिका,Q21064753,Kamalbazar,False
82886,गौहर खान,Q5527641,Gauahar Khan,False
63302,दक्षिण अफ्रिका राष्ट्रिय क्रिकेट टोली,Q1423651,South Africa national cricket team,False
100168,१९७३ तेल सङ्कट,Q316817,1973 oil crisis,False
68527,सत्य नडेला,Q7426870,Satya Nadella,False
133761,उत्तरी गोलार्ध,Q39061,Northern Hemisphere,False
90405,दस का दम,Q17075598,10 Endrathukulla,False
122664,आलिया मुस्ताफिना,Q266738,Aliya Mustafina,False
148197,सेडी सिङ्क,Q27452406,Sadie Sink,False
33390,निर्मलपोखरी,Q3426279,Nirmalpokhari,False
53788,विश्वनाथ उपाध्याय,Q13186151,Bishwonath Upadhyaya,False
56607,कटुसे मट्टा,Q6311458,Indian nuthatch,False
80956,जेनिफर रोड्स,Q509045,Jennifer Rhodes,False
100050,ग्लेन जोनसन,Q185208,Glen Johnson,False
134182,श्रीलङ्काका नामहरू,Q6961649,Names of Sri Lanka,False
31954,सोल्पाठाना,Q3423855,Solpathana,False
56421,ठूलो कस्दरी,Q28114109,Slaty-breasted rail,False
25882,बोडी,Q498940,Cowpea,False
147151,राष्ट्रिय परिषद् (भुटान),Q2668484,National Council (Bhutan),False
118676,प्रकाश सायमी,Q19663656,Prakash Sayami,False
102675,फ्रान्सको क्रान्ति (१८४८),Q622774,French Revolution of 1848,False
38573,सिद्धार्थ बैङ्क,Q19713130,Siddhartha Bank,False
57012,लिनेट,Q27075852,Common linnet,False
90527,पुनर्भबा नदी,Q3349842,Punarbhaba River,False
86647,बीना राय,Q523103,Bina Rai,False
83805,फिजी राष्ट्रिय क्रिकेट टिम,Q5448180,Fiji national cricket team,False
7178,फाराबुन्दो मार्ती राष्ट्रिय मुक्ति मोर्चा,Q648924,Farabundo Martí National Liberation Front,False
31452,हर्मी,Q5654397,Harbhi,False
67826,सुदामा,Q3418981,Sudama,False
84007,उपयोगिता,Q216378,Usability,False
29111,कुनाथरी,Q3419057,Kunathari,False
79498,कार्यविनायक मन्दिर,Q21129901,Karyabinayak Temple,False
107843,शेखुपुरा,Q972756,Sheikhupura,False
97584,टर्बाइन,Q130760,Turbine,False
112187,राहुल वैद्य,Q3631420,Rahul Vaidya,False
11115,कानपुर मण्डल,Q1656311,Kanpur division,False
137277,सेभोक,Q7458106,Sevoke,False
127713,एनी एर्नो,Q1153825,Annie Ernaux,False
49942,मोनिका कोभट,Q467263,Monique Covét,False
54679,आत्मदहन,Q621076,Self-immolation,False
78371,सरज्म,Q422929,Sarazm,False
140553,सुवर्ण शमशेर राणा मन्त्रिपरिषद्,Q127869182,Subarna Shamsher Rana cabinet,False
92716,लुम्बिनी फुटबल क्लब,Q28183884,Lumbini F.C.,False
27535,नाग्रेगगर्चे,Q3423623,Nagre Gagarche,False
77945,"जर्ज टाउन, पेनाङ",Q61092,"George Town, Penang",False
135467,जापानको संविधान,Q237082,Constitution of Japan,False
124665,चरिमाया तामाङ,Q17027782,Charimaya Tamang,False
28799,लोहारपानी,Q3418249,Loharpani,False
6202,टेकनाथ रिजाल,Q4453798,Tek Nath Rizal,False
130881,कोरलिङ्ग,Q17242914,Rhododendron falconeri,False
107399,निर्मल पुर्जा,Q64027141,Nirmal Purja,False
147790,इन्तर्नास्योनाल,Q49617,The Internationale,False
131329,वीरमहेन्द्र मल्ल,Q116817870,Vira Mahindra Malla,False
12124,माछा,Q152,Fish,False
38588,नेपालका बैङ्कहरूको सूची,Q6547990,List of banks in Nepal,False
80946,जोर्डन स्पार्क्स,Q215300,Jordin Sparks,False
5035,श्रीअन्तु,Q3425470,Shree Antu,False
84252,थिसरा परेरा,Q3529830,Thisara Perera,False
91159,भूषण दाहाल,Q4902212,Bhusan Dahal,False
70457,थुनेलो,Q543088,Mastitis in dairy cattle,False
28065,राम्नाकोट,Q7238367,Ramanakot,False
104268,सगरमाथा चढ्ने क्रममा मृत्यु भएका मानिसहरूको सूची,Q6633171,List of people who died climbing Mount Everest,False
30724,"रतनपुर, कैलाली",Q7238258,"Ratnapur, Kailali",False
146649,"सुशीला कार्कीको अन्तरिम मन्त्रिपरिषद्, २०८२",Q136243384,Karki interim cabinet,False
46736,अनुष्टुप छन्द,Q12413580,Anuṣṭubh,False
93283,"अन्नपूर्ण गाउँपालिका, म्याग्दी",Q97174139,"Annapurna Rural Municipality, Myagdi",False
29736,"बन्जरिया, नवलपरासी",Q4855824,"Banjariya, Parasi",False
30451,"रङ्गपुर, कपिलवस्तु",Q7210851,"Rangapur, Kapilvastu",False
143647,कल्पना चौधरी,Q45063324,Kalpana Chaudhary,False
30613,महारुद्र,Q3423083,Maharudra,False
44619,खूँटी,Q614401,Khunti,False
98998,पेरिस सेन्ट-जर्मेन फुटबल क्लब,Q483020,Paris Saint-Germain FC,False
140376,छक्का पन्जा ४,Q117204154,Chhakka Panja 4,False
134581,धीरेन्द्र कृष्ण शास्त्री,Q116290597,Dhirendra Krishna Shastri,False
13227,शरीर,Q170494,Body (biology),False
146576,भूषिता वशिष्ठ,Q136131700,Bhushita Vasistha,False
30859,इटहर्वा,Q739271,Itaharwa,False
94878,"मिक्लाजुङ गाउँपालिका, पाँचथर",Q52033887,"Miklajung Rural Municipality, Panchthar",False
100095,जान्जिबार महिला राष्ट्रिय फुटबल टोली,Q8066308,Zanzibar women's national football team,False
90964,राजस्थान क्रिकेट टिम,Q7285857,Rajasthan cricket team,False
134494,ध्रुवदेव,Q117322709,Dhruvadeva,False
108496,राज लोखर्के,Q917916,Black giant squirrel,False
151139,मसला डोसा,Q11771087,Masala dosa,False
57138,वायु फ्यालफ्याले,Q18875,Common tern,False
32295,कुइनेमङ्गले,Q3417999,Kuinemangale,False
78700,रोमन रेन्ज,Q275971,Roman Reigns,False
3826,चाँदनी,Q3412575,Chandani,False
86501,प्रिन्स नरूला,Q21100049,Prince Narula,False
124951,आकाश भैरव,Q106766696,Akash Bhairav,False
54115,अम्लपित्त,Q183130,Gastritis,False
57315,गुलाफीटाउके हाँस,Q597144,Pink-headed duck,False
15834,नादिया जिल्ला,Q1143880,Nadia district,False
17959,निजामाबाद जिल्ला,Q15391,Nizamabad district,False
138071,सार्वजनिक प्रशासन,Q31728,Public administration,False
9782,ट्रयाक्टर,Q39495,Tractor,False
74838,स्लमडग मिलियनेयर,Q125076,Slumdog Millionaire,False
126022,सान्नी त्रिवेणी गाउँपालिका,Q56276844,Sanni Triveni Rural Municipality,False
30629,सिगास,Q979453,Sigas,False
6037,फुल्काही,Q3413467,Phulkahi,False
141027,उमा थर्मेन,Q125017,Uma Thurman,False
27521,कानपुर कालापानी,Q3423634,Kanpur Kalapani,False
54151,सृतिमा शाह,Q9011815,Shritima Shah,False
131520,नन्द साम्राज्य,Q949268,Nanda Empire,False
27869,"टिमुरे, पाल्पा",Q7585437,Timurekha,False
93952,आठबीस नगरपालिका,Q55840414,Aathabis,False
17327,नीमा रुम्बा,Q13182695,Nima Rumba,False
10836,मिथुन राशि,Q129214,Gemini (astrology),False
31567,ठूलाछाप,Q3420328,Thulachhap,False
118032,कर्ममेला,Q16851730,Karmamela,False
26792,सिप्टी,Q3423816,Sipti,False
61790,सुष्मिता सेन,Q255076,Sushmita Sen,False
137596,सिरका,Q41354,Vinegar,False
13357,बिस्केट जात्रा,Q20704257,Bisket Jatra,False
114272,दुवदा जगन्नाधम,Q27356397,DJ: Duvvada Jagannadham,False
108255,कतार रेडियो,Q7267119,Qatar Radio,False
32384,शिवरथ,Q7421781,Sibaratha,False
49398,मेघदूतम्,Q182283,Meghadūta,False
14720,रामकृष्ण यादव,Q45023343,Ram Krishna Yadav (Nepali politician),False
119219,उग्रराष्ट्रवाद,Q1689591,Jingoism,False
119791,नेपाली परिकारहरूको सूची,Q18355437,List of Nepalese dishes,False
57692,लामपुच्छ्रे खैरादाँते छुचुन्द्रो,Q1764864,Long-tailed brown-toothed shrew,False
100677,गाजीपुर,Q2460416,Gazipur,False
58758,जोन कर्टिन,Q23375,John Curtin,False
23754,खडगपुर,Q3420104,Khadgapur,False
115756,कुमालकोटी,Q1756486,Potter wasp,False
27220,खिदिमा,Q3416364,Khidima,False
119790,बङ्गाली भाषा आन्दोलन,Q1975418,Bengali language movement,False
31663,काठकुइया,Q3419538,Kathkuiya,False
50039,अधिकमास,Q7261567,Adhika-masa,False
109242,उदारवाद,Q6216,Liberalism,False
6655,चितवन उपत्यका,Q5102539,Chitwan Valley,False
15679,दुष्यन्त,Q384956,Dushyanta,False
51440,द डेड जोन (उपन्यास),Q466790,The Dead Zone (novel),False
141878,नेपालको प्रवेशाज्ञा नीति,Q7935379,Visa policy of Nepal,False
1955,बेलारुस,Q184,Belarus,False
57683,हिमाली ठुटेखरायो,Q311612,Himalayan pika,False
150323,भाइब कोडिङ,Q133150082,Vibe coding,False
122405,वैष्णो देवी,Q100877925,Vaishno Devi,False
108306,विष्णु चट्टोपाध्याय,Q25586869,Bishnu Chattopadhyay,False
75208,जुलियन ड्राक्सलर,Q315697,Julian Draxler,False
52852,डोमिनिकन गणतन्त्र,Q786,Dominican Republic,False
52005,रूग (कथा),Q967043,Roog (story),False
94997,२०१७ उत्कृष्ट फिफा फुटबल अवार्ड,Q32425417,The Best FIFA Football Awards 2017,False
112443,अप्रत्यक्ष कर,Q1771708,Indirect tax,False
26326,बहुअरी,Q3418401,Bahuari,False
138306,अन्जु तामाङ,Q58836935,Anju Tamang,False
80281,कान्तिपुर राज्य,Q6365496,Kingdom of Kantipur,False
85160,धनुष,Q331050,Dhanush,False
23094,मिनेसोटा,Q1527,Minnesota,False
111658,तेह्र उपनिवेश,Q179997,Thirteen Colonies,False
102315,द भ्वाइस अफ नेपाल,Q55643417,The Voice of Nepal,False
65664,कोलोम्बिया राष्ट्रिय फुटबल टोली,Q212564,Colombia national football team,False
126212,तिला गाउँपालिका,Q60764897,Tila Rural Municipality,False
51141,द फाइनान्सियल एक्स्पर्ट,Q7733967,The Financial Expert,False
27883,"भैरवस्थान, पाल्पा",Q4900793,Bhairabsthan,False
102878,एडिडास,Q3895,Adidas,False
56933,श्वेताँखीभौं,Q28106902,Garganey,False
143516,पूर्वी गङ्ग वंश,Q250515,Eastern Ganga dynasty,False
51651,द प्रोफेसी (एनिमर्फ्स),Q7758575,The Prophecy (Applegate novel),False
2733,सेती अञ्चल,Q9196,Seti Zone,False
129847,मलेसियामा हिन्दु धर्म,Q2344682,Hinduism in Malaysia,False
124756,एकुशेर गान,Q3350453,Ekusher Gaan,False
1865,गणतन्त्र कङ्गो,Q971,Republic of the Congo,False
7030,महेन्द्र राजमार्ग,Q3595565,Mahendra Highway,False
3254,नेपालको अर्थतन्त्र,Q660099,Economy of Nepal,False
121908,स्तरीय भिन्नता,Q159375,Standard deviation,False
112422,गोपाल गुरुङ,Q24844441,Gopal Gurung,False
128952,कोशी प्रदेश सभा,Q55630697,Koshi Provincial Assembly,False
103988,बोली,Q33384,Dialect,False
54588,भूमरी,Q8081,Tornado,False
138013,लिसा मैरी प्रेस्ली,Q237324,Lisa Marie Presley,False
136085,भिसा इङ्क.,Q328840,Visa Inc.,False
134485,काँगडी भाषा,Q2331560,Kangri language,False
149117,मानसपुत्र,Q17061516,Mānasaputra,False
135580,सिक्किमेली जनता,Q5742729,Sikkimese people,False
108191,ढाका प्रिमियर लिग,Q19577026,Dhaka Premier Division Cricket League,False
27761,पृथ्वी दिवस,Q124473,Earth Day,False
64322,चलन,Q82821,Tradition,False
13137,अरिङ्गाल,Q334422,Hornet,False
6941,डि नोय ट्साइट,Q512305,Die Neue Zeit,False
56156,अर्कपुष्पी,Q17574557,Hibiscus hirtus,False
148496,डायना जेन,Q28065951,Dinah Jane,False
77927,अनुराधापुरा,Q5724,Anuradhapura,False
139481,एमएस नाउ,Q13973,MS NOW,False
80836,फ्रिडा पिन्टो,Q188744,Freida Pinto,False
135650,पिखुवा खोला जलविद्युत केन्द्र,Q104872688,Pikhuwa Khola Hydropower Station,False
88455,द ह्वाइट टाइगर (२००८ उपन्यास),Q2301826,The White Tiger (Adiga novel),False
114047,पहिलो पोर्नहब पुरस्कार,Q93310195,1st Pornhub Awards,False
27520,कात्तिके देउराली,Q3428033,Kartike Deurali,False
100336,जेरार्ड पिके,Q17507,Gerard Piqué,False
136525,एनकेभीडी विशेष शिविर नं. २,Q14524001,NKVD special camp No. 2,False
141441,अश्रु ग्याँस,Q190512,Tear gas,False
64016,कराँची,Q8660,Karachi,False
26318,बडकीफुलवरिया,Q3420115,Badaki Phulbariya,False
77513,जापानी भाषा,Q5287,Japanese language,False
143437,भुटानी,Q2359819,Demographics of Bhutan,False
104304,पुनर्जलीकरण चिकित्सा,Q1381652,Oral rehydration therapy,False
20478,फिडेल क्यास्ट्रो,Q11256,Fidel Castro,False
17997,मान्डय जिल्ला,Q2768290,Mandya district,False
23069,इलिनोई,Q1204,Illinois,False
131718,"तनहुँ–१ उपनिर्वाचन, २०८०",Q117229693,2023 Tanahun–1 by-election,False
8631,कन्फुसियस,Q4604,Confucius,False
99393,कास्की राज्य,Q104881492,Kingdom of Kaski,False
136531,महालेखा नियन्त्रक कार्यालय (नेपाल),Q30608769,Financial Comptroller General Office (Nepal),False
51462,इट (उपन्यास),Q602288,It (novel),False
54841,परिणीति चोपडा,Q2995813,Parineeti Chopra,False
145092,मुकुटमणिपुर बाँध,Q28180176,Mukutmanipur Dam,False
23806,भगवतपुर,Q3419096,Bhagawatpur,False
142789,कप्लान टर्बाइन,Q213947,Kaplan turbine,False
29071,ओजोन तह,Q79995,Ozone layer,False
99942,लाल दरबार,Q24913118,Lal Durbar,False
128961,जेना ओर्टेगा,Q21738166,Jenna Ortega,False
134262,केरुङ,Q10917441,Kyirong Town,False
142774,रेडिट,Q1136,Reddit,False
51093,मृत्युदर,Q58702,Mortality rate,False
124930,अरब लिग,Q7172,Arab League,False
58319,सनेल प्रेस्टन,Q540640,Chanel Preston,False
76455,बोडनसी ताल,Q4127,Lake Constance,False
90128,ईश्वर पोखरेल,Q16866447,Ishwar Pokhrel,False
78580,क्यारिबियनका विश्व सम्पदा क्षेत्रहरूको सूची,Q20822422,List of World Heritage Sites in the Caribbean,False
57216,तोप बाज,Q165974,Saker falcon,False
97218,निधि राजदान,Q7030844,Nidhi Razdan,False
87419,बिमल राय,Q55405,Bimal Roy,False
126443,खुशी,Q8,Happiness,False
128462,महिषपाल वंश,Q108376963,Mahisapala dynasty,False
107642,एनआइबी बैङ्क,Q21402796,NIB Bank,False
83200,सन्जिदा शेख,Q7418498,Sanjeeda Sheikh,False
7033,पोखरा विमानस्थल,Q1432399,Pokhara Airport (domestic),False
28359,अग्रपङ्क्ति (फुटबल),Q280658,Forward (association football),False
18007,पूर्वी सियाङ जिल्ला,Q15419,East Siang district,False
75157,हंसावतार,Q3126595,Hamsa (bird),False
134987,अङ्ग्रेज भुटान युद्ध,Q2564664,Duar War,False
33222,योहान सेबास्तियन बाख,Q1339,Johann Sebastian Bach,False
87270,राज कुमार,Q3763980,Raaj Kumar,False
24202,अतिताप,Q242165,Hyperthermia,False
114207,"इन्द्रचोक, काठमाडौँ",Q2913856,Indra Chowk,False
107385,एसँदी (नाटक),Q577474,Incendies (play),False
123177,बुटवल लुम्बिनी फुटबल क्लब,Q107071659,Butwal Lumbini F.C.,False
23334,बाहुनडाँगी,Q3417954,Bahundangi,False
32142,बेनीघाट,Q4887953,Benighat,False
10032,इरिटेबल बउल सिन्ड्रोम,Q838966,Irritable bowel syndrome,False
18172,जलपाइगुडी सदर उपविभाग,Q6126970,Jalpaiguri Sadar subdivision,False
120668,सुनन्दा देवी,Q7638811,Sunanda Devi,False
148971,वासुकी,Q1635469,Vasuki,False
18284,स्युनिक प्रान्त,Q2523428,Syunik Province,False
92826,कोटेश्वर महादेव,Q28183967,Koteshwor Mahadevsthan,False
138188,पूर्वी भारत,Q1151572,East India,False
52438,सीता एयर विमान दुर्घटना २०६९,Q3241797,Sita Air Flight 601,False
138022,पृथकतावाद,Q194236,Separatism,False
25434,शङ्ख,Q2479786,Shankha,False
75408,महाकाली नगरपालिका,Q17885229,"Mahakali, Darchula",False
122255,हिन्दी इलाका,Q3522980,Hindi Belt,False
134013,सुशान्त केसी,Q110609939,Sushant KC,False
136211,रश्मिला शाक्य,Q55956296,Rashmila Shakya,False
99348,बहुक्षेत्रीय प्राविधिक तथा आर्थिक सहयोगका लागि बङ्गालको खाडीको प्रयास,Q795985,BIMSTEC,False
10646,पम्फा भुसाल,Q3361809,Pampha Bhusal,False
30415,"जयनगर, कपिलवस्तु",Q6167528,"Jayanagar, Kapilvastu",False
5804,धो,Q3410320,Dho,False
56434,सुन्तलेछाती हलेसो,Q792890,Orange-breasted green pigeon,False
151045,इस्तानबुल सम्मेलन,Q1697391,Istanbul Convention,False
126458,पेद्रो तृतीय,Q964094,Peter III of Portugal,False
44703,मैनपुरी,Q2287173,Mainpuri,False
116090,पदम सुन्दास,Q98815035,Padam Sundas,False
27934,दरबार देवीस्थान,Q963011,Darbar Devisthan,False
4942,दार्जिलिङ जिल्ला,Q1134759,Darjeeling district,False
84490,एकीकृत नेपाल कम्युनिस्ट पार्टी (माओवादी),Q111165252,Unified Communist Party of Nepal (Maoist),False
51986,माइनोरिटी रिपोर्ट (२००२ संग्रह),Q1126497,Minority Report (2002 collection),False
61381,आर. माधवन,Q729982,R. Madhavan,False
131128,देश विकास पार्टी,Q115805594,Desh Bikash Party,False
16404,प्रवल गुरुङ,Q3909793,Prabal Gurung,False
138230,शेरजङ्ग थापा,Q7494617,Sher Jung Thapa,False
82560,सुभद्रा कुमारी चौहान,Q3635834,Subhadra Kumari Chauhan,False
99657,एरिक डायर,Q1439915,Eric Dier,False
126436,पिर,Q111248716,Pir (song),False
100227,कोस्टारिका महिला राष्ट्रिय फुटबल टोली,Q1136312,Costa Rica women's national football team,False
74124,पानी (रङ),Q372733,Aqua (color),False
58725,क्लिमेन्ट एट्ली,Q129006,Clement Attlee,False
150109,मनोजकुमार शर्मा,Q139850859,Manoj Kumar Sharma (Justice),False
108691,एङ्ग्रो निगम,Q5378747,Engro Corporation,False
141831,तिमी चिया बारी,Q3195916,Temi Tea Garden,False
9668,कम्प्युटर प्रोग्राम,Q40056,Computer program,False
141053,गण्डकी प्रदेशको मुख्यमन्त्री,Q109941194,Chief Minister of Gandaki Province,False
7258,कविता,Q482,Poetry,False
86101,अर्जुन कुमार,Q26787404,Arjun Kumar,False
56900,कालोगर्दने काठफोर,Q201106,Grey-headed woodpecker,False
102501,मिश्रितलैङ्गिक व्यक्ति,Q207959,Androgyny,False
6597,सुन्दरबजार नगरपालिका,Q3428573,Sundarbazar,False
56583,कैलोपेटे राजचिचिल्कोटे,Q1590485,Rufous-fronted bushtit,False
94825,ब्लु ह्वेल च्यालेन्ज,Q29055131,Blue Whale Challenge,False
83492,नेपाली नायिकाहरूको सूची,Q6591718,List of Nepalese actresses,False
80505,केटी होम्स,Q174346,Katie Holmes,False
106052,सुश्रुत संहिता,Q1995239,Sushruta Samhita,False
103202,दोस्रो बजार,Q486901,Secondary market,False
148167,साँसनली,Q175449,Trachea,False
128881,सावित्री देवी,Q270337,Savitri Devi,False
107576,ड्य्रागन त्रिकोण,Q252633,Devil's Sea,False
126937,धाप बाँध,Q113882900,Dhap Dam,False
148880,वैखानस,Q7908734,Vaikhanasa,False
13324,हुड्को,Q3534333,Udukai,False
52000,द कुकी लेडी,Q7727544,The Cookie Lady (short story),False
107465,सक्किगोनि,Q75031718,Sakkigoni,False
84990,क्लियरिङ हाउस,Q1609677,Clearing house (finance),False
7542,नाति,Q3603531,Grandchild,False
69513,मणिभ,Q43533,Crystal,False
91459,हिन्दु बसोबास भएका देशहरू,Q755929,Hinduism by country,False
122410,भावना पूर्वाग्रह,Q382233,Affect heuristic,False
35228,ब्रेसियर,Q13716,Bra,False
27058,कर्थली,Q3426555,Karkhali,False
150763,साङ्गे छेल्त्रिम,Q123860504,Sangay Tsheltrim,False
27762,विश्व वातावरण दिवस,Q199641,World Environment Day,False
90806,गुगल क्रोम,Q777,Google Chrome,False
78046,बौद्धको स्मारक होरयु-जी क्षेत्रमा,Q1333799,Buddhist Monuments in the Hōryū-ji Area,False
54914,शैलपुत्री,Q4526903,Shailaputri,False
23386,मृगौलिया,Q3425701,Mrigauliya,False
131094,तिब्बत स्वायत्त क्षेत्र,Q17269,Tibet Autonomous Region,False
84713,साफ च्याम्पियनसिप,Q1190880,SAFF Championship,False
27753,हुलाक टिकट,Q37930,Postage stamp,False
131368,पर्सागढी नगरपालिका,Q60772853,Parsagadhi,False
7001,निकोलाइ मिखाइलोभ्स्की,Q770682,Nikolay Mikhaylovsky,False
29730,"प्रसौनी, नवलपरासी",Q7139936,Parsauni,False
3740,"विजुली, प्युठान",Q3413854,Bijuli,False
23826,लोहजरा,Q3415602,Lohajara,False
107885,वारिद टेलिकम,Q3351333,Warid Telecom,False
26352,सपही,Q6650449,"Sapahi, Bara",False
7387,वुहान,Q11746,Wuhan,False
46714,गति,Q11465,Velocity,False
17274,गढवा जिल्ला,Q2302076,Garhwa district,False
27514,अनेकोट,Q3422740,Anaikot,False
57114,लघु राजपुत्रिका,Q18851,Little ringed plover,False
141517,नेपालका गाउँ विकास समितिहरूको सूची,Q17008756,List of village development committees of Nepal,False
147717,मोन राज्य,Q818742,Mon State,False
33603,बहामस,Q778,The Bahamas,False
16007,तरुवा,Q96407845,Tarua,False
103294,सन् २०१९ साफ महिला च्याम्पियनसिप,Q56816031,2019 SAFF Women's Championship,False
65655,बाल्यावस्था,Q276258,Childhood,False
134072,कुरु राज्य,Q1068408,Kuru kingdom,False
147422,तलातल घर,Q7678959,Talatal Ghar,False
100305,थोमस डिलेइनी,Q961878,Thomas Delaney,False
129160,नेपाली चिया,Q8015507,Nepali tea,False
107835,सिङ्डा उपजिल्ला,Q7215385,Singra Upazila,False
26770,काँटे,Q6365368,"Kante, Nepal",False
85182,मोहित मलिक,Q16731875,Mohit Malik,False
107130,सङ्जा,Q7561658,Songza,False
119569,लेजर प्रोजेक्टर,Q6493088,Laser projector,False
57707,दुधेभुँडी मुसो,Q2222261,Chestnut white-bellied rat,False
16226,बर्टेन्ड रसेल,Q33760,Bertrand Russell,False
119873,पारस्परिकता (संस्कृतिक मानवशास्त्र),Q3264987,Reciprocity (cultural anthropology),False
91829,सरिता मगर,Q47089209,Sarita Magar,False
83112,यामी गौतम,Q8048050,Yami Gautam,False
150353,स्प्रिङ,Q102836,Spring (device),False
87720,गिरिश खतिवडा,Q70988864,Girish Khatiwada,False
64677,शक्ति (देवी),Q19103,Shakti,False
60486,गगनसिंह भण्डारी,Q15149200,Gagan Singh Bhandari,False
74090,माण्डूक्योपनिषद,Q1108830,Mandukya Upanishad,False
84824,स्वस्तिमा खड्का,Q21064203,Swastima Khadka,False
43154,लामिछाने,Q19683431,Lamichhane,False
109324,सात वर्षे युद्ध,Q33143,Seven Years' War,False
137110,आइसिसी महिला टि२० विश्वकप,Q17003598,Women's T20 World Cup,False
66215,नो बल,Q1426457,No-ball,False
25446,कालो ऐँसेलु,Q13180,Rubus subg. Rubus,False
134159,श्रीलङ्काका जिल्लाहरू,Q1230110,Districts of Sri Lanka,False
99977,उज्बेकिस्तान महिला राष्ट्रिय फुटबल टोली,Q851535,Uzbekistan women's national football team,False
48541,अनारकली,Q3595744,Anarkali,False
23910,बकुल,Q2088434,Mimusops elengi,False
12912,लाटोकोसेरो,Q25222,Owl,False
15826,परेला,Q160108,Eyelash,False
60617,सर जोन ए. म्याकडोनाल्ड,Q128702,John A. Macdonald,False
23923,तरबार,Q12791,Sword,False
54590,मार्गरेट थ्याचर,Q7416,Margaret Thatcher,False
78253,कुमाऊँ,Q6443464,Kumaon,False
122190,भ्लादिमिर नाबोकोभ,Q36591,Vladimir Nabokov,False
142803,बहुभाषिकता,Q30081,Multilingualism,False
26869,घुस्की,Q3411973,"Ghuski, Sunsari",False
119506,दक्षिणेश्वर काली मन्दिर,Q1157765,Dakshineswar Kali Temple,False
131649,घटोत्कच गुप्त,Q3317361,Ghatotkacha (king),False
56936,हुलास मोटर्स,Q1636249,Hulas Motors,False
53177,पञ्चशील,Q1255047,Five Principles of Peaceful Coexistence,False
128765,हरि ढकाल,Q115408370,Hari Dhakal,False
32830,खिरसैन,Q944001,Khirsain,False
107741,र्‍यामब्लर्,Q1758666,Rambler (portal),False
17003,भोटेकोशी नदी,Q3695389,Bhotekoshi River,False
137769,यशूको क्रूसारोपण,Q51636,Crucifixion of Jesus,False
33395,भदौरे तमागी,Q4900515,Bhadaure Tamagi,False
146953,राजीव गान्धीको हत्या,Q3423445,Assassination of Rajiv Gandhi,False
90853,विशाल राई,Q30276171,Bishal Rai,False
6836,पृथ्वी वीरविक्रम शाह,Q886987,Prithvi Bir Bikram Shah,False
77325,फ्राङ्क रिबेरी,Q1918,Franck Ribéry,False
126792,बलुचिस्तान,Q181103,Balochistan,False
149357,भिकी गुरेरो,Q231501,Vickie Guerrero,False
31929,तामाजोर,Q786889,Tamajor,False
58257,सेक्टर काण्ड,Q15074597,Sector Kanda,False
52043,सेल्स पिच (लघुकथा),Q1126035,Sales Pitch (short story),False
56265,हिमाली पिउरा,Q1063957,Tibetan partridge,False
138034,सेती राजमार्ग,Q25378273,Seti Highway,False
90613,श्रीमुरली,Q7586164,Sriimurali,False
57524,सुबिसु केबलनेट,Q14325969,Subisu,False
15552,जोन लेनन,Q1203,John Lennon,False
18131,भारतीय संविधान,Q477108,Constitution of India,False
78711,कास्तियो दे सान पेद्रो दे ला रोका,Q910189,Castillo de San Pedro de la Roca,False
10903,ऋषिकेश,Q502141,Rishikesh,False
149885,पोन्नियिन सेल्वन,Q3429999,Ponniyin Selvan,False
16707,मैसुर,Q10086,Mysore,False
75843,कालिंदी नदी,Q6352845,Kalindi River,False
119679,मिसेल फुको,Q44272,Michel Foucault,False
149882,सेरेस (वामन ग्रह),Q596,Ceres (dwarf planet),False
26344,रामपुरटोकनी,Q3423073,Rampur Tokani,False
117002,हनुमान लङ्गुर,Q817180,Northern plains gray langur,False
78942,विलान्ड्रा ताल क्षेत्र,Q747875,Willandra Lakes Region,False
97120,द बिटल्स,Q1299,The Beatles,False
47635,अङ्गिका भाषा,Q28378,Angika,False
77454,आन्द्रे पिर्लो,Q43926,Andrea Pirlo,False
100613,२०११ फिफा बेलोन डी' ओर,Q611968,2011 FIFA Ballon d'Or,False
17285,पूर्वी सिंहभूम जिल्ला,Q2452921,East Singhbhum district,False
23831,सकरपुरा,Q3425285,Sankarpura,False
139495,दक्षिण गोवा जिल्ला,Q108244,South Goa district,False
13354,नागपञ्चमी,Q2427232,Naga Panchami,False
13960,गिलास,Q16180001,Tumbler (glass),False
48296,मोन्टेनेग्रो,Q236,Montenegro,False
5081,निर्वाचन आयोग (नेपाल),Q5354513,Election Commission (Nepal),False
57706,ध्वाँसे मुसो,Q1765839,Smoke-bellied rat,False
10439,इन्टरनेट एक्सप्लोरर,Q1575,Internet Explorer,False
108456,मिरपुर उपजिल्ला,Q3348470,Mirpur Upazila,False
135096,दशरथ मौर्य,Q538082,Dasharatha Maurya,False
133980,बगैँचे फूल,Q158984,Dianthus caryophyllus,False
115541,आइमेश,Q1050551,IMesh,False
32798,गिरीचौका,Q3414807,Girichauka,False
13398,सनतकुमार,Q2176828,Four Kumaras,False
148699,नीम करोली बाबा,Q708116,Neem Karoli Baba,False
140156,सबैभन्दा धेरै बोलिने अनुसूचित भाषाहरू अनुसार भारतीय राज्यहरू,Q29025229,Indian states by most spoken scheduled languages,False
33204,श्रीभञ्ज्याङ,Q3426384,Sri Bhanjyang,False
127002,अर्लिङ होलान,Q28967995,Erling Haaland,False
151059,कृष्ण पाउरोटी,Q6437471,Krishna Pauroti,False
80921,उपेन्द्रमान सिंह,Q21066377,Upendra Man Singh,False
133680,कामरूपी प्राकृत,Q6356097,Kamarupi Prakrit,False
113903,एलेक्सिस सिप्रास,Q312015,Alexis Tsipras,False
17139,एमटिएस इन्डिया,Q2069082,MTS India,False
55919,तन्ना,Q391788,Bed sheet,False
123676,रेणुका गुरुङ,Q78796365,Renuka Gurung,False
125311,पाल्पाका बडाहाकिम,Q109827111,Governor of Palpa,False
148814,नग्नजिती,Q14590081,Nagnajiti,False
65755,कालो करेत,Q2928196,Lesser black krait,False
85906,कमेडी नाइट्स लाइभ,Q22251926,Comedy Nights Live,False
75032,२०१५ क्रिकेट विश्वकप समुह बि,Q19007148,2015 Cricket World Cup Pool B,False
93845,विवेकशील साझा पार्टी,Q65397427,Bibeksheel Sajha Party,False
134357,संयोग,Q2308809,Coincidence,False
66783,हरेउ,Q263271,Trimeresurus albolabris,False
31912,"महोत्तरी, महोत्तरी",Q13184743,"Mahottari, Mahottari",False
13052,भोर्ला,Q2118988,Phanera vahlii,False
57624,गौरीगाई,Q174296,Gaur,False
47283,सात सालको क्रान्ति,Q19605695,1950–1951 Nepalese revolution,False
69814,रेने डेसकार्टस,Q9191,René Descartes,False
91738,भारतीय महिला क्रिकेट टोली,Q6019705,India women's national cricket team,False
51617,द प्रिडेटर (एनिमर्फ्स),Q7758033,The Predator (novel),False
3733,बिजौरी,Q12441745,Bijauri,False
126099,घोरेपानी,Q5556953,Ghorepani,False
3926,छार्का,Q3410461,Chharka,False
125566,नेपाल-चीन सिमाना,Q3089177,China–Nepal border,False
100562,ब्राइटन एन्ड होभ आल्भियन फुटबल क्लब,Q19453,Brighton & Hove Albion F.C.,False
132497,मुहान,Q7376362,River source,False
32622,मन,Q450,Mind,False
149089,स्वाहा,Q2614321,Svaha,False
8044,मृगौला,Q9377,Kidney (vertebrates),False
62132,टम हिडल्स्टन,Q295803,Tom Hiddleston,False
62505,जेसी सेन्ट जेम्स,Q3177572,Jessie St. James,False
63727,रातो सागर,Q23406,Red Sea,False
79514,नेपालका हिन्दू मन्दिरहरूको सूची,Q6573232,List of Hindu temples in Nepal,False
43447,विद्युत आवेश,Q1111,Electric charge,False
32189,दार्मा,Q5212208,"Dami, Nepal",False
50005,सेलिन बारा,Q268536,Céline Bara,False
17898,नेपालको राष्ट्रपति,Q153756,President of Nepal,False
102353,सिल्भिया प्लाथ,Q133054,Sylvia Plath,False
118360,मुन्नी साहा,Q56597707,Munni Saha,False
7137,तेश्रो नेपाल तिब्बत युद्ध,Q2001528,Nepal–Tibet War (1855–1856),False
46390,गौशाला नगरपालिका,Q5527813,"Gaushala, Mahottari",False
23081,नर्थ क्यारोलाइना,Q1454,North Carolina,False
138123,रत्न मन्दिर,Q107439470,Ratna Mandir,False
58355,नियो,Q193710,Ne-Yo,False
6046,गडराय,Q3413007,Gadaraya,False
150502,सियालदह रेलवे स्टेसन,Q3347406,Sealdah railway station,False
30631,शिवनाथ,Q3421924,Shibanath,False
7601,नेपाल नागरिक उड्डयन प्राधिकरण,Q5124426,Civil Aviation Authority of Nepal,False
148783,अष्टभार्या,Q14589648,Ashtabharya,False
131061,विजयालय चोल,Q7929271,Vijayalaya Chola,False
100461,योनास होफमान,Q822781,Jonas Hofmann,False
55119,चोभार,Q2964225,Chobhar,False
127155,शिवपुरी गाउँपालिका,Q65413937,Shivapuri Rural Municipality,False
80000,कन्नड चलचित्र,Q3250548,Kannada cinema,False
150227,मदन भण्डारी,Q982203,Madan Bhandari,False
51989,द माइनोरिटी रिपोर्ट (संग्रह),Q7751590,The Minority Report (1991 collection),False
131857,दोस्रो भाषा,Q125421,Second language,False
56677,नीलतुथो अर्जुनक,Q1591254,Verditer flycatcher,False
17974,उत्तरकाशी,Q1949097,Uttarkashi,False
34041,पकवादी,Q7125444,Pakwadi,False
132559,धादिङ २ (निर्वाचन क्षेत्र),Q104878114,Dhading 2,False
9054,तिलिचो ताल,Q619766,Tilicho Lake,False
120150,कल्की सुब्रमण्यम,Q23731530,Kalki Subramaniam,False
133150,हिमयुग,Q49367,Ice age,False
58603,सेन किङ्स्टन,Q216934,Sean Kingston,False
126214,पातारासी गाउँपालिका,Q3420932,Patarasi Rural Municipality,False
14764,शेरबहादुर कुँवर,Q7494613,Sher Bahadur Kunwor,False
42948,प्रकाश संश्लेषण,Q11982,Photosynthesis,False
62027,साधारण सेयर,Q1081659,Common stock,False
92254,ऋषिङ्ग गाउँपालिका,Q29579820,Rishing Rural Municipality,False
53548,माधव भित्तल कामथ,Q3877603,M. V. Kamath,False
81187,पानीको घाम,Q110269781,Paniko Gham,False
51610,द इनभेजन (एनिमर्फ्स),Q3204304,The Invasion (novel),False
101243,मेगा अपलोड,Q483,Megaupload,False
131922,कविलासी नगरपालिका,Q11733126,"Kabilasi, Sarlahi",False
136043,कृष्णकुमार श्रेष्ठ,Q66722241,Krishna Kumar Shrestha,False
26260,"अमरपट्टी, बारा",Q4740336,"Amarpatti, Bara",False
99407,कुँवर परिवार,Q58008263,Kunwar family,False
74071,शुकरहस्योपनिषद,Q12454333,Shukarahasya Upanishad,False
92804,बीर विक्रम,Q30067999,Bir Bikram (film),False
71252,नइम यु हसन,Q6958089,Naeem U. Hasan,False
131164,अर्धविराम चिह्न,Q104394,Semicolon,False
92999,नेपाली राष्ट्रियता कानुन,Q6994465,Nepali nationality law,False
68340,वेल्स,Q25,Wales,False
139877,राजनीतिक विचारधारा,Q12909644,Political ideology,False
124114,एक्सपेरिमेन्टल एडभान्स्ड सुपरकन्डक्टिङ टोकामक,Q1384378,Experimental Advanced Superconducting Tokamak,False
7117,तृतीय (कम्युनिष्ट) इन्टरनेसनल,Q163931,Communist International,False
88582,सक्या,Q650035,Sakya,False
148546,शाकचुन्नी,Q129402769,Shakchunni,False
148537,चित्राङ्गदा,Q2367305,Chitrangada (princess),False
87499,मोटु पतलु: किङ अफ किङ्गस,Q27306757,Motu Patlu: King of Kings,False
82932,तबु,Q158233,Tabu (actress),False
32510,बेलापुर,Q4881908,"Belapur, Nepal",False
69410,विलियम मर्नर,Q1387059,William E. Moerner,False
114050,२०२० सेयर बजार क्र्यास,Q87629158,2020 stock market crash,False
83461,सम्राज्ञी राज्यलक्ष्मी शाह,Q24059375,Samragyee RL Shah,False
14370,सङ्क्रान्तिबजार,Q3426335,Sankranti Bazar,False
61437,आदित्य रोय कपुर,Q4683087,Aditya Roy Kapur,False
106816,रामारोशन गाउँपालिका,Q65410585,Ramaroshan Rural Municipality,False
92430,अभिमानसिंह बस्न्यात,Q4667409,Abhiman Singh Basnet,False
108708,शाहजादपुर उपजिल्ला,Q2605676,Shahjadpur Upazila,False
9913,अवल पराजुल,Q3410170,Awal Parajul,False
83033,सधा,Q3537616,Sadha,False
92518,ताजिकिस्तान राष्ट्रिय फुटबल टोली,Q386139,Tajikistan national football team,False
56972,कृष्णमुहार बगेडी,Q1190674,Black-faced bunting,False
65131,सौर्य पानी हिटर,Q99147642,Solar water heater,False
56337,चाँदे बाँदरचरी,Q110257527,Great parrotbill,False
56765,पहेँलो मारुनीचरी,Q1314703,Yellow-bellied fantail,False
116081,वार्नर ब्रोस पिक्चर्स,Q8016302,Warner Bros. Pictures,False
16275,छिन्नमस्ता भगवती,Q13181099,Chinnamasta Bhagawati Temple,False
135617,मैलुङ खोला जलविद्युत केन्द्र,Q104871643,Mailung Khola Hydropower Station,False
86998,अल द बेस्ट (२००९ चलचित्र),Q4196318,All the Best: Fun Begins,False
92639,सरावल गाउँपालिका,Q30302689,Sarawal Rural Municipality,False
70744,क्वालालम्पुर,Q1865,Kuala Lumpur,False
100876,इन्स्टाफाेन,Q17056583,Instaphone,False
90383,अफ्रिकन युनाइटेड क्लब,Q18350390,African United Club,False
34058,माझकोट शिवालय,Q3415298,Majhakot Sivalaya,False
56748,सेतोकण्ठे वञ्जुल,Q201831,White-throated dipper,False
87452,सुलक्षणा पण्डित,Q3632513,Sulakshana Pandit,False
27239,पाथेका,Q3423833,Patheka,False
121235,ट्याक्सी ड्राइभर,Q47221,Taxi Driver,False
123568,खानेपानी मन्त्रालय (नेपाल),Q30608779,Ministry of Water Supply,False
32553,सुर्जाहा,Q3417409,Surjaha,False
77778,एलोरा गुफाहरू,Q189616,Ellora Caves,False
149049,नागराज (किंवदन्ती),Q3239966,Nagaraja,False
133223,दुधवा बाघ आरक्ष,Q5311756,Dudhwa Tiger Reserve,False
100004,सर्जियो अग्वेरो,Q119562,Sergio Agüero,False
23480,याङनाम,Q7677611,Yangnam,False
33630,ल्याटिन अमेरिका,Q12585,Latin America,False
100708,ट्युन पाकिस्तान,Q17086247,Tune.pk,False
64321,बहुदलीय प्रणाली,Q223847,Multi-party system,False
46486,रघुवंशम्,Q2046254,Raghuvaṃśa,False
99326,बोगटान फुड्सिल गाउँपालिका,Q65410486,Bogatan-Phudsil Rural Municipality,False
119253,एमिलिया क्लार्क,Q235132,Emilia Clarke,False
78228,केप पुष्प क्षेत्र संरक्षित क्षेत्रहरू,Q1974274,Cape Floristic Region,False
120467,सोल्दातिक,Q97940697,Soldier Boy (film),False
31719,सोरेङ,Q7563426,Soreng,False
88469,सिलवास,Q318404,Silvassa,False
69922,सिमेन्ट,Q45190,Cement,False
56754,राजचरी,Q73430,Black-naped monarch,False
143918,केम्यान टापु,Q5785,Cayman Islands,False
27975,हस्तीचौर,Q3427666,Hastichaur,False
86965,ब्लुटुथ,Q39531,Bluetooth,False
12258,उन्नाव जिल्ला,Q1937875,Unnao district,False
111602,बृहस्पति (ज्योतिष),Q916959,Brihaspati,False
127339,सोनी,Q41187,Sony,False
91349,सत्चित शमशेर जङ्गबहादुर राणा,Q83689688,Satchit Rana,False
18883,पाँचखाल नगरपालिका,Q3413519,Panchkhal,False
79488,जोया अफ्रोज,Q16058172,Zoya Afroz,False
103570,अल-अहमदी रङ्गशाला,Q4118312,Al-Ahmadi Stadium,False
49666,मोना पोज्जी,Q242219,Moana Pozzi,False
99635,मिया खलिफा,Q18735049,Mia Khalifa,False
141037,सभाखोला,Q7396067,Sabha River,False
134425,अफ्रिकामा हिन्दू धर्म,Q3135756,Hinduism in Africa,False
28055,फुकोट,Q7188302,Phukot,False
108563,शाहीन बाज,Q3309750,Shaheen falcon,False
13090,"उत्तर, मध्य अमेरिका र क्यारिबियन फुटबल सङ्घ",Q160549,CONCACAF,False
10912,चैत,Q2365308,Chaitra,False
38629,ठोक्सिला,Q19683115,Rampur Thoksila,False
31918,कल्पवृक्ष,Q33082368,Kalpabrishykha,False
84820,नेपालका प्रदेशहरू,Q22049119,Provinces of Nepal,False
100843,"अद्दु सहर, माल्दिभ्स",Q4681407,Addu City,False
90961,शुमी मरित्स,Q1378369,Shumi Maritsa,False
17455,पन्ना जिल्ला,Q2341630,Panna district,False
27009,रानीवास,Q6650737,"Ranibas, Bhojpur",False
82909,प्रीति सिंह,Q16751568,Preeti Singh,False
94962,पोलेको घाउ,Q170518,Burn,False
57872,आविष्कार,Q12579633,Invention,False
91783,यौन तथा प्रजनन स्वास्थ्य अधिकार,Q10666891,Sexual and reproductive health and rights,False
101257,शुक्राचार्य,Q572235,Shukra,False
106854,बेनजीर भुट्टो अन्तर्राष्ट्रिय विमानस्थल,Q816717,Benazir Bhutto International Airport,False
123183,बम्बई स्टक एक्सचेन्ज,Q638398,Bombay Stock Exchange,False
145063,चाङचुन,Q92161,Changchun,False
150640,पङ्कज बिक्रम नेम्बाङ,Q116963140,Pankaj Bikram Nembang,False
83389,लिन्डा ह्यामिल्टन,Q208214,Linda Hamilton,False
141537,डेथ नोट,Q1834,Death Note,False
70176,आइसिसी वर्ल्ड क्रिकेट लिग डिभिजन थ्री,Q18342076,World Cricket League Division Three,False
57159,हिमाली गिद्ध,Q643101,Himalayan vulture,False
25465,डायमनशमशेर राणा,Q5270919,Diamond Shumsher Rana,False
79201,ओरेन्जेस आर नट द ओन्ली फ्रुट,Q4843750,Oranges Are Not the Only Fruit,False
133750,अधिमहाद्वीप,Q55833,Supercontinent,False
17732,शिक्षक,Q37226,Teacher,False
100479,मदिलो,Q161042,Elaeagnus,False
79250,सारा खान,Q7421671,"Sara Khan (actress, born 1989)",False
44370,असन्ध,Q583672,Assandh,False
35241,कुर्था सुरुवाल,Q855915,Kurta,False
136396,पिटर पल रुबेन्स,Q5599,Peter Paul Rubens,False
88178,व्यवस्थापन लेखापरीक्षण,Q17125356,Management auditing,False
78020,कम्फेङ फेट ऐतिहासिक निकुञ्ज,Q680065,Kamphaeng Phet Historical Park,False
31934,सुम्नाम पोखरी,Q3426391,Sunam Pokhari,False
74985,भर्जिनिया वुल्फ,Q40909,Virginia Woolf,False
23840,"हर्दिया, सप्तरी",Q5656196,"Hardiya, Saptari",False
120687,राजेश झा,Q105581748,Rajesh Jha,False
58757,जोसेफ कुक,Q356230,Joseph Cook,False
55786,शङ्ख पार्क,Q19683983,Sankha Park,False
7227,दक्षिण अफ्रिका,Q258,South Africa,False
100085,जिबुती राष्ट्रिय फुटबल टोली,Q275698,Djibouti national football team,False
74677,जोलेन ब्लालक,Q234466,Jolene Blalock,False
28047,कोटबाडा,Q6433901,Kotbada,False
149021,बालेन शाह मन्त्रिपरिषद्,Q138799416,Balen Shah cabinet,False
84257,केन रिचर्डसन,Q6361846,Kane Richardson,False
141587,लरेन्स बिश्नोई,Q112186865,Lawrence Bishnoi,False
111553,चार्ल्स ब्याबेज,Q46633,Charles Babbage,False
99653,कार्डिफ सिटी फुटबल क्लब,Q18662,Cardiff City F.C.,False
94373,दोस्रो विश्वयुद्धमा नेपाल,Q6994468,Nepal in World War II,False
115223,दक्षिण एसिया उपग्रह,Q5514536,South Asia Satellite,False
109032,समझदारी पत्र,Q1053964,Memorandum of understanding,False
99986,माल्दिभ्स महिला राष्ट्रिय फुटबल टोली,Q3277211,Maldives women's national football team,False
57061,कैलो भँगेरा,Q28868046,Russet sparrow,False
45208,माधवी (उपन्यास),Q19682487,Madhabi,False
87482,केजे येशुदास,Q2051849,K. J. Yesudas,False
99761,सृष्टि रोडे,Q16832081,Srishty Rode,False
81716,एनआइसी एसिया बैङ्क,Q20707049,NIC ASIA Bank,False
13122,चितुवा,Q34706,Leopard,False
103454,बोलपत्र,Q7314803,Request for tender,False
97958,दोस्रो फ्रान्सेली साम्राज्य,Q71092,Second French Empire,False
121525,पार्श्व गायक,Q1755412,Playback singer,False
57940,ओलेभ वेडेन पावेल,Q231525,"Olave Baden-Powell, Baroness Baden-Powell",False
31628,टाटा नानो,Q152238,Tata Nano,False
126896,"प्रतिलिपि अधिकार ऐन, २०५९",Q5169260,Copyright law of Nepal,False
129118,चापागाईं,Q13180946,Chapagain,False
69143,रसायन शास्त्रमा नोबेल पुरस्कार,Q44585,Nobel Prize in Chemistry,False
80540,सञ्जय,Q2389469,Sanjaya,False
77762,फतेहपुर सिकरी,Q179046,Fatehpur Sikri,False
56574,भीरगौँथली,Q26055,Western house martin,False
126360,साहिली औँला,Q192298,Ring finger,False
93808,सौरभ शुक्ला,Q7427518,Saurabh Shukla,False
29698,कावासोती नगरपालिका,Q6379875,Kawasoti,False
141563,नेपाल भारत सीमा,Q3088768,India–Nepal border,False
65186,जङ्गली अदुवा,Q3779298,Zingiber cassumunar,False
53459,रुपा ताल,Q3451065,Rupa Lake,False
147142,भारतीय राष्ट्रिय विकासशील समावेशी गठबन्धन,Q120739928,Indian National Developmental Inclusive Alliance,False
54538,पिउने पानी,Q7892,Drinking water,False
129469,हेमु विक्रमादित्य,Q2564509,Hemu,False
111355,यान्त्रिकरण,Q1160362,Mechanization,False
29017,"शिखरपुर, मकवानपुर",Q7001366,"Shikharpur, Makwanpur",False
10076,जहानाबाद जिल्ला,Q49176,Jehanabad district,False
30418,डुमरा,Q3412153,"Dumara, Nepal",False
29230,भूषाफेदा,Q4902213,Bhusapheda,False
23166,घुँडा,Q37425,Knee,False
53198,रेट्बा ताल,Q1522557,Lake Retba,False
32813,लाटामाण्डौ,Q3464841,Latamandau,False
56517,मोटोखुट्टे फिस्टो,Q757116,Booted warbler,False
140611,युरोजोन,Q8268,Eurozone,False
27847,अर्गली,Q3415809,"Argali, Palpa",False
23263,ठैब,Q2607329,Thaiba,False
114350,वेदम (चलचित्र),Q5489917,Vedam (film),False
44909,सागर थापा,Q7399033,Sagar Thapa,False
88852,अतियोग,Q849734,Dzogchen,False
66719,२०१४ एसियाली खेलकुद,Q495366,2014 Asian Games,False
133582,कार्यवाहक (कानून),Q4676846,Acting (law),False
125102,खेमराज गुरुङ,Q6401255,Khem Raj Gurung,False
103566,नीरशमशेर जङ्गबहादर राणा,Q19646656,Nir Shumsher Jung Bahadur Rana,False
142548,हुण्डी,Q1637563,Hundi,False
29627,सलाङ,Q7005938,"Salang, Nepal",False
132451,बगर,Q40080,Beach,False
14652,आरजुराणा देउवा,Q4802770,Arzu Rana Deuba,False
99357,ओसामा हसावी,Q1120791,Osama Hawsawi,False
78152,गोबुस्तान चट्टान सांस्कृतिक कला परिदृश्य,Q318181,Gobustan State Historical and Cultural Reserve,False
9938,दरभङ्गा प्रमण्डल,Q1165685,Darbhanga division,False
137611,रेनबो नेसन,Q3336814,Rainbow nation,False
95095,स्मार्ट सेल,Q28183988,SmartCell,False
33412,हेम्जा,Q3421651,Hemja,False
29723,"नरम, नवलपरासी",Q3417674,Naram,False
144077,कबवेब (नेपाली ब्यान्ड),Q105638027,Cobweb (band),False
52057,वार भेट्रान,Q7968549,War Veteran,False
17012,सुनकोशी नदी,Q7638365,Sunkoshi River,False
3798,बोहरागाउँ,Q3414310,Boharagaun,False
107754,बङ्गलादेशमा विद्युतीय वाणिज्य,Q28803202,E-commerce in Bangladesh,False
62276,"शिखरपुर, बैतडी",Q6628304,"Shikharpur, Baitadi",False
127143,बेनीघाट रोराङ गाउँपालिका,Q104870678,Benighat Rorang Rural Municipality,False
32940,"लक्ष्मीपुर, कञ्चनपुर",Q6505276,"Laxmipur, Kanchanpur",False
4530,मुद्रा,Q1368,Money,False
10943,पुस,Q2191586,Pausha,False
100449,कुक टापु राष्ट्रिय फुटबल टोली,Q275669,Cook Islands national football team,False
3386,दक्षिण एसियाली क्षेत्रीय सहयोग सङ्गठन,Q145700,South Asian Association for Regional Cooperation,False
25795,डिएगो म्याराडोना,Q17515,Diego Maradona,False
56477,फिरफिरे घरगौंथली,Q31713,House swift,False
78052,शिरकावा-गो र गोकयामाको ऐतिहासिक गाँउ,Q877626,Historic Villages of Shirakawa-gō and Gokayama,False
27062,कुभिण्डे,Q6441223,"Kubhinde, Sindhupalchok",False
53526,माइतीघर मण्डल,Q3811730,Maitighar Mandala,False
33248,तित्याङ,Q3424646,Tityang,False
135100,राज्यपाल (भारत),Q3537705,Governor (India),False
95432,दयानन्द सरस्वती,Q224906,Dayananda Saraswati,False
85169,दीपिका कक्कर,Q12068128,Dipika Kakar,False
29881,रोहुवा,Q3425562,Rohuwa,False
135619,पनौती जलविद्युत केन्द्र,Q18388058,Panauti Hydropower Station,False
31817,"महम्मदपुर, बर्दिया",Q6650608,"Mahamadpur, Bardiya",False
108740,नागेश्वरी उपजिल्ला,Q3348551,Nageshwari Upazila,False
77547,दक्षिणपूर्व एसियाका विश्व सम्पदा क्षेत्रहरूको सूची,Q2493074,List of World Heritage Sites in Southeast Asia,False
107467,जियाङ शिन,Q9338050,Jiang Xin,False
148820,कल्याणसुन्दर,Q6354933,Kalyanasundara,False
50460,विद्युत प्रबाह बोर्ड,Q173350,Printed circuit board,False
149858,अन्तर्राष्ट्रिय सम्बन्धका सिद्धान्त',Q1785609,International relations theory,False
140341,२०२२ महिला क्रिकेट विश्वकप,Q43302832,2022 Women's Cricket World Cup,False
107849,गुमाश्तापुर उपजिल्ला,Q4142895,Gomostapur Upazila,False
135668,तुनगुन ठोसे खोला जलविद्युत केन्द्र,Q104872844,Tungun - Thosne Khola Hydropower Station,False
83434,स्मिता जयकर,Q3632820,Smita Jaykar,False
94683,प्रज्ञा जैसवाल,Q20649445,Pragya Jaiswal,False
61713,हेमा मालिनी,Q33635,Hema Malini,False
94815,आर्जेन रोबिन,Q43913,Arjen Robben,False
42993,ऐतरेय ब्राह्मण,Q4699299,Aitareya Brahmana,False
4977,खनिउँ,Q5446638,Ficus semicordata,False
56329,भारद्वाज (चरा),Q779050,Bengal bush lark,False
10485,आकाश,Q527,Sky,False
12414,भिटामिन,Q34956,Vitamin,False
108706,काजीपुर उपजिल्ला,Q4208371,Kazipur Upazila,False
57109,प्रवालपाद,Q178821,Black-winged stilt,False
108571,आशिकुर रहमान,Q28008589,Ashiqur Rahman (director),False
100274,२००८ अफ्रिकी राष्ट्र कप,Q276550,2008 Africa Cup of Nations,False
90086,पशु प्रजनन,Q227675,Animal breeding,False
99495,मोटेज हसावी,Q3866205,Motaz Hawsawi,False
71335,भतिजी,Q3403377,Niece,False
63446,घरपालुवा पानीहाँस,Q255503,Domestic goose,False
141589,दादासाहेब फाल्के,Q512431,Dadasaheb Phalke,False
30987,सूर्यपुरा,Q7422295,"Suryapura, Rupandehi",False
26012,वलाता,Q3418787,Walant,False
32512,बगरकोट,Q3426413,Bagarkot,False
134345,बजरङ्ग दल,Q2723747,Bajrang Dal,False
29671,सुवानाउली,Q3422909,Suwanauli,False
46062,हासिम आमला,Q735128,Hashim Amla,False
127856,नेपाली लोककथा,Q106417775,Nepalese folklore,False
30356,दहचोक,Q3413321,Dahachok,False
146658,"नेपालको संसद भवनमा आक्रमण, २०८२",Q136242908,2025 storming of the Nepalese Parliament,False
87807,पश्चिमी पर्खाल प्लाज,Q24009481,Western Wall Plaza,False
3801,बोल्दे फेदिचे,Q3410968,Bolde Fediche,False
150996,केरला सारी,Q7456209,Kerala sari,False
5039,साङरुम्बा,Q2177492,Sangrumba,False
100724,दहरान,Q268915,Dhahran,False
24112,बादल,Q8074,Cloud,False
122352,बुढानीलकण्ठ स्कूल,Q4985064,Budhanilkantha School,False
133312,बाह्य ऋणको आधारमा देशहरूको सूची,Q1060549,List of countries by external debt,False
89225,सायेशा सैगल,Q19663986,Sayyeshaa,False
16035,खर्पन,Q506131,Carrying pole,False
8622,"राष्ट्रिय खेलकुद परिषद्, नेपाल",Q17012106,National Sports Council (Nepal),False
46400,युधिष्ठिर,Q983067,Yudhishthira,False
101180,मेहेरपुर जिल्ला,Q1474206,Meherpur District,False
14641,कुलबहादुर गुरुङ,Q6442643,Kul Bahadur Gurung,False
139870,राजु बिष्ट,Q64011147,Raju Bista,False
132541,कास्की २ (निर्वाचन क्षेत्र),Q104879770,Kaski 2,False
13389,बलराम,Q1061606,Balarama,False
124056,नेपाल कम्युनिस्ट पार्टी,Q617165,Communist Party of Nepal,False
61034,साधारण भाषा दर्शन,Q1056732,Ordinary language philosophy,False
139773,नेपाल महिला राष्ट्रिय अन्डर-१९ क्रिकेट टोली,Q126362375,Nepal women's national under-19 cricket team,False
32389,"डाँडागाउँ, सल्यान",Q5215647,"Dandagaun, Salyan",False
82740,अदिति गुप्ता,Q4681309,Additi Gupta,False
57551,रेडसिफ्ट,Q76250,Redshift,False
6069,गजेडी,Q3412197,Gajedi,False
31255,खुरुख्याही,Q3423825,Kharukyanhi,False
137082,सहिद स्मारक,Q25042525,Sahid Smarak,False
6845,डेभिड अक्टरलोनी,Q3423440,David Ochterlony,False
26734,मलाही,Q3421980,Malahi,False
31799,बानियाभार,Q3425737,Baniyabhar,False
115795,अनिवार्य मतदान,Q573624,Compulsory voting,False
32151,"महादेवस्थान, धादिङ",Q6732781,"Mahadevsthan, Dhading",False
61597,रामतुलसी,Q134283,Oregano,False
123571,शिवमाया तुम्बाहाम्फे,Q66497825,Shiva Maya Tumbahamphe,False
150098,नाइक्रोम,Q1072385,Nichrome,False
80044,लभ आज कल,Q1496227,Love Aaj Kal (2009 film),False
58529,क्यासी लेन,Q242595,Chasey Lain,False
52597,रूख कमल,Q161116,Magnolia grandiflora,False
39535,लेगसेप,Q6518693,Legship,False
74961,तवाकुल करमान,Q104622,Tawakkol Karman,False
78612,स्त्रुभे भौगर्भिक चाप,Q192243,Struve Geodetic Arc,False
121843,जापान-नेपाल सम्बन्ध,Q788335,Japan–Nepal relations,False
100431,मोहनराज मल्ल,Q57862168,Mohan Raj Malla,False
121398,कजान विद्यालय हत्याकाण्ड,Q106797978,Kazan school shooting,False
99901,बलान-बिहुल गाउँपालिका,Q57230341,Balan-Bihul Rural Municipality,False
54896,जनता,Q2388316,Public,False
61601,रितेश देशमुख,Q738291,Riteish Deshmukh,False
147810,बत्तामबाङ,Q810923,Battambang province,False
150613,फ्रान्सिस बुकानन-ह्यामिल्टन,Q536945,Francis Buchanan-Hamilton,False
148136,सन् २०२५-२०२६ को इरानी आन्दोलन,Q137612545,2025–2026 Iranian protests,False
134879,दोस्रो भारत-पाकिस्तान युद्ध,Q233583,India–Pakistan war of 1965,False
97621,सिभिल इन्जिनियरिङ,Q77590,Civil engineering,False
31678,बेतहनी,Q4897334,Betahani,False
100623,एएफसी महिला एसिया कप,Q830320,AFC Women's Asian Cup,False
130166,नेपालमा धर्म,Q739289,Religion in Nepal,False
107805,मोबिकम निगम,Q692281,Mobicom Corporation,False
83864,स्पेन राष्ट्रिय क्रिकेट टिम,Q7572921,Spain national cricket team,False
148863,ललिता सखी,Q4253412,Lalita Sakhi,False
94888,माईजोगमाई गाउँपालिका,Q51827841,Maijogmai Rural Municipality,False
25572,पचमुखे,Q763075,Xanthosoma,False
9047,कृष्णसार,Q183339,Blackbuck,False
129567,मन्वन्तर,Q2353363,Manvantara,False
106954,१२ एङ्ग्री मेन (चलचित्र १९५७),Q2345,12 Angry Men,False
148882,नेपालको तेस्रो सङ्घीय संसद,Q138701428,7th House of Representatives (Nepal),False
79113,बायर्न म्युनिख II,Q994701,FC Bayern Munich II,False
101631,सीता राई,Q24005114,Sita Kumari Rai,False
128545,लाल मोहन,Q1554207,Gulab jamun,False
42952,पटेका,Q588748,Firecracker,False
136797,हेनान,Q43684,Henan,False
3870,चौराठा,Q3414015,Chauratha,False
99373,बौद्धिक सम्पत्ति,Q131257,Intellectual property,False
83208,उमङ्ग जैन,Q16727191,Umang Jain,False
23561,कालीखोला,Q3424455,Kalikhola,False
9032,निराजन रायमाझी,Q56610845,Nirajan Rayamajhi,False
108722,पुठिया उपजिल्ला,Q4384409,Puthia Upazila,False
57369,सामाजिक सुरक्षा कोष,Q19712682,Social Security Fund (Nepal),False
86548,अहम शर्मा,Q16239332,Aham Sharma,False
3814,ब्रह्मदेव,Q4956158,Bramhadev,False
150034,गुराँस हिमाल,Q5619858,Gurans Himal,False
7031,त्रिभुवन अन्तर्राष्ट्रिय विमानस्थल,Q61066,Tribhuvan International Airport,False
117085,रूसको झण्डा,Q16611,Flag of Russia,False
128970,सिन्धी राष्ट्रवाद,Q7522219,Sindhi nationalism,False
87533,गोस्ट राइडर (२००७ चलचित्र),Q41754,Ghost Rider (2007 film),False
52960,टोपी,Q80151,Hat,False
77722,जाम्बियाका विश्व सम्पदा क्षेत्रहरूको सूची,Q6357134,List of World Heritage Sites in Zambia,False
57681,हिमाली मुसा,Q306577,Himalayan field mouse,False
52092,मानव लिङ्ग अनुपात,Q10861780,Human sex ratio,False
83408,डोरोथी पार्कर,Q270707,Dorothy Parker,False
126447,मनसा मुसा,Q309333,Mansa Musa,False
150966,पेन्टी लाइनर,Q3273163,Pantyliner,False
142218,करङ,Q196672,Rib,False
125902,नाजी जर्मनी,Q7318,Nazi Germany,False
52965,बेथु,Q158610,Chenopodium album,False
110496,मिखाइल मिसुस्तिन,Q4298520,Mikhail Mishustin,False
121200,भारतीय जनता पार्टीका अध्यक्षहरूको सूची,Q19882312,List of presidents of the Bharatiya Janata Party,False
17419,मणिपुरका जिल्लाहरू,Q2672292,List of districts of Manipur,False
30422,नन्दनगर,Q3415342,Nanda Nagar,False
115673,बेल्ला चाओ,Q159633,Bella ciao,False
92404,राम प्रताप थापा,Q2129859,Ram Pratap Thapa,False
33113,"पोखरा, पूर्वी रुकुम",Q7208641,"Pokhara, Eastern Rukum",False
100285,२००३ फिफा महिला विश्वकप,Q500308,2003 FIFA Women's World Cup,False
140312,नेपालका लोपोन्मुख भाषाहरूको सूची,Q6618840,List of endangered languages in Nepal,False
146759,शिवराज जोशी,Q7499215,Shiv Raj Joshi,False
56595,सेतोगर्दने चिचिल्कोटे,Q27075349,Rufous-vented tit,False
49822,बाल अधिकार महासन्धि,Q466087,Convention on the Rights of the Child,False
6387,मध्यपुर थिमी नगरपालिका,Q1457909,Madhyapur Thimi,False
99058,केलर नाभास,Q969423,Keylor Navas,False
111783,आदिल अब्दुल-माह्दी,Q357116,Adil Abdul-Mahdi,False
77576,जोर्डनका विश्व सम्पदा क्षेत्रहरूको सूची,Q4435418,List of World Heritage Sites in Jordan,False
83142,ज्वाला गुट्टा,Q448040,Jwala Gutta,False
29243,लापिलाङ,Q3414915,Lapilang,False
135616,पुवा खोला जलविद्युत केन्द्र,Q104870646,Puwa Khola Hydropower Station,False
17798,अमृतसर,Q48403,Amritsar,False
57099,आँसीठुँडे जलरङ्क,Q62345,Curlew sandpiper,False
3219,धातिवाङ,Q3413609,Dhatiwang,False
92722,जुगल गाउँपालिका,Q30309530,Jugal Rural Municipality,False
127048,साफ महिला च्याम्पियनसिप,Q7388538,SAFF Women's Championship,False
31681,बेलभार,Q283626,Belbhar,False
73880,शाखा,Q2563331,Shakha,False
125984,छत्रकोट गाउँपालिका,Q65410263,Chhatrakot Rural Municipality,False
42653,स्तूप,Q180987,Stupa,False
30372,"महादेवस्थान, काठमाडौँ",Q6732780,"Mahadevsthan, Kathmandu",False
147102,हिन्दी टेलिभिजन अभिनेत्रीहरूको सूची,Q30501934,List of Hindi television actresses,False
6598,भेडेटार,Q7917941,Bhedetar,False
28634,झौखेल,Q3417639,Jhaukhel,False
54524,"कुर्था, धनुषा",Q3421693,Kurtha,False
25256,नेपाली व्यञ्जन,Q1194855,Nepalese cuisine,False
51507,द मर्डर अफ रोजर अक्रोड,Q224078,The Murder of Roger Ackroyd,False
108738,झाडग्राम जिल्ला,Q29168456,Jhargram district,False
140188,सुनकोशी करिडोर,Q126719892,Sunkoshi Corridor,False
30828,झोझीकटैया,Q3420187,Jhojhi Kataiya,False
9890,मालिका धुरी,Q19682550,Malika Dhuri,False
33918,ओठ,Q15173,Lip,False
10806,रेबिज,Q39222,Rabies,False
76754,इबोला भाइरस,Q10538943,Ebola virus,False
133713,तेलेमुन्दो,Q136538,Telemundo,False
42805,केशवटार,Q3418417,Keshavtar,False
90746,हरिशयनी एकादशी,Q3635830,Shayani Ekadashi,False
14500,गल्फ एयर,Q473231,Gulf Air,False
120069,लिङ्ग्वा फ्राङ्का नोभा विकिपिडिया,Q52047822,Lingua Franca Nova Wikipedia,False
107012,अभिषेक रिजाल,Q64735244,Abhishek Rijal,False
17481,बुरहानपुर जिल्ला,Q2125592,Burhanpur district,False
9327,व्रतबन्ध,Q2722622,Upanayana,False
10693,मोहन शमशेर जङ्गबहादुर राणा,Q2268114,Mohan Shumsher Jung Bahadur Rana,False
30853,"औरही गाउँपालिका, धनुषा",Q4822068,"Aurahi Rural Municipality, Dhanusa",False
114549,डिसी कमिक्स,Q2924461,DC Comics,False
136839,साङ्सी,Q47974,Shaanxi,False
105896,म्यासेडोनियाली विकिपिडिया,Q842341,Macedonian Wikipedia,False
35461,भारतीय प्राविधिक संस्थान,Q622358,Indian Institutes of Technology,False
13839,देशान्तर,Q36477,Longitude,False
131236,सानु कुमार श्रेष्ठ,Q115973758,Sanu Kumar Shrestha,False
54163,सिपोरा गुरुङ,Q10994885,Sipora Gurung,False
108750,बानारिपाडा उपजिल्ला,Q3346626,Banaripara Upazila,False
102841,सर्केगाड गाउँपालिका,Q65410679,Sarkegad Rural Municipality,False
99620,भिमिओ,Q156376,Vimeo,False
17453,नरसिंहपुर जिल्ला,Q2341616,Narsinghpur district,False
99684,बोलिभिया राष्ट्रिय फुटबल टोली,Q193386,Bolivia national football team,False
17640,दक्षिण गारो हिल्स जिल्ला,Q2329228,South Garo Hills district,False
26735,महम्मदपुर,Q6733001,"Mahamadpur, Rautahat",False
80157,आँखी झ्याल,Q5263645,Desay Madu Jhya,False
56789,रानीचरी,Q605732,Orange minivet,False
97412,रुबिना दीलैक,Q7376141,Rubina Dilaik,False
53213,होन्डुरस,Q783,Honduras,False
75863,तवा नदी,Q7689195,Tawa River,False
88610,जम्मु,Q255455,Jammu,False
101599,हलचोक रङ्गशाला,Q1319343,Halchowk Stadium,False
56321,जुँगे भारद्वाज,Q207249,Horned lark,False
31855,निगौली,Q7001439,Nigauli,False
123367,फुमिओ किसिदा,Q359480,Fumio Kishida,False
25889,दाल,Q1139389,Dal,False
106627,सदाबहार वनस्पति,Q190489,Evergreen,False
98037,गुर्जर प्रतिहार वंश,Q5324,Pratihara dynasty,False
12348,बुलबुले ताल,Q19681783,Bulbule Lake,False
150433,विक्रमशिला,Q1634624,Vikramashila,False
51586,द अन्डर डग एन्ड अदर स्टोरिज,Q388060,The Under Dog and Other Stories,False
30856,झटियाही,Q3417065,Jhatiyahi,False
77952,भाले डी माइ प्राकृतिक आरक्ष,Q573558,Vallée de Mai,False
123044,शक्ति पृथकीकरण,Q79896,Separation of powers,False
141127,नेपालमा सङ्घीयता,Q5440572,Federalism in Nepal,False
123164,अशरफ अली थानवी,Q348127,Ashraf Ali Thanwi,False
136543,उत्तर पश्चिमी प्रदेश (श्रीलङ्का),Q876339,"North Western Province, Sri Lanka",False
127080,बासालय,Q27686,Hotel,False
58551,नेली,Q218992,Nelly,False
132887,योगेश गौचन थकाली,Q115492541,Yogesh Gauchan Thakali,False
9686,कम्प्युटर हार्डवेयर,Q3966,Computer hardware,False
68416,नवाज सरिफ,Q134068,Nawaz Sharif,False
15519,चौतारा साँगाचोकगढी नगरपालिका,Q1847588,Chautara,False
15170,रानीपुल,Q15271826,Ranipool,False
146632,लुम्बिनी प्रदेशमा पर्यटन,Q133305462,Tourism in Lumbini Province,False
43941,अर्जुन,Q185790,Arjuna,False
121727,ओलिभिया रोड्रिगो,Q63243883,Olivia Rodrigo,False
51894,भ्वाइस फ्रम द स्ट्रिट,Q4015963,Voices from the Street,False
61799,मलाइका अरोडा खान,Q290322,Malaika Arora,False
63119,अस्ट्रेलिया राष्ट्रिय क्रिकेट टोली,Q142555,Australia national cricket team,False
108980,ट्राभलओका,Q25455665,Traveloka,False
47922,मस्जिद,Q32815,Mosque,False
56658,कैलेछाती रबिन,Q905824,Rufous-breasted bush robin,False
42619,नमाज,Q234869,Salah,False
82130,अस्मित पटेल,Q3595449,Ashmit Patel,False
133124,राजनीतिक भूगोल,Q191320,Political geography,False
78006,बोरोबुदुर मन्दिर परिसरहरू,Q29070,Borobudur Temple Compounds,False
130212,देवराज घिमिरे,Q115898703,Dev Raj Ghimire,False
94674,ज्योतिका,Q2749279,Jyothika,False
43307,भैरव राग,Q2321739,Bhairav (raga),False
128670,सप्तरी ४ (निर्वाचन क्षेत्र),Q104882115,Saptari 4,False
14351,आङदिम,Q3424820,Angdim,False
50686,जलकुम्भी,Q654001,Pistia,False
87501,नेपाल राष्ट्रिय लिग,Q14913063,ANFA National League,False
121478,प्यालेस्टाइन राज्य,Q219060,Palestine,False
119864,मानवशास्त्रीय मूल्य सिद्धान्त,Q4773900,Anthropological theories of value,False
148559,स्वान मेइडन,Q1326754,Swan maiden,False
15755,वृश्चिक राशि,Q134398,Scorpio (astrology),False
147220,कालाभुना,Q85176137,Kala Bhuna,False
49504,सायला लाभेअक्स,Q467003,Shayla LaVeaux,False
23589,पापुङ,Q3427289,Papung,False
133108,रोमन राज्य,Q201038,Roman Kingdom,False
106769,क्याल्भिन कुलिज,Q36023,Calvin Coolidge,False
23123,राजु लामा,Q13185372,Raju Lama,False
54911,कालरात्री (देवी),Q12419362,Kalaratri,False
57356,जितु नेपाल,Q19678178,Jeetu Nepal,False
140053,कजेरी,Q3416523,Kajeri,False
12342,कोलेस्टेरोल,Q43656,Cholesterol,False
13331,ढोलक,Q936590,Dholak,False
57188,शदलचील,Q116670,Changeable hawk-eagle,False
82753,सलमा आगा,Q1736480,Salma Agha,False
124696,जानलुइजी दान्नारुम्मा,Q20830808,Gianluigi Donnarumma,False
97994,बेन्जामिन ग्राहम,Q290560,Benjamin Graham,False
38434,चित्रगुप्त,Q3535142,Chitragupta,False
10742,तोलीजैसी,Q3415780,Tolijaisi,False
23708,सिद्धपोखरी,Q7456860,Siddhapokhari,False
130382,मुख्यमन्त्री,Q1670755,Chief minister,False
131662,वराहमिहिर,Q858348,Varāhamihira,False
57175,श्येनबाज,Q2928701,Himalayan buzzard,False
77929,फेस एल बाली,Q80985,"Fez, Morocco",False
29700,कोल्हुवा,Q3420370,Kolhuwa,False
78604,पसारगडे,Q230025,Pasargadae,False
6999,लुई अगुस्त ब्लँकी,Q309722,Louis-Auguste Blanqui,False
62480,संयुक्त राष्ट्रसङ्घका महासचिव,Q81066,Secretary-General of the United Nations,False
92374,थापा (स्पष्टता),Q29912881,Thapa (disambiguation),False
56568,श्वेतवक्ष जुरेली,Q501063,Red-whiskered bulbul,False
2714,झापा जिल्ला,Q28160,Jhapa District,False
31560,कुन्तादेवी,Q3420993,Kuntadevi,False
135951,हृदयराम थानी,Q7320521,Hridaya Ram Thani,False
120928,विश्व भोकमरी सूचकाङ्क,Q1421372,Global Hunger Index,False
3308,मुनामदन,Q6935579,Muna Madan,False
83072,ऐश्वर्या सखुजा,Q4699184,Aishwarya Sakhuja,False
118877,जोकर,Q225000,Joker,False
80070,सोफिया उच्च विद्यालय,Q7562885,Sophia High School,False
31806,सानोश्री,Q6650703,Sanesri,False
78867,भलेट,Q23800,Valletta,False
13980,बाल्टिन,Q47107,Bucket,False
14600,अण्डकोष,Q174471,Scrotum,False
65083,विश्वकर्मा जाति,Q10909996,Kami (caste),False
60683,जोन टर्नर,Q128568,John Turner,False
91833,सोनु खड्का,Q50717956,Sonu Khadka,False
44310,सिड्नी सेल्डन,Q105118,Sidney Sheldon,False
61357,ओम पुरी,Q80309,Om Puri,False
17586,यमुनानगर जिल्ला,Q1873644,Yamunanagar district,False
86951,केके (गायक),Q3634230,KK (singer),False
56343,जुँगे जुरेचरा,Q1037961,Whiskered yuhina,False
77917,ऐत-बेन-हद्दोको सार,Q309436,Aït Benhaddou,False
103609,सुरक्षा पन्त,Q54847337,Surakshya Panta,False
32024,सोताङ,Q7427613,Sautang,False
36048,भारतीय प्रहरी सेवा,Q3517917,Indian Police Service,False
146070,महिला विरुद्धको हिंसा उन्मूलन सम्बन्धी घोषणापत्र,Q612010,Declaration on the Elimination of Violence Against Women,False
121983,महाभारतका पात्रहरूको सूची,Q48728386,List of characters in the Mahabharata,False
131000,शैल्यशिखर नगरपालिका,Q65410655,Shailyashikhar,False
42996,कन्नड भाषा,Q33673,Kannada,False
80951,टेलिया सायर,Q108622,Talia Shire,False
79652,रुक्मिणी,Q1585773,Rukmini,False
48740,लालगेडी,Q190887,Abrus precatorius,False
27234,"देवीस्थान, खोटाङ",Q7348056,"Devisthan, Khotang",False
129300,मोहम्मद बिन जायद अल नाहयान,Q1951896,Mohamed bin Zayed Al Nahyan,False
90523,ड्रोन,Q298743,Drone,False
139843,रामप्रसाद शर्मा,Q16736876,Ram Prasad Sharma,False
23745,कञ्चनरूप नगरपालिका,Q6361024,Kanchanrup,False
98068,जोन मोक्सली,Q113384,Jon Moxley,False
2317,रिउम्याटोलोजी,Q327657,Rheumatology,False
101341,क्याट दूरसञ्चार,Q5008909,CAT Telecom,False
120107,ताशि बिरालो,Q166794,Pallas's cat,False
135590,झिमरुक खोला जलविद्युत केन्द्र,Q104870626,Jhimruk Khola Hydropower Station,False
48204,कालीबंगा,Q1722226,Kalibangan,False
124177,रानी खिर्रो,Q13114255,Wrightia arborea,False
69226,घाताङ्क,Q33456,Exponentiation,False
108984,आश अल मलिक,Q235316,National Anthem of Saudi Arabia,False
80984,कादर खान,Q3191765,Kader Khan,False
30409,कोपवा,Q3422252,Kopawa,False
72907,क्यानबरा,Q3114,Canberra,False
30601,न्वादेउ,Q3415467,Nwadeu,False
58755,स्टेन्ली ब्रुस,Q23358,Stanley Bruce,False
5229,"वातावरण, विज्ञान तथा प्रविधि मन्त्रालय (नेपाल)",Q13186005,"Ministry of Science, Technology and Environment (Nepal)",False
47975,ययाति,Q2091602,Yayati,False
7110,नेपाली सैनिक विमान सेवा,Q3630485,Nepalese Army Air Service,False
108561,सुनौलो लङ्गुर,Q284104,Gee's golden langur,False
6422,भीमनिधि तिवारी,Q4901737,Bhim Nidhi Tiwari,False
87067,अलोन (२०१५ चलचित्र),Q18621824,Alone (2015 Hindi film),False
17252,जुनागढ जिल्ला,Q1797344,Junagadh district,False
3225,चित्तधर हृदय,Q1134508,Chittadhar Hridaya,False
17630,सेरछिप जिल्ला,Q2086190,Serchhip district,False
145078,डोङगुआन,Q59218,Dongguan,False
69658,जर्ज क्यान्टर,Q76420,Georg Cantor,False
88640,वज्रयान,Q172175,Vajrayana,False
148813,यमुना (देवी),Q2348057,Yamuna in Hinduism,False
69195,अनुपातिक सङ्ख्या,Q51379,Proportionality (mathematics),False
121113,फाई फोङ्सथोन,Q16140055,Phai Phongsathon,False
92876,पाणिनी गाउँपालिका,Q31767293,Panini Rural Municipality,False
148885,बुँइगल,Q244490,Attic,False
78569,भद्रगोल,Q18210147,Bhadragol,False
26370,रियल म्याड्रिड,Q8682,Real Madrid CF,False
51616,द क्याप्चर (एनिमर्फ्स),Q7721305,The Capture (novel),False
29719,धौबादी,Q5269639,Dhobadi,False
148967,प्रेत,Q1332306,Preta,False
144819,जिज्ञासा,Q366791,Curiosity,False
9033,हरि खड्का,Q2468552,Hari Khadka,False
42797,घिरिङ सुन्धारा,Q7639768,Ghiring Sundhara,False
150352,ऊर्जा संरक्षणको नियम,Q11382,Conservation of energy,False
135064,सिंहली लिपि,Q1574992,Sinhala script,False
17373,रेखा थापा,Q12333184,Rekha Thapa,False
17035,दीपावली,Q10244,Diwali,False
29832,गम्हरीया,Q5520169,"Gamhariya, Sarlahi",False
102454,प्रियङ्का गान्धी,Q607685,Priyanka Gandhi,False
53145,ग्वाम,Q16635,Guam,False
17293,सिमडेगा जिल्ला,Q2597889,Simdega district,False
17243,अमरेली जिल्ला,Q257946,Amreli district,False
32308,घतान,Q13180820,Ghatan,False
12225,मीर्जापुर जिल्ला,Q1143894,Mirzapur district,False
149067,हिन्दु देवता,Q979507,Hindu deities,False
32321,मुना,Q6935560,"Muna, Nepal",False
87544,एक्स-मेन: द लास्ट स्टेन्ड,Q221168,X-Men: The Last Stand,False
44512,बीकानेर,Q200718,Bikaner,False
80572,द्रुपद,Q2389430,Drupada,False
64601,धादिङवेशी,Q3361494,Dhading Besi,False
142923,डिपसिक,Q131577453,DeepSeek,False
107792,टेलि निगम,Q22909304,Mahatat,False
17556,झुन्झुनु जिल्ला,Q1471427,Jhunjhunu district,False
44052,महागुरु फाल्गुनन्द,Q15196825,Phalgunanda,False
60667,देवकुमारी थापा,Q19679184,Dev Kumari Thapa,False
102059,रिपब्लिक रेकर्ड्स,Q4413456,Republic Records,False
131894,फतुवा विजयपुर नगरपालिका,Q60763416,Phatuwa Bijayapur,False
136816,कमला नेहरू,Q3633365,Kamala Nehru,False
117558,कृषि प्रसार,Q4693964,Agricultural extension,False
119102,उर्सुला फोन डेयर लायेन,Q60772,Ursula von der Leyen,False
31895,सोनामाई,Q7002649,Sonamai,False
47388,एएफसी च्यालेन्ज कप फुटबल-२०१२,Q291688,2012 AFC Challenge Cup,False
32536,ठोरी गाउँपालिका,Q3419631,Thori Rural Municipality,False
57738,सुन्दर पानी छुचुन्द्रो,Q612916,Elegant water shrew,False
93896,अर्नमा गाउँपालिका,Q41552057,Arnama Rural Municipality,False
5040,सिद्धिथुम्का,Q2334186,Siddhithumka,False
139547,चमन सिंह गुरुङ,Q48611601,Chaman Singh Gurung,False
30001,तृणमूल काङ्ग्रेस,Q912899,Trinamool Congress,False
148519,उत्तङ्क,Q19899102,Uttanka,False
137723,रहमत मिया,Q55956022,Rahmat Mia,False
50463,गोर्खाल्यान्ड क्षेत्रीय प्रशासन,Q3346466,Gorkhaland Territorial Administration,False
135583,डिलन रायन,Q5318761,Dylan Ryan,False
83463,जोशना चिनप्पा,Q6289572,Joshna Chinappa,False
27086,बरुवा,Q4865930,Baruwa,False
129109,अन्तर्राष्ट्रिय पर्वतीय सङ्ग्रहालय,Q28183979,International Mountain Museum,False
7616,नेपाल टेलिकम,Q3338265,Nepal Telecom,False
34020,कालिकाकोट,Q3424804,Kalikakot,False
132515,कपिलवस्तु २ (निर्वाचन क्षेत्र),Q104879742,Kapilvastu 2,False
95361,बन्दर सेरी बेगावान,Q9279,Bandar Seri Begawan,False
3295,"सीतापुर, अर्घाखाँची",Q6582682,"Sitapur, Arghakhanchi",False
134493,उदयदेव,Q117317322,Udaydeva,False
136487,मिगेल दि सर्बान्तेस,Q5682,Miguel de Cervantes,False
150441,श्री गुरु राम दास जी अन्तर्राष्ट्रिय विमानस्थल,Q385356,Sri Guru Ram Das Ji International Airport,False
56606,पहाडी मट्टा,Q942771,White-tailed nuthatch,False
126450,महाविस्फोट सिद्धान्त,Q323,Big Bang,False
56872,वस्तु बकुल्ला,Q106447604,Western cattle egret,False
17479,भोपाल जिल्ला,Q1797245,Bhopal district,False
100836,जय भोले,Q57581297,Jai Bhole,False
52040,द आइज ह्याभ इट (फिलिप के डिक लघुकथा),Q13181933,The Eyes Have It (Dick Short Story),False
26904,प्रकाशपुर,Q3415214,Prakashpur,False
26787,"लाली, दार्चुला",Q6480314,"Lali, Darchula",False
72592,जेम्स एन्डरसन,Q654375,James Anderson (cricketer),False
47397,केशर शमशेर राणा,Q11169973,Kaiser Shumsher Jung Bahadur Rana,False
25696,ब्वाँसो,Q18498,Wolf,False
51534,टेकन अयाट द फ्लड,Q1044713,Taken at the Flood,False
23059,लिम्बू भाषा,Q56477,Limbu language,False
95244,येरेभान,Q1953,Yerevan,False
4281,धम्जा,Q3412801,Dhamja,False
55147,विश्व प्रेस स्वतन्त्रता दिवस,Q592588,World Press Freedom Day,False
8686,निरौला,Q37481406,Niraula,False
56827,कृष्णकण्ठे हरितचरी,Q199963,Golden-fronted leafbird,False
130084,अब्दुल खान,Q116055678,Abdul Khan (Nepalese politician),False
85764,सुशासन,Q1345314,Good governance,False
58652,जर्ज डब्लू बुस,Q207,George W. Bush,False
136620,हनुमन्ते नदी,Q106808299,Hanumante River,False
111181,स्तिना ब्ल्याकस्तेनिउस,Q15882395,Stina Blackstenius,False
23267,प्युटार,Q733310,Pyutar,False
31754,बछ्यौली,Q4838861,Bachhayauli,False
56489,पहेँलोपेटे फिस्टो,Q73483,Yellow-bellied warbler,False
107389,माक्सिमिलियेँ रबस्पियर,Q44197,Maximilien Robespierre,False
125801,चन्द्रप्रकाश बानियाँ,Q110542702,Chandra Prakash Baniya,False
80045,बच्ना ए हसिनो,Q685694,Bachna Ae Haseeno,False
52595,चियाको बोट,Q101815,Camellia sinensis,False
102488,पारलैङ्गिक व्यक्ति,Q189125,Transgender,False
144489,नियन्त्रक,Q673633,Comptroller,False
54702,सुवास घिसिङ,Q7631221,Subhash Ghisingh,False
61335,ड्रागनफल,Q232755,Dragon fruit,False
15785,सिक्किमको इतिहास,Q5765321,History of Sikkim,False
77619,ताजिकिस्तानका विश्व सम्पदा क्षेत्रहरूको सूची,Q6604293,List of World Heritage Sites in Tajikistan,False
70131,उल्का पिण्ड,Q7012,Meteoroid,False
29224,पवटी,Q3419045,"Pawati, Nepal",False
29001,निबुवाटार,Q7001210,Nibuwatar,False
94370,पाइथागोरस,Q10261,Pythagoras,False
93227,ककेसस,Q18869,Caucasus,False
141407,डिक्चु,Q24929353,Dikchu,False
64655,शुक्लागण्डकी नगरपालिका,Q17149029,Shuklagandaki,False
17967,अल्मोडा जिल्ला,Q1805066,Almora district,False
47528,रुरु क्षेत्र,Q13185615,Ruru Kshetra,False
23828,लौनियाँ,Q3417421,Launiya,False
56746,सानो धनेश,Q223574,Indian grey hornbill,False
92533,प्रधानमन्त्री कप,Q55641498,Prime Minister Cup Men's National Cricket Tournament,False
124736,नेपालका नगर प्रमुखहरूको सूची,Q62070561,List of mayors of municipalities in Nepal,False
51136,द जिगज्याग वे,Q7776879,The Zigzag Way,False
90857,देवेन्द्र तामाङ,Q42902369,Devendra Tamang,False
119540,उपहार (निबन्ध),Q3058690,The Gift (essay),False
87661,ब्रायन लारा,Q202877,Brian Lara,False
16492,जेम्स मुनरो,Q11815,James Monroe,False
102728,बुढासुब्बा गोल्डकप,Q4985054,Budha Subba Gold Cup,False
92192,सुसान इट्टिचेरिया,Q7648006,Susan Itticheria,False
83443,साक्षी अग्रवाल,Q21620673,Sakshi Agarwal,False
136446,मात्सुओ बासो,Q5676,Matsuo Bashō,False
7383,हेफेई,Q185684,Hefei,False
92506,जुम्ली खस भाषा,Q6310993,Jumli language,False
5075,सल्लो,Q12024,Pine,False
126373,प्राकृतिक उपग्रह,Q2537,Natural satellite,False
72014,सफ्टवेयर,Q7397,Software,False
18280,कोटायक प्रान्त,Q4511,Kotayk Province,False
53671,कर्नाली ब्लुज,Q16255565,Karnali Blues,False
140847,शिंशुक,Q10867,Porpoise,False
43451,गाउसको नियम,Q173356,Gauss's law,False
143635,मनोरम शेरचन,Q115775750,Manorama Sherchan,False
54480,भारतको विभाजन,Q129053,Partition of India,False
56921,कुमथोप्ले मणितुण्डक,Q189609,Red-breasted merganser,False
103721,आदा योनात,Q7426,Ada Yonath,False
823,श्रीमान् गम्भीर,Q1378809,Shriman Gambhir,False
28795,स्युजा,Q3414377,Syuja,False
83177,तुलिप जोशी,Q7852064,Tulip Joshi,False
58514,इभा मेन्डीज,Q170606,Eva Mendes,False
133401,पाकिस्तानको भूगोल,Q3123475,Geography of Pakistan,False
112807,जेसिन्डा अर्डर्न,Q3606816,Jacinda Ardern,False
58768,बिली हुगेस,Q152666,Billy Hughes,False
126791,समुद्रीगाई,Q25431,Sirenia,False
27540,"डाँडागाउँ, काभ्रेपलाञ्चोक",Q675667,"Dandagaun, Kavrepalanchok",False
33258,पैयुँथन्थाप,Q7238117,Praiyunpata,False
124806,बङ्गाली साहित्य,Q1144248,Bengali literature,False
137781,रायसीना संवाद,Q25245522,Raisina Dialogue,False
105417,गौरव महिना,Q64214281,Pride Month,False
150837,२०२६ फिफा विश्वकप फाइनल,Q55640701,2026 FIFA World Cup final,False
57677,रातो बाँदर,Q156606,Rhesus macaque,False
149171,हिन्दु प्रतिमाशास्त्र,Q2078466,Hindu iconography,False
147468,बङ्गलादेशमा बौद्ध धर्म,Q1000869,Buddhism in Bangladesh,False
99971,कजाख्स्तान महिला राष्ट्रिय फुटबल टोली,Q937655,Kazakhstan women's national football team,False
93357,अखिल अक्किनेनी,Q21588766,Akhil Akkineni,False
108709,साघाटा उपजिल्ला,Q3349141,Saghata Upazila,False
125943,साल्पासिलिछो गाउँपालिका,Q55075097,Salpasilichho Rural Municipality,False
57194,पर्चा,Q190399,Pamphlet,False
37508,द डार्क नाइट (चलचित्र),Q163872,The Dark Knight,False
135810,ग्राम पञ्चायत,Q2732840,Gram panchayat,False
58474,"पञ्चकन्या, इलाम",Q4534331,"Panchakanya, Ilam",False
58542,अस्सर (गायक),Q165911,Usher (musician),False
98819,स्वेज सङ्कट,Q49101,Suez Crisis,False
87541,एक्स-मेन (चलचित्र),Q106182,X-Men (film),False
68136,सौन्दर्य प्रतियोगिता,Q2658935,Beauty pageant,False
89224,निकिता ठुक्राल,Q7035116,Nikita Thukral,False
69044,मनु बनेट,Q429595,Manu Bennett,False
57701,खाकिरङ्गे मुसो,Q1769595,Fawn-colored mouse,False
9898,सीता,Q191114,Sita,False
132988,बर्बर,Q134313,Barbarian,False
28062,मेहलमुडी,Q430401,Mehal Madi,False
128703,विश्व शौचालय दिवस,Q2558698,World Toilet Day,False
7880,रुकुमकोट,Q7378895,Rukumkot,False
46906,माहेला जयवर्दने,Q2739165,Mahela Jayawardene,False
26934,"महाभारत, धनकुटा",Q11766293,"Mahabharat, Dhankuta",False
89488,द यल्लो वालपेपर,Q462373,The Yellow Wallpaper,False
48800,चक्रवर्ती राजगोपालाचारी,Q378404,C. Rajagopalachari,False
31848,गौरीवास,Q628462,Gauribas,False
127731,तारवाद्य,Q1798603,String instrument,False
26304,पिपरपाती पर्चरौवा,Q3421592,Piparpati Parchrauwa,False
129914,थिम्पु जिल्ला,Q254889,Thimphu District,False
108449,कलारोया उपजिल्ला,Q3348558,Kalaroa Upazila,False
132398,रोहित सिंह,Q27830786,Rohit Singh,False
74291,फिल्मफेयर पुरस्कार,Q37049,Filmfare Awards,False
135365,हीर राँझा,Q3631228,Heer Ranjha,False
26881,पूर्व कुसाहा,Q3428393,Purbakushaha,False
71592,ह्याप्पी न्यू इअर (चलचित्र),Q3127192,Happy New Year (2014 film),False
127049,सन् २०२२ साफ महिला च्याम्पियनसिप,Q110661066,2022 SAFF Women's Championship,False
99654,उत्तर म्यासेडोनिया राष्ट्रिय फुटबल टोली,Q188568,North Macedonia national football team,False
134682,राष्ट्रियकरण,Q178564,Nationalization,False
31924,जिनाखु,Q3426176,Jinakhu,False
150230,नेपालमा रोहिङ्ग्या शरणार्थी,Q96402463,Rohingya refugees in Nepal,False
149050,भानुमती,Q133850321,Bhanumati (Yadava princess),False
148452,विक्रमोर्वशीयम्,Q2671559,Vikramōrvaśīyam,False
17477,डिन्डोरी जिल्ला,Q2398551,Dindori district,False
53992,भ्यालेन्तिना तेरेस्कोभा,Q44371,Valentina Tereshkova,False
88812,अमरसिंह थापा (सानुकाजी),Q29057590,Amar Singh Thapa (born 1759),False
4369,जीवनपुर,Q3416334,Jiwanpur,False
133265,मेला,Q15262625,Melā,False
136492,खेलकुद टोलीहरू,Q216048,Team sport,False
66217,मृगे च्याउ,Q320999,Shiitake,False
115879,अमिताभ बच्चनको चलचित्रसूची,Q4746907,Amitabh Bachchan filmography,False
14352,आम्बुङ,Q572742,Ambung,False
139081,रथी,Q152951,Lieutenant general,False
55002,लेकाली वनस्पति,Q2582662,Alpine plant,False
61341,बार्बरा डेर,Q469637,Barbara Dare,False
142211,तहसिल,Q817477,Tehsil,False
82047,दुबई,Q612,Dubai,False
17484,महाराष्ट्रका जिल्लाहरू,Q3243413,List of districts of Maharashtra,False
148516,लर्ड,Q13476175,Lorde,False
53991,सिरिमावो बन्दरानाइके,Q194291,Sirimavo Bandaranaike,False
100753,खुल्ना,Q243325,Khulna,False
26204,सिउरी,Q7457027,"Siuri, Nepal",False
88758,पल्युल सम्प्रदाय,Q1570172,Palyul Monastery,False
24031,अग्रवाल,Q3595742,Agrawal,False
105295,ब्रिकेट,Q153022,Briquette,False
17492,मुम्बई सहर जिल्ला,Q2341660,Mumbai City district,False
136845,सान्दोङ,Q43407,Shandong,False
99179,सेप्टेम्बर ११ को हमला,Q10806,September 11 attacks,False
57006,नेपाल तितु,Q27075738,Dark-breasted rosefinch,False
150590,लिस्बन,Q597,Lisbon,False
12345,रक्तचाप,Q82642,Blood pressure,False
26146,सुनिकोट,Q3414894,Sunikot,False
33240,कुश्मीसेरा,Q3425525,Kusmishera,False
140948,वायनाड जिल्ला,Q1364427,Wayanad district,False
150506,टेन थिङ्स आई हेट अबाउट यु,Q169082,10 Things I Hate About You,False
120646,नन्दादेवी पर्वत,Q213262,Nanda Devi,False
56445,हिमाली मलेवा,Q841221,Snow pigeon,False
92504,राणा वंश,Q2313700,Rana dynasty,False
26707,पिपरा भगवानपुर,Q3421814,Pipra Bhagwanpur,False
10478,पदार्थ,Q35758,Matter,False
115100,कोझिकोड,Q28729,Kozhikode,False
137475,२०२३ आइसिसी महिला टि२० विश्वकप,Q30646141,2023 Women's T20 World Cup,False
84250,केविन पिटरसन,Q1398682,Kevin Pietersen,False
74067,दक्षिणामूर्ति उपनिषद,Q12433228,Dakshinamurti Upanishad,False
140961,बङ्गलादेशको मन्त्रिपरिषद्,Q6866546,Cabinet of Bangladesh,False
13125,दुम्सी,Q1223829,Porcupine,False
99406,डेमोक्रेटिक पार्टी (अमेरिका),Q29552,Democratic Party (United States),False
14135,महाकाली नदी,Q2095324,Sharda River,False
83120,अन्जू बबी जर्ज,Q465054,Anju Bobby George,False
81203,मेरी कोम (चलचित्र),Q16254978,Mary Kom (film),False
101285,बगुडा जिल्ला,Q2039066,Bogra District,False
54222,ओखल र मुसल,Q18341850,Mortar and pestle,False
148450,चार्ली एक्ससिएक्स,Q5084390,Charli XCX,False
130908,भाले मौरी,Q650665,Drone (bee),False
132698,उदयपुर २ (निर्वाचन क्षेत्र),Q104878644,Udayapur 2,False
74053,याज्ञवल्क्योपनिषद,Q12448304,Yajnavalkya Upanishad,False
26251,"सारी, प्युठान",Q7424022,"Sari, Nepal",False
5542,नेपाल मजदुर किसान पार्टी,Q1800560,Nepal Workers' and Peasants' Party,False
15119,कीनो,Q317139,Quino,False
122682,कल्याण सिंह,Q3633385,Kalyan Singh,False
136047,भानुभक्त जोशी,Q4901033,Bhanu Bhakta Joshi,False
60485,रुक्माङ्गद कटवाल,Q6130627,Rookmangud Katawal,False
63826,तेलङ्गाना,Q677037,Telangana,False
95812,राष्ट्रिय मानव अधिकार आयोग (म्यानमार),Q6946757,Myanmar National Human Rights Commission,False
5119,"संस्कृति, पर्यटन तथा नागरिक उड्डयन मन्त्रालय (नेपाल)",Q13186531,"Ministry of Culture, Tourism and Civil Aviation",False
56355,लालपुच्छ्रे,Q3043686,Red-tailed minla,False
4993,नेपाली साहित्य परिषद् सिक्किम,Q17012311,Nepali Sahitya Parishad Sikkim,False
149323,लवणासुर,Q17007574,Lavanasura,False
134636,दुर्गा शक्ति नागपाल,Q14388029,Durga Shakti Nagpal,False
33037,बाहाकी ठाँटी,Q3414726,Bahaki Thanti,False
100565,जेसन स्टिल (फुटबल खेलाडी),Q509809,Jason Steele (footballer),False
9508,जिल्ला,Q149621,District,False
31396,आरुपोखरी,Q3423009,Aarupokhari,False
50391,लेला स्टार,Q2087591,Lela Star,False
48593,स्वप्नदोष,Q2102452,Nocturnal emission,False
93939,समास,Q245423,Compound (linguistics),False
74899,यौन हिंसा,Q558075,Sexual violence,False
16435,जर्ज विल्हेम फ्रेडरिक् हिगल,Q9235,Georg Wilhelm Friedrich Hegel,False
150073,उत्प्रेरण,Q82264,Catalysis,False
101090,मछिन्द्र फुटबल क्लब,Q6723521,Machhindra FC,False
83204,राधिका मदन,Q19665443,Radhika Madan,False
135458,गण्डकी गोल्डेन झोलङ्गे पुल,Q98078315,Gandaki Golden Footbridge,False
123187,कल्पना परियार,Q107463104,Kalpana Pariyar,False
113299,लैङ्गिक पहिचान,Q48264,Gender identity,False
80510,ग्याब्रिएला वाइल्ड,Q371860,Gabriella Wilde,False
80507,क्रिस प्राट,Q503706,Chris Pratt,False
85652,वाजिर,Q18170000,Wazir (film),False
26750,"सङ्ग्रामपुर, रौतहट",Q7129691,"Sangrampur, Rautahat",False
90497,नरनाथ आचार्य,Q6965238,Nara Nath Acharya,False
102497,तेस्रो लिङ्गी,Q48279,Third gender,False
4149,घण्टा,Q25235,Hour,False
89977,तन्जानिया अन्डर-१९ राष्ट्रिय क्रिकेट टोली,Q20746226,Tanzania national under-19 cricket team,False
147339,रवीन्द्र जयन्ती,Q24935239,Rabindra Jayanti,False
137256,एकीकरणको कानुन १७०७,Q193515,Acts of Union 1707,False
13963,कराही,Q3595636,Karahi,False
78201,"साल्भादोर, बाहिया",Q36947,"Salvador, Bahia",False
124126,ओपन स्ट्रिट म्याप,Q936,OpenStreetMap,False
125903,बेलायती पन्जाबी,Q28172443,British Punjabis,False
128490,मूर्ति,Q1781039,Murti,False
51979,द कलेक्टेड स्टोरिज अफ फिलिप के डिक,Q3828994,The Collected Stories of Philip K. Dick,False
26723,वसन्तपट्टी,Q4866233,Basantapatti,False
87138,एसएस राजामौली,Q3521531,S. S. Rajamouli,False
99174,मिनी मिलिसिया,Q28196452,Mini Militia,False
84155,ब्ल्यु गोल्ड सुगा,Q205477,Blue-and-yellow macaw,False
8625,नेपाल धितोपत्र बोर्ड,Q125398656,Securities board of Nepal,False
133843,भाषा संरक्षण,Q6486786,Language preservation,False
34067,वाङसिङ देउराली,Q3417829,Wangsing Deurali,False
65663,चिली राष्ट्रिय फुटबल टोली,Q172025,Chile national football team,False
91687,बेटी विलियम्स,Q157690,Betty Williams,False
27251,बुईपा,Q3412791,Buipa,False
29663,सिमा,Q7210825,"Sima, Nepal",False
64258,सूर्योदय नगरपालिका,Q16918408,Suryodaya Municipality,False
82991,लिन कोलिन्स,Q233237,Lynn Collins,False
17391,भटिण्डा जिल्ला,Q172488,Bathinda district,False
101518,विश्व बौद्धिक सम्पत्ति सङ्गठन,Q177773,World Intellectual Property Organization,False
104284,साईनो (चलचित्र),Q7400521,Saino,False
23068,इन्डियाना,Q1415,Indiana,False
115338,थोमस सँकरा,Q202155,Thomas Sankara,False
17157,हेस्न्,Q1199,Hesse,False
99859,फ्युचर (र्‍यापर),Q3445057,Future (rapper),False
91530,प्रसूति गृह,Q99521056,Maternity home,False
23398,बाहुनी,Q3418704,Bahuni,False
92158,शशि गुप्ता,Q7490552,Shashi Gupta,False
38480,"कङ्ग्रेस, ओहायो",Q2672962,"Congress, Ohio",False
149202,नल (रामायण),Q18128451,Nala (Ramayana),False
33837,कर्पस ल्यूटम,Q749637,Corpus luteum,False
87241,विराज थापा मगर,Q27507349,Biraj Thapa Magar,False
31510,प्रिती,Q3418761,"Priti, Nepal",False
9689,भिजुअल बेसिक,Q2378,Visual Basic (classic),False
27249,बाहुनीडाँडा,Q3419139,Bahunidanda,False
30605,वाशुलिङ्ग,Q4868401,Basuling,False
30990,सेमरा मर्चवार,Q3417777,Samera Marchwar,False
131855,लोपोन्मुख भाषा,Q335214,Endangered language,False
142120,पाकिस्तानी रुपैयाँ,Q188289,Pakistani rupee,False
98910,स्लाइस,Q7540223,Slice (drink),False
148337,मेनका,Q2367292,Menaka,False
54592,कन्ट्याक्ट लेन्स,Q23797,Contact lens,False
140480,जनता समाजवादी पार्टी,Q126164106,"People's Socialist Party (Nepal, 2024)",False
32577,सुगौली बिर्ता,Q948155,Sugauli Birta,False
107584,जुबली हिल्स,Q6301868,Jubilee Hills,False
3749,विनायक,Q611144,"Binayak, Nepal",False
32999,माङ्ग्री,Q3422933,Mangri,False
23617,कौडा नृत्य,Q13180329,Kaura (dance),False
111059,कोभिड-१९ को विश्वव्यापी महामारी,Q81068910,COVID-19 pandemic,False
53204,लघुपत्र,Q1572090,Podophyllum peltatum,False
51151,द भेन्डर अफ स्वीट्स,Q7772154,The Vendor of Sweets,False
23091,भर्जिनिया,Q1370,Virginia,False
107829,सोनातला उपजिल्ला,Q3347743,Sonatala Upazila,False
63280,केदारनाथ मन्दिर,Q866014,Kedarnath Temple,False
29508,ड्रयु ब्यारिमोर,Q676094,Drew Barrymore,False
856,विमान चालक,Q2095549,Aircraft pilot,False
140973,जनताको बहुदलीय जनवाद,Q16920482,People's Multiparty Democracy,False
130991,नलगाड नगरपालिका,Q55887307,Nalgad,False
32812,जिजोडमाण्डौ,Q3424495,Jijodamandau,False
6066,गजरा,Q3411530,Gajara,False
29616,नलाङ,Q3426766,Nalang,False
48438,एलेक्स मोर्गन,Q233510,Alex Morgan,False
83603,उपभोक्ता,Q22855,Consumer,False
90605,महासी सयादो,Q1395380,Mahasi Sayadaw,False
97052,गारो भाषा,Q36137,Garo language,False
27953,बलेटक्सार,Q3418578,Baletaksar,False
142944,सर्वाधिक मनपराइएका युट्युब भिडियोहरूको सूची,Q24988378,List of most-liked YouTube videos,False
56675,सानो नीलतभा,Q1301331,Small niltava,False
97035,कत्चल भाषा,Q17064263,Katchal language,False
51920,यूबिक,Q617357,Ubik,False
132302,लक्षद्वीप,Q26927,Lakshadweep,False
83019,सिरिन एबादी,Q131152,Shirin Ebadi,False
55998,हिम,Q23392,Ice,False
83407,नेओमी हेरिस,Q156586,Naomie Harris,False
31683,मटेहिया,Q3420174,Matahiya,False
115931,मिर्जापुर (टिभी शृङ्खला),Q58815840,Mirzapur (TV series),False
82750,श्रम विभाजन,Q207449,Division of labour,False
51911,कन्फेसन अफ अ क्र्याप आर्टिस्ट,Q2992451,Confessions of a Crap Artist,False
139667,चीनका सहरहरूको सूची,Q1124670,List of cities in China,False
33151,सौरपुराण,Q3630130,Saura Purana,False
44063,राजमति (चलचित्र),Q7285698,Rajamati,False
151038,मन्जुम्मेल ब्वाइज,Q124636001,Manjummel Boys,False
51900,द वर्ल्ड जोन्स मेड,Q1090244,The World Jones Made,False
133321,गान्धी टोपी,Q3530824,Gandhi cap,False
6354,टङ्कप्रसाद आचार्य,Q2267636,Tanka Prasad Acharya,False
52959,झोला,Q1323314,Bag,False
140226,हडप्पा,Q185562,Harappa,False
25039,यमन (राग),Q8047871,Yaman (raga),False
109377,कासिम सुलेमानी,Q892014,Qasem Soleimani,False
99070,ह्यारी केन,Q969725,Harry Kane,False
150390,प्रोपेन,Q131189,Propane,False
23814,मलेकपुर,Q3423410,Malekpur,False
48348,जनमेजय,Q616654,Janamejaya,False
48147,टेस्ट क्रिकेट,Q1132113,Test cricket,False
82983,नन्दा,Q3595314,Nanda (actress),False
26668,इनर्वा (स्पष्टता),Q6013626,Inarwa,False
80480,भ्लादिमिर पुटिन,Q7747,Vladimir Putin,False
86539,अभिषेक मलिक,Q16233361,Abhishek Malik,False
102768,थोप्ला चुच्चे नादुन हाँस,Q1268169,Eastern spot-billed duck,False
138472,पर्यटन मन्त्रालय (भारत),Q4294772,Ministry of Tourism (India),False
83320,योग दर्शन,Q4026889,Yoga (philosophy),False
124206,ग्नलेप,Q10921416,Adenocaulon himalaicum,False
8447,लोकेन्द्रबहादुर चन्द,Q2628548,Lokendra Bahadur Chand,False
80433,नाटककार,Q214917,Playwright,False
87438,राजकुमार सन्तोषी,Q2069891,Rajkumar Santoshi,False
23690,नुम,Q7069021,"Num, Nepal",False
91658,एफसी बार्सिलोना (महिला टिम),Q522899,FC Barcelona Femení,False
18171,उलुबेरिया उपविभाग,Q7880772,Uluberia subdivision,False
83917,राजु रिजाल,Q23887621,Raju Rijal,False
16502,ज्याचरी टेलर,Q11896,Zachary Taylor,False
134298,भारतमा रेल यातायात,Q914913,Rail transport in India,False
77888,घदामेस,Q192237,Ghadames,False
75857,चम्बल नदी,Q1060631,Chambal River,False
27558,बल्थली,Q4850126,Balathali,False
53860,बाल अधिकार,Q8354948,Children's rights,False
93220,काशगर,Q170521,Kashgar,False
57042,रूख चुइयाँ,Q726873,Olive-backed pipit,False
10424,अम्बर गुरुङ,Q4741248,Amber Gurung,False
13609,चामल,Q5090,Rice,False
90021,फिलिप कोट्लर,Q164170,Philip Kotler,False
114416,ब्याटम्यान,Q2695156,Batman,False
83472,अवन्तीबाई,Q16066162,Avantibai,False
27870,ताहुँ,Q7585439,"Tahu, Palpa",False
69627,आर्किमिडिज,Q8739,Archimedes,False
141575,कवि लुङचोक,Q6344127,Kabi Lungchok,False
101282,अप्पोटा निगम,Q28449546,Appota Corporation,False
31957,सिर्थौली,Q3427683,Sirthauli,False
17328,निखिल उप्रेती,Q7034887,Nikhil Upreti,False
47991,अम्बिका (महाभारत),Q2044636,Ambika (Mahabharata),False
84716,एम्बुलेन्स,Q180481,Ambulance,False
25981,कुशकोट,Q3424581,Kushkot,False
65627,झिँगा,Q25312,Fly,False
56831,गाजले पिट्टा,Q655145,Indian pitta,False
58629,डिएमएक्स (र्‍यापर),Q223769,DMX,False
128847,चार आर्यसत्य,Q169010,Four Noble Truths,False
132410,छेर्गो री,Q113714118,Tsergo Ri,False
18014,तिरप जिल्ला,Q15448,Tirap district,False
146587,बढुवा,Q574433,Promotion (rank),False
92487,विलियम दि फाइयान्स हिप्पोपोटामस,Q137836,William (hippopotamus figurine),False
140151,यामलाल कँडेल,Q8047557,Yam Lal Kandel,False
145425,महिला कामोत्तेजना विकार,Q3241252,Female sexual arousal disorder,False
5780,पुनर्जागरण,Q4692,Renaissance,False
808,भारत,Q668,India,False
144555,मध्य अफ्रिका,Q27433,Central Africa,False
100814,सिटीसेल,Q5124061,Citycell,False
123322,राजेन्द्रकुमार राई,Q107039639,Rajendra Kumar Rai (Nepalese politician),False
117954,रजनी तिलक,Q50591797,Rajni Tilak,False
132552,पर्वत १ (निर्वाचन क्षेत्र),Q104875738,Parbat 1,False
131895,माधव नारायण नगरपालिका,Q60763191,Madhav Narayan,False
29587,खरानीटार,Q3417388,Kharanitar,False
52088,कालीमुन्टे,Q2732431,Ageratina adenophora,False
125452,भैरवी मन्दिर (नुवाकोट),Q106506210,"Bhairabi Temple, Nuwakot",False
135535,चिलिमे जलविद्युत केन्द्र,Q17150837,Chilime Hydropower Plant,False
86657,कमल हासन,Q381477,Kamal Haasan,False
94877,कुम्मायक गाउँपालिका,Q30596092,Kummayak Rural Municipality,False
128510,युग,Q1646880,Yuga,False
5992,दोरम्बा,Q3413175,Doramba,False
80979,आशुतोष राणा,Q3595110,Ashutosh Rana,False
150357,ज्याबल,Q39546,Tool,False
2831,रक सङ्गीत,Q11399,Rock music,False
139315,वासुकी इन्डिकस्,Q125516026,Vasuki indicus,False
38562,नबिल बैङ्क,Q6956890,Nabil Bank,False
92520,हङकङ राष्ट्रिय फुटबल टोली,Q242119,Hong Kong national football team,False
83361,जयश्री अरोरा,Q23542650,Jayshree Arora,False
28796,सैघा,Q3422702,Saidha,False
148848,शाक्त सम्प्रदाय,Q849345,Shaktism,False
94919,कटहरी गाउँपालिका,Q43280386,Katahari Rural Municipality,False
93202,कश्यप सागर,Q5484,Caspian Sea,False
143893,अरुणोदय बचत समय,Q36669,Daylight saving time,False
47512,वर्ग (आकार),Q164,Square,False
25294,अफगानिस्तानका सहरहरूको सूची,Q108549,List of cities in Afghanistan,False
29207,आलम्पु,Q13179268,Alampu,False
140722,बहादुर सिंह लामा,Q66363426,Bahadur Singh Lama,False
10734,"गौरी, दैलेख",Q5527770,"Gauri, Dailekh",False
136401,अनुराधापुरा राज्य,Q1965597,Anuradhapura kingdom,False
60901,मेरी बास्सै,Q6819144,Meri Bassai,False
10559,दीनानाथ शर्मा,Q1783953,Dina Nath Sharma,False
51906,ग्यादर योरसेल्भ्स टुगेदर,Q3795042,Gather Yourselves Together,False
97383,लीला लाम्गाडे,Q35489250,Lila Lamgade,False
114919,फेलासियो,Q8401,Fellatio,False
32515,मष्ठामाण्डौ,Q3417169,Mashtamandau,False
27020,हसनपुर,Q12460079,Hasanpur,False
97821,पलिस्टिन संस्कृति संग्रहालय,Q23894294,Museum of Philistine Culture,False
57727,ध्वाँसे छुचुन्द्रो,Q1766837,Horsfield's shrew,False
150989,केराको चिप्स,Q806099,Banana chips,False
89162,एन्थोनी मार्सल,Q2091463,Anthony Martial,False
126567,उत्तम नेपाली,Q107606593,Uttam Nepali,False
31933,नेत्रकाली,Q3420375,Netrakali,False
88741,दमन,Q463252,"Daman, India",False
61771,वित्तीय विवरणहरू,Q192907,Financial statement,False
42492,राजा मान सिंह,Q3630505,Man Singh I,False
130475,विधान सभा,Q3091020,State legislative assemblies of India,False
56786,ठूलो जुरे कोइली,Q262001,Chestnut-winged cuckoo,False
45827,कलेज अफ मेडिकल साइन्सेस,Q13180969,"College of Medical Sciences, Bharatpur",False
107597,टेलिनर म्यानमार,Q24035910,Telenor Myanmar,False
78121,ग्रयाण्ड-बस्सम,Q582922,Grand-Bassam,False
151041,मार्को (२०२४ चलचित्र),Q126734383,Marco (2024 film),False
107998,गोदागाडी उपजिल्ला,Q4141095,Godagari Upazila,False
42774,तनहुँसुर,Q3423002,Tanahunsur,False
141244,बङ्गभवन,Q4855010,Bangabhaban,False
7532,काग,Q43365,Corvus,False
14354,इसिबु,Q3410194,Eseebu,False
96330,आठराई गाउँपालिका,Q52138349,Aathrai Rural Municipality,False
77157,एस्टन भिल्ला फुटबल क्लब,Q18711,Aston Villa F.C.,False
88315,निर्णय श्रेष्ठ,Q16885659,Nirnaya Shrestha,False
136064,चलचित्र समीक्षा,Q4482,Film criticism,False
27184,"बाराहा, उदयपुर",Q4858191,"Baraha, Udayapur",False
91577,सेतो झिंगा,Q815617,Whitefly,False
133319,पोशाक,Q105320265,Poshak,False
116186,भुवन बाम,Q30323629,Bhuvan Bam,False
3878,छैमले,Q3413362,Chhaimale,False
138436,भारतका राष्ट्रपतिहरूको सूची,Q890016,List of presidents of India,False
107544,किमोनो,Q483444,Kimono,False
150168,ढलोट उद्योग,Q13883136,Foundry,False
123123,दृश्यम (२०१५ चलचित्र),Q19824636,Drishyam (2015 film),False
66679,गुलाब जामुन,Q31931,Syzygium jambos,False
28357,गोलरक्षक (फुटबल),Q201330,Goalkeeper (association football),False
12233,मुजफ्फरनगर जिल्ला,Q2365710,Muzaffarnagar district,False
23740,इटहरी विष्णुपुर,Q3422874,Itahari Bishnupur,False
124803,श्यादे,Q111081731,Shyade,False
99017,२००६ लेबनान युद्ध,Q49104,2006 Lebanon War,False
99660,मोल्दोभा राष्ट्रिय फुटबल टोली,Q191142,Moldova national football team,False
50727,हर्कुलस,Q240679,Hercules,False
146555,बजेट चक्र,Q4985034,Budget process,False
56368,बगाले भ्याकुर,Q62098182,Jungle babbler,False
106938,साई पल्लवी,Q20081051,Sai Pallavi,False
85238,क्या कूल है हम ३ (२०१६ चलचित्र),Q18740722,Kyaa Kool Hain Hum 3,False
125910,ललितनारायण मिश्र,Q3630093,Lalit Narayan Mishra,False
1112,पृथ्वी,Q2,Earth,False
17485,अकोला जिल्ला,Q520510,Akola district,False
80504,अम्बर हर्ड,Q229166,Amber Heard,False
56513,गोधुली फिस्टो,Q368505,Dusky warbler,False
135478,पुननिर्माण तथा विकासको लागि अन्तराष्ट्रिय बैङ्क,Q191384,International Bank for Reconstruction and Development,False
54457,लेहेङ्गा चोली,Q4260412,Ghagra choli,False
83446,अमारा,Q4264834,Amara (singer),False
23473,पौवासर्ताप,Q3415170,Pauwa Sartap,False
147846,बङ्गाली नाम,Q4855477,Bengali name,False
99727,पेरू राष्ट्रिय फुटबल टोली,Q212166,Peru national football team,False
114533,मनी हाइस्ट,Q29647346,Money Heist,False
88726,कोयम्बटोर,Q9885,Coimbatore,False
56528,धर्के मुसेफिस्टो,Q837761,Lanceolated warbler,False
128832,रामनारायण विडारी,Q65948528,Ram Narayan Bidari,False
50883,जनसङ्ख्या र विकास सम्बन्धि अन्तर्राष्ट्रिय सम्मेलन,Q576920,International Conference on Population and Development,False
71448,वी.पी. कोइराला स्वास्थ्य विज्ञान प्रतिष्ठान,Q4833866,B. P. Koirala Institute of Health Sciences,False
134247,दिमाग खराब,Q120785694,Dimag Kharab,False
122027,बेबी रानी मौर्य,Q56221411,Baby Rani Maurya,False
75020,२००६ फिफा विश्वकप,Q37285,2006 FIFA World Cup,False
87110,केहरसिंह बस्न्यात,Q27616079,Kehar Singh Basnyat,False
135463,चोभार गुफा,Q5103472,Chobhar Caves,False
91699,निमा घर्ती मगर,Q28944590,Nima Gharti Magar,False
47873,कार्टुन,Q627603,Cartoon,False
12172,पृथु,Q2568475,Prithu,False
130318,बान्ता,Q127076,Vomiting,False
26334,भोडाहा,Q4901463,"Bhaudaha, Bara",False
90608,दिलजीत दोसाँझ,Q5276830,Diljit Dosanjh,False
100859,ओकडा जिल्ला,Q46785,Okara District,False
94864,मैवाखोला गाउँपालिका,Q30626174,Maiwakhola Rural Municipality,False
142893,ट्विच,Q4555537,Twitch (service),False
14126,बाँदर,Q1367,Monkey,False
71140,कबीर,Q312551,Kabir,False
43026,शारदा लिपि,Q2047117,Sharada script,False
28794,हापुर,Q5653345,"Hapur, Nepal",False
15558,जर्ज ह्यारिसन,Q2643,George Harrison,False
72285,विद्युतीस्थिरमुत,Q3574961,Electrostatic discharge,False
27121,सुनखानी,Q7456850,"Sunkhani, Sindhulpalchok",False
79590,हावा,Q8094,Wind,False
61606,गोविन्दा,Q1992008,Govinda (actor),False
68787,सङ्गीत दल,Q6591727,List of bands from Nepal,False
62943,२०२१ आइसिसी पुरुष टि२० विश्वकप,Q18124958,2021 Men's T20 World Cup,False
15905,करुवा,Q19671136,Karuwa,False
137158,कमाल राशिद खान,Q6355199,Kamaal R. Khan,False
100332,सामुएल उमटिटी,Q13308,Samuel Umtiti,False
77717,बोत्स्वानाका विश्व सम्पदा क्षेत्रहरूको सूची,Q4435403,List of World Heritage Sites in Botswana,False
87450,मुजफ्फर अली,Q1662036,Muzaffar Ali,False
122417,साइखोम मीराबाई चानू,Q17415291,Mirabai Chanu,False
50643,सासा ग्रे,Q2709,Sasha Grey,False
112049,रत्नपार्क,Q7295836,Ratna Park,False
32934,रामपुर विलासीपुर,Q3421665,Rampur Bilaspur,False
2718,धनकुटा नगरपालिका,Q1530717,Dhankuta,False
112631,रेक्विअम फर अ ड्रिम,Q487181,Requiem for a Dream,False
131657,काचगुप्त,Q48724451,Kacha (king),False
102401,वीर दास,Q7933532,Vir Das,False
150873,गायत्री देवी,Q464914,Gayatri Devi,False
106947,४३ थिङ्स,Q2776509,43 Things,False
136777,दादरा र नगर हवेली,Q46107,Dadra and Nagar Haveli district,False
70703,ह्वाइट हाउस,Q35525,White House,False
149204,अङ्कुश,Q557515,Elephant goad,False
150427,पूर्णिया,Q1771762,Purnia,False
38584,मेगा बैङ्क नेपाल,Q19682668,Mega Bank Nepal,False
44919,सुजल श्रेष्ठ,Q13187076,Sujal Shrestha,False
148085,राजखानी,Q9384,Testicle,False
111086,एजे ली,Q624017,AJ Lee,False
114312,त्रिभुवन च्यालेन्ज सिल्ड,Q18354388,Tribhuvan Challenge Shield,False
138381,धर्के बगेडी,Q1193031,Striolated bunting,False
10349,शेखपुरा जिल्ला,Q100093,Sheikhpura district,False
84880,गढवाल अधिराज्य,Q1381495,Garhwal kingdom,False
17508,गोँदिया जिल्ला,Q1917227,Gondia district,False
150339,ग्याँस सिलिन्डर,Q774332,Gas cylinder,False
150854,परशुराम जयन्ती,Q126083373,Parashurama Jayanti,False
49000,क्याह सिमोन,Q467028,Kyah Simon,False
123098,बक्सरको युद्ध,Q2355467,Battle of Buxar,False
108320,जैन्तापुर उपजिल्ला,Q6124105,Jaintiapur Upazila,False
16527,सिक्किम सङ्ग्राम परिषद्,Q3279328,Sikkim Sangram Parishad,False
150382,मानक तापक्रम र दबाब,Q102145,Standard temperature and pressure,False
84236,जोन हेस्टिङ्स,Q6238210,John Hastings (cricketer),False
56001,आँपको अचार,Q14558271,Mango pickle,False
23439,मुल्तानी माटो,Q910799,Fuller's earth,False
26205,सिर्प,Q3426228,Sirpa,False
56913,फुस्रोटाउके काष्ठकुट,Q39277,Grey-capped pygmy woodpecker,False
134775,बाणभट्ट,Q171202,Bāṇabhaṭṭa,False
114063,इजाबेली लेइट,Q16233338,Izabelle Leite,False
23711,"हटिया, सङ्खुवासभा",Q5681675,"Hatiya, Sankhuwasabha",False
26027,सेरा,Q6582703,"Sera, Nepal",False
89513,दङ्गल (चलचित्र),Q20762668,Dangal (2016 film),False
149217,त्रिजटा,Q2760226,Trijata,False
123034,हेल्मुट कोल,Q2518,Helmut Kohl,False
44195,पाचन प्रणाली,Q11978,Digestion,False
77212,ला सि,Q19622314,LaC TV,False
9946,तिरहुत प्रमण्डल,Q2307495,Tirhut division,False
79992,बेङ्गलोर,Q1355,Bengaluru,False
51898,सोलार लोटरी,Q2520381,Solar Lottery,False
32796,रानागाउँ,Q3424797,Ranagaun,False
122562,"बिक्रम, पटना",Q4907439,"Bikram, Bihar",False
100978,निर्मला पन्त बलात्कार र हत्या,Q57158425,Rape and murder of Nirmala Panta,False
96986,"सुनकोशी गाउँपालिका, ओखलढुङ्गा",Q47467308,"Sunkoshi Rural Municipality, Okhaldhunga",False
27087,बराम्ची,Q2883806,Baramchi,False
135307,आशा भुषाल,Q113481961,Asha Bhushal,False
33117,भलाक्चा,Q4900893,Bhalakachha,False
84262,ट्रेन्ट बोल्ट,Q12053380,Trent Boult,False
144210,प्रोमिथियस,Q83160,Prometheus,False
33160,अर्चलबोट,Q3427245,Archalbot,False
44955,ओशो,Q148285,Osho,False
33953,पञ्चकर्म,Q1134408,Panchakarma,False
151160,सर गंगाराम अस्पताल (भारत),Q7526817,Sir Ganga Ram Hospital (India),False
29208,ओराङ,Q7099461,"Orang, Nepal",False
78845,रिभाल्डो,Q483577,Rivaldo,False
14676,केशवकुमार बुढाथोकी,Q13180245,Keshav Kumar Budhathoki,False
71357,मध्वाचार्य,Q335371,Madhvacharya,False
126396,आर्मेनियाको झण्डा,Q33213,Flag of Armenia,False
27842,"नुवाकोट, अर्घाखाँची",Q6582694,"Nuwakot, Arghakhanchi",False
137588,मेकङ नदी,Q41179,Mekong,False
27253,"महादेवस्थान, खोटाङ",Q3417347,Mahadevasthan,False
126247,आत्मकथा,Q4184,Autobiography,False
100068,एङ्गोला महिला राष्ट्रिय फुटबल टोली,Q542109,Angola women's national football team,False
72385,सिद्धार्थ मल्होत्रा,Q3483111,Sidharth Malhotra,False
77474,हेनी मुख्तर,Q101748,Hany Mukhtar,False
141538,विश्व चेस च्याम्पियनसिप,Q190042,World Chess Championship,False
83823,बेलिज राष्ट्रिय क्रिकेट टिम,Q4882990,Belize national cricket team,False
115680,स्टारलिङ्क,Q19867977,Starlink,False
91672,क्रिस्टल डिसुजा,Q6439798,Krystle D'Souza,False
151128,गुरु हर किशन,Q467662,Guru Har Krishan,False
57695,राजपङ्खी लोखर्के,Q9490,Flying squirrel,False
107905,वार (२०१९ चलचित्र),Q64390886,War (2019 film),False
92512,यमन राष्ट्रिय फुटबल टोली,Q326864,Yemen national football team,False
107398,अमेरिकी डलर,Q4917,United States dollar,False
86208,ओलम्पिक झण्डा,Q381360,Olympic symbols,False
6311,मेचीनगर नगरपालिका,Q1520560,Mechinagar Municipality,False
42798,चोकचिसापानी,Q3429945,Chok Chisapani,False
128878,देव गुरुङ,Q1779496,Dev Gurung,False
100369,सेनेगल महिला राष्ट्रिय फुटबल टोली,Q776363,Senegal women's national football team,False
78124,कोगुर्यो चिहानहरूको परिसर,Q277525,Goguryeo tombs,False
33086,बृद्‌धिम,Q4966095,Briddhim,False
31408,घ्याल्चोक,Q3415683,Ghyalchok,False
92424,वंशराज पाँडे,Q27502509,Vamsharaj Pande,False
74942,सेल्मा लागेर्लाफ,Q44519,Selma Lagerlöf,False
53107,महिला सशक्तिकरण,Q15675642,Women's empowerment,False
34043,पेलाकोट,Q3419816,Pelakot,False
126266,सुधा रगुनाथन,Q3532755,Sudha Ragunathan,False
3827,चन्दनपुर,Q12425867,Chandanpur,False
6030,"फूलबारी, ताप्लेजुङ",Q7130322,"Phulbari, Taplejung",False
37434,तिल,Q47334,Sesamum,False
78937,तस्मानियन जङ्गली सम्पदा क्षेत्र,Q138170,Tasmanian Wilderness World Heritage Area,False
3980,चित्रे,Q3412361,Chitre,False
149014,मासिमो दुट्टी,Q788231,Massimo Dutti,False
8749,दलित,Q219517,Dalit,False
123671,ओलाफ सोल्स,Q61053,Olaf Scholz,False
56793,सेतोपेटे रानीचरी,Q1081105,White-bellied minivet,False
56678,नीलमणि अर्जुनक,Q3284887,Sapphire flycatcher,False
133197,मत्स्ययुग,Q65955,Devonian,False
78076,हवासेओङ किल्ला,Q482423,Hwaseong Fortress,False
83945,कुशल भुर्तेल,Q47076718,Kushal Bhurtel,False
100485,फिजी राष्ट्रिय फुटबल टोली,Q275933,Fiji national football team,False
28657,महायान,Q48362,Mahayana,False
131275,अर्जुनदेव मल्ल,Q116896533,Jayarjunadeva,False
120991,भूमिबल अतुल्यतेज,Q855252,Bhumibol Adulyadej,False
34027,"चण्डीभञ्ज्याङ, स्याङ्जा",Q3426594,"Chandi Bhanjyang, Syangja",False
82843,एकावली खन्ना,Q19561007,Ekavali Khanna,False
124936,दसहरी,Q5226610,Dasheri,False
105856,स्कर्वी,Q163865,Scurvy,False
52022,द इम्पोसिबल प्लानेट (लघुकथा),Q23827045,The Impossible Planet (short story),False
82985,नीना गुप्ता,Q6986875,Neena Gupta,False
7607,प्राचीन ओलम्पिक खेल,Q188468,Ancient Olympic Games,False
106886,रेड (टेलर स्विफ्टको गीत),Q252057,Red (Taylor Swift song),False
148423,प्लिज प्लिज प्लिज,Q126415085,Please Please Please (Sabrina Carpenter song),False
57066,भार्का चाहा,Q934557,Solitary snipe,False
43360,इस्लामी पात्रो,Q28892,Islamic calendar,False
60824,डिएचएल,Q489815,DHL,False
97705,सिन्डिकेट,Q681615,Syndicate,False
72901,विक्रमादित्य,Q1268507,Vikramaditya,False
85534,२०१५–१६ ला लिगा,Q16621994,2015–16 La Liga,False
74091,मुण्डकोपनिषद,Q962783,Mundaka Upanishad,False
23813,मनराजा,Q3426801,Manraja,False
144060,कनसुत्लो,Q167367,Millipede,False
9223,संयुक्त अरब इमिरेट्स,Q878,United Arab Emirates,False
62936,"अथाबस्का,अलबर्टा",Q224292,Athabasca,False
74106,विन्डोज ८,Q5046,Windows 8,False
47529,आम निर्वाचन २०४८,Q6994498,1991 Nepalese general election,False
128217,इस्लामी सहयोग सङ्गठन,Q47543,Organisation of Islamic Cooperation,False
108433,पागलपन्ती (२०१९ चलचित्र),Q65081567,Pagalpanti (2019 film),False
17555,झालावाड जिल्ला,Q1471417,Jhalawar district,False
34033,ठूलाडिही,Q3421473,Thuladihi,False
32532,जानकी टोला,Q6154422,Janikatala,False
56266,छनक बट्टाई,Q944167,Rain quail,False
43611,नेपाल वान,Q6994321,Nepal 1,False
136486,लोड बाइरन,Q5679,Lord Byron,False
100289,बेन डेभिस,Q93555,"Ben Davies (footballer, born 1993)",False
63912,चट्टोग्राम,Q376749,Chittagong,False
18260,ब्रुनाई,Q921,Brunei,False
95383,अम्मान,Q3805,Amman,False
78192,केर्रादो,Q278512,Cerrado,False
85191,दृष्टि धामी,Q4171474,Drashti Dhami,False
100693,बङ्गलादेश दूरसञ्चार कम्पनी लिमिटेड,Q4836685,Bangladesh Telecommunications Company Limited,False
26021,वैजनाथ,Q4873513,Baujinath,False
2727,बागमती अञ्चल,Q9046,Bagmati Zone,False
69490,डाइनामो,Q719861,Dynamo,False
26691,जोकहा,Q7130087,Jowaha,False
133165,कूर्चमर्कट,Q1114471,Tarsier,False
1919,इरान,Q794,Iran,False
133067,गङ्गा मुखद्वीप,Q1163759,Ganges Delta,False
134551,लुना २५,Q1042357,Luna 25,False
15680,स्तन,Q9103,Breast,False
5942,जैसीथोक मण्डन,Q3410635,Jaisithok Mandan,False
61122,ज्यास्मिन सेन्ट क्लाइरी,Q443737,Jasmin St. Claire,False
1959,क्रोएसिया,Q224,Croatia,False
23697,माङ्तेवा,Q3422409,Mangtewa,False
33110,"पिपल, पश्चिम रुकुम",Q7197191,"Pipal, Nepal",False
134423,तिब्बती जाति,Q187985,Tibetans,False
57279,कुरान,Q428,Quran,False
134274,गुड नाइट (२०२३ फिल्म),Q118125546,Good Night (2023 film),False
75709,युसेबियो,Q162043,Eusébio,False
56336,खैरो बाँदरचरी,Q1589589,Brown parrotbill,False
61249,वर्षमान पुन,Q15427968,Barsaman Pun,False
83109,महक चहल,Q6733711,Mahek Chahal,False
54182,बौद्ध धर्मको इतिहास,Q464200,History of Buddhism,False
146112,लोकेश बम,Q136266257,Lokesh Bam,False
18194,बारुइपुर उपविभाग,Q4865895,Baruipur subdivision,False
130922,पाकिस्तानको राष्ट्रिय सभा,Q1518223,National Assembly of Pakistan,False
33031,पाङराङ,Q3425657,Pangrang,False
29052,लाम्रा,Q3415421,Labhra,False
79655,आदित्य नारायण,Q4683085,Aditya Narayan,False
56358,वनचाहर,Q2668204,Hoary-throated barwing,False
119452,मिनारे पाकिस्तान,Q996962,Minar-e-Pakistan,False
136296,जगतलाल मास्टर,Q16005846,Jagat Lal Master,False
125276,भवानीप्रसाद खापुङ,Q60544995,Bhawani Prasad Khapung,False
17283,पलामू जिल्ला,Q1797254,Palamu district,False
58512,डेनियल क्राइग,Q4547,Daniel Craig,False
29557,नर्जामण्डप,Q3465216,Narjamandap,False
14656,उमाकान्त चौधरी,Q7881016,Umakant Chaudhary,False
100702,लर्ड अफ द फ्लाइज,Q271764,Lord of the Flies,False
62212,विनिमयदर,Q66100,Exchange rate,False
22960,मङ्गल पाण्डे,Q382027,Mangal Pandey,False
4056,दङ्गाजी,Q3411934,Dangaji,False
56491,कैलोकाने फिस्टो,Q1589754,Rufous-faced warbler,False
103276,इथियोपियन विमान दुर्घटना,Q62018034,Ethiopian Airlines Flight 302,False
123136,बुन्देलखण्ड,Q851955,Bundelkhand,False
49412,जेस्सी जेन,Q159436,Jesse Jane,False
93201,जलन्धर,Q33377,Jalandhar,False
92434,लाजिम्पाट दरबार,Q25112676,Lazimpat Durbar,False
82595,भावना घिमिरे,Q19956188,Bhawana Ghimire,False
31589,रगनी,Q3429406,Ragani,False
55563,मोनोकिनी,Q1462535,Monokini,False
148583,तारा (महाविद्या),Q2462108,Tara (Mahavidya),False
77898,तिमबुक्तु,Q9427,Timbuktu,False
102165,द एक्सिडेन्टल प्राइम मिनिस्टर,Q30611767,The Accidental Prime Minister (film),False
113293,सर्वयौनिकता,Q271534,Pansexuality,False
32929,दैजी,Q19822353,"Daiji, Nepal",False
78533,बोलिभियाका विश्व सम्पदा क्षेत्रहरूको सूची,Q7243626,List of World Heritage Sites in Bolivia,False
46308,सोनाम ल्होसार,Q105742385,Sonam Lhosar,False
26892,मधेशा,Q3427622,Madhesa,False
101123,चङ्गा चेट,Q60737678,Changa Chet,False
87664,वकार युनिस,Q1766640,Waqar Younis,False
13847,नाक,Q7363,Nose,False
91785,सेलिब्रिटी क्रिकेट लिग,Q5057717,Celebrity Cricket League,False
61704,माधुरी दीक्षित,Q232451,Madhuri Dixit,False
100871,अली अस्फाक,Q2057870,Ali Ashfaq,False
78666,भिस्बी,Q54757,Visby,False
105242,प्रिन्स अफ पर्सिया: वारियर विदिन,Q743155,Prince of Persia: Warrior Within,False
104328,पृथ्वीपाल सेन,Q65395308,Prithvi Pal Sen,False
111216,मालदेव राठौर,Q6742789,Maldeo Rathore,False
127351,लालबहादुर थापामगर,Q6480216,Lalbahadur Thapa,False
15836,पश्चिम मेदिनीपुर जिल्ला,Q1855537,Paschim Medinipur district,False
77643,कला,Q735,Art,False
134912,लौह युग,Q11764,Iron Age,False
15792,भीमबहादुर तामाङ,Q251025,Bhim Bahadur Tamang,False
56409,सानोकण्ठे तोरीगाँडा,Q1588950,Lesser necklaced laughingthrush,False
38555,पोकली झरना,Q19680368,Pokali waterfall,False
125535,भिक्टर ओर्बान,Q57641,Viktor Orbán,False
99678,सान मारिनो रङ्गशाला,Q728131,San Marino Stadium,False
92168,रीता डे,Q7336508,Rita Dey,False
26242,लिघा,Q3424469,Ligha,False
47215,युयुत्सु शर्मा,Q8062237,Yuyutsu Sharma,False
56876,ठूलो सेतोबकुल्ला,Q130730,Great egret,False
9199,सर्वनाम नाट्य समूह,Q7424813,Sarwanam Theatre Group,False
85181,फैजल खान,Q5431065,Faisal Khan (dancer),False
101219,माहेश्वर सूत्र,Q2672209,Shiva Sutras,False
98536,लिखु तामाकोशी गाउँपालिका,Q65398742,Likhutamakoshi Rural Municipality,False
1842,ललितपुर जिल्ला,Q1108338,"Lalitpur District, Nepal",False
135760,भुटिया जाति,Q2975309,Bhutia,False
88680,अनिल अम्बानी,Q381748,Anil Ambani,False
126093,ब्रोन्काइक्टेसिस,Q32778,Bronchiectasis,False
121875,बुल ट्रयाप,Q4996654,Bull trap,False
12656,सारस,Q28114126,Sarus crane,False
14355,"ओख्रे, तेह्रथुम",Q7089340,Okhare,False
99609,मनिष सुमन,Q61763898,Manish Kumar Suman,False
111681,राष्ट्रिय तथ्याङ्क कार्यालय (नेपाल),Q16858659,National Statistics Office (Nepal),False
143688,रणकुमारी बलम्पाकी मगर,Q115786135,Rana Kumari Balampaki Magar,False
102278,आँटो,Q36465,Flour,False
32993,नाधर्पू,Q3424761,Natharpu,False
112078,बिना मगर,Q56223139,Bina Magar,False
83866,स्विडेन राष्ट्रिय क्रिकेट टोली,Q7654503,Sweden national cricket team,False
30933,इटालीको संविधान सभा,Q1053185,Constituent Assembly of Italy,False
7242,गुफापोखरी,Q5619700,Gupha Pokhari,False
150500,रवि बिश्नोई,Q61784610,Ravi Bishnoi,False
15799,कुहिना,Q42586,Elbow,False
47648,बान्तवा भाषा,Q56500,Bantawa language,False
57068,भोट मरुपरेवा,Q127890,Tibetan sandgrouse,False
33804,लालबहादुर शास्त्री,Q244689,Lal Bahadur Shastri,False
87762,रोबर्ट लेवान्डोस्की,Q151269,Robert Lewandowski,False
101892,ब्याड ब्लड (टेलर स्विफ्टको गीत),Q19892111,Bad Blood (Taylor Swift song),False
144561,कङ्गो नदी,Q3503,Congo River,False
135699,माई खोला लघु जलविद्युत केन्द्र,Q104879734,Mai Khola Small Hydropower Station,False
27903,हेक्लाङ,Q3427806,Heklang,False
42997,कन्नड लिपि,Q839666,Kannada script,False
84280,मोहम्मद नबी,Q1600257,Mohammad Nabi,False
71205,आइसिसी पुरुष टि२० विश्वकप,Q979298,Men's T20 World Cup,False
24321,कागती वर्ग,Q13195,Lime (fruit),False
143052,पूर्णिका शाह,Q4216633,Princess Purnika of Nepal,False
76211,धुल्लुबास्कोत,Q3411243,Dhullu Baskot,False
148932,अष्टभैरव,Q15706677,Ashta Bhairava,False
35735,भारतीय प्रशासनिक सेवा,Q3520703,Indian Administrative Service,False
14448,प्रतिपदा,Q3635682,Pratipada,False
79737,अन्तर्राष्ट्रिय हवाई यातायात सङ्घ,Q19755,International Air Transport Association,False
83123,वन्दना शिवा,Q235451,Vandana Shiva,False
75561,गर्ड मुलर,Q43744,Gerd Müller,False
91295,मकाउ राष्ट्रिय फुटबल टोली,Q285708,Macau national football team,False
100796,डायलग आजीयाटा,Q5270580,Dialog Axiata,False
32994,पुलु,Q7238755,"Pulu, Nepal",False
15953,यमुना नदी,Q132726,Yamuna,False
26684,गरुडा बैरीया,Q48834398,Garuda Bairiya,False
55107,कुशमन्दा,Q15045453,Kushmanda,False
26356,"हरिहरपुर, बारा",Q5657446,"Hariharpur, Bara",False
93179,झापा गाउँपालिका,Q32958946,Jhapa Rural Municipality,False
13848,मुख,Q9635,Mouth,False
86364,दिनेश लाल यादव,Q5278091,Dinesh Lal Yadav,False
55541,वाणिज्यशास्त्र,Q26643,Commerce,False
149457,विवादित क्षेत्र,Q1078001,Territorial dispute,False
141303,मोहम्मद साहाबुद्दिन,Q116763154,Mohammed Shahabuddin,False
32797,लामिखाल,Q781370,Lamikhal,False
103707,डे ट्रेडिङ,Q1064131,Day trading,False
74110,मानुएल नोयर,Q107365,Manuel Neuer,False
14481,अश्लील शब्दहरू,Q8102,Slang,False
108460,श्रीपुर उपजिल्ला (मागुरा),Q7585734,"Sreepur Upazila, Magura",False
60968,"लोदी, ओहायो",Q2054265,"Lodi, Ohio",False
33969,पुस्तकालय विज्ञान,Q199655,Library science,False
106818,ढकारी गाउँपालिका,Q65410327,Dhakari Rural Municipality,False
58385,अमेरिकन ग्राफिटी,Q375855,American Graffiti,False
83719,समाजवादी पार्टी,Q1546941,Samajwadi Party,False
2003,कुरुफ,Q2316,Kurów,False
114065,सन् २०२० क्युसु बाढी,Q96981356,2020 Kyushu floods,False
138399,सुरसेन,Q1330149,Surasena,False
128731,पर्शुराम खापुङ,Q109593139,Parshuram Khapung,False
2000,साँचो येशु गिर्जाघर,Q1859,True Jesus Church,False
113914,नेपालमा सलह संक्रमण,Q96786272,Locust infestation in Nepal,False
129173,देवनागरी लिप्यन्तरण,Q2659588,Devanagari transliteration,False
91631,युवराज अधिकारी,Q19559902,Yuvaraj Adhikari,False
108710,सुन्दरगन्ज उपजिल्ला,Q3349044,Sundarganj Upazila,False
135679,माई क्सास्केड जलविद्युत केन्द्र,Q21775809,Mai Cascade Hydropower Plant,False
139124,बेबीमोन्स्टर,Q115967938,Babymonster,False
28926,"राजपुर, दाङ",Q6973587,"Rajpur, Dang",False
99600,फ्रेञ्च ओपन,Q43605,French Open,False
43489,भारतीय पुरातत्व सर्वेक्षण,Q632235,Archaeological Survey of India,False
107574,थ्री हङकङ,Q49281482,3 Hong Kong,False
48683,सोफिया याकोब्सन,Q432909,Sofia Jakobsson,False
121166,१९६० यू-२ घटना,Q748379,1960 U-2 incident,False
83221,निया शर्मा,Q7023510,Nia Sharma,False
148817,भद्र (कृष्णकी पत्नी),Q14589610,Bhadra (Krishna's wife),False
100277,२००४ अफ्रिकी राष्ट्र कप,Q588183,2004 African Cup of Nations,False
141533,पूर्वी मोर्चा (द्वितीय विश्व युद्ध),Q189266,Eastern Front (World War II),False
94408,बुद्ध लामा,Q44573016,Buddha Lama,False
127231,राप्तीसोनारी गाउँपालिका,Q65410583,Rapti-Sonari Rural Municipality,False
131339,विश्वजित मल्ल,Q7936020,Vishvajit Malla,False
29984,जी-स्पट,Q517807,G-spot,False
118664,निजीकरण,Q161500,Privatization,False
148948,शेषनाग,Q2418874,Shesha,False
135595,तेन्जेन शेर्पा,Q121002386,Tenjen Sherpa,False
7694,राजापूर (लोकसभा क्षेत्र),Q7285770,Rajapur Lok Sabha constituency,False
114051,किप होल्डिङ अन,Q915333,Keep Holding On,False
82914,दमयन्ती,Q3521321,Damayanti,False
52360,परमवीर चक्र,Q1650629,Param Vir Chakra,False
67788,कलधारा,Q656656,Tap (valve),False
100059,अल्जेरिया राष्ट्रिय फुटबल टोली,Q181903,Algeria national football team,False
93607,मगरात,Q6729696,Magarat,False
31267,थलहाकटहा,Q3423751,Thalaha Kataha,False
27537,धुसेनी शिवालय,Q3413673,Dhuseni Siwalaya,False
26751,सखुअवा धमौरा,Q3423775,Sakhuwa Dhamaura,False
72377,साई,Q20150,Psy,False
121884,खम्पा निःशस्त्रीकरण अभियान,Q96385837,Khampa Disarming Operation,False
126509,चारुमती,Q15264081,Charumati,False
29699,कोटथर,Q3423772,Kotathar,False
30379,"साङला, काठमाडौँ",Q6813359,"Sangla, Nepal",False
27890,पालुङमैनादी,Q3416605,Palung Mainadi,False
33274,सर्कुवा,Q3419624,Sarkuwa,False
4670,नेपालीनक्स,Q3247444,NepaLinux,False
49896,भिटामिन सी,Q199678,Vitamin C,False
85946,दक्षिण एसियाली खेलकुद १९९९,Q1049461,1999 South Asian Games,False
84267,रोस टेलर,Q7369663,Ross Taylor,False
135689,बागमती नदी जलविद्युत केन्द्र,Q104879428,Bagmati Nadi Hydropower Station,False
107529,शर्मिलाकुमारी पन्त,Q79261431,Sharmila Kumari Panta,False
126677,राजपुर गाउँपालिका,Q65410576,Rajpur Rural Municipality,False
15547,तुलसी,Q960124,Ocimum tenuiflorum,False
90667,सुदीप,Q7377094,Sudeepa,False
60659,लेस्टर बी. पियरसन,Q128604,Lester B. Pearson,False
56281,लालठुँडे चखेवा,Q25761,Common shelduck,False
56683,सेतोकण्ठे अर्जुनक,Q3315617,White-gorgeted flycatcher,False
50017,अग्नि पञ्चम,Q1046130,Agni-V,False
61351,कारा लट,Q4382425,Cara Lott,False
106801,रश्मिका मन्दाना,Q28088964,Rashmika Mandanna,False
98842,नाम्ले जुका,Q159715,Cestoda,False
100351,डेली एली,Q10553748,Dele Alli,False
65695,पोर्तगाल राष्ट्रिय फुटबल टोली,Q267245,Portugal national football team,False
108099,बडलेखा उपजिल्ला,Q3344950,Barlekha Upazila,False
9514,तमिलनाडु,Q1445,Tamil Nadu,False
56759,कागठुँडे चिबे,Q1585929,Crow-billed drongo,False
107834,बङ्गलादेशको स्वतन्त्रता युद्ध,Q371394,Bangladesh Liberation War,False
122393,डन बटलर,Q5242429,Dawn Butler,False
143831,जे बी टुहुरे,Q108286285,JB Tuhure,False
107807,आज् न्युज,Q4120101,Aaj News,False
6904,समाजवादी-क्रान्तिकारी पार्टी,Q217009,Socialist Revolutionary Party,False
143650,जावेदा खातुन जागा,Q115786184,Jaweda Khatun Jaga,False
48646,बरेला,Q311101,Cyclanthera pedata,False
137605,राज्य ड्यूमा,Q715641,State Duma,False
51526,मर्डर इज इजी,Q833012,Murder Is Easy,False
63613,रियो दी जेनेरियो,Q8678,Rio de Janeiro,False
113913,स्टक एक्सचेन्ज,Q11691,Stock exchange,False
116922,युरी आन्द्रोपोभ,Q44071,Yuri Andropov,False
146527,वितरणात्मक न्याय,Q552284,Distributive justice,False
33041,भंगरा,Q4901003,"Bhangara, Nepal",False
97065,नन्कोव्री भाषा,Q6962504,Nancowry language,False
69708,घिर्नी,Q48378,Pulley,False
100758,सरस्वती युथ क्लब,Q17068475,Saraswoti Youth Club,False
106788,पहेँलो पुच्छ्रे कालो सुगा,Q28107872,Yellow-tailed black cockatoo,False
13143,लामखुट्टे,Q7367,Mosquito,False
129732,तिब्बती भाषा परिवार,Q1641150,Tibetic languages,False
9099,कुसुमे रुमाल (चलचित्र),Q6448222,Kusume Rumal,False
115381,डायनोसर,Q430,Dinosaur,False
14195,नीतिश कुमार,Q122304,Nitish Kumar,False
140504,माधवकुमार नेपाल मन्त्रिपरिषद्,Q48989042,Madhav Kumar Nepal cabinet,False
124263,कल (वनस्पति),Q15247935,Arisaema consanguineum,False
77718,लेसोथोका विश्व सम्पदा क्षेत्रहरूको सूची,Q6357067,List of World Heritage Sites in Lesotho,False
111958,विजयनगर गाउँपालिका,Q97167617,Bijaynagar Rural Municipality,False
32963,लावन,Q7211009,"Lawan, Nepal",False
1839,राजनीति,Q7163,Politics,False
52717,काने झार,Q5197487,Cyanotis cristata,False
16406,हेनरी किसिन्जर,Q66107,Henry Kissinger,False
87396,जमुना (हिन्दी फिल्म कलाकार),Q6148297,Jamuna (actress),False
42942,उर्वरक,Q83323,Fertilizer,False
99921,सञ्जीवनी (गायिका),Q7418574,Sanjeevani (singer),False
79285,बाँसगढी नगरपालिका,Q20984820,Bansgadhi,False
62008,जगेडा,Q4392407,Reserve (accounting),False
31857,पर्सादेवाड,Q7002151,Parsadewadh,False
112779,"बागमती गाउँपालिका, ललितपुर",Q97260551,"Bagmati Rural Municipality, Lalitpur",False
145302,१९०७ एरेना क्रिकेट स्टेडियम,Q135652179,1907 Arena Cricket Stadium,False
74401,दार्जिलिङ हिमालयन रेलवे,Q463874,Darjeeling Himalayan Railway,False
113566,भाषा सुधार,Q662175,Language reform,False
51588,डबल सिन एन्ड अदर स्टोरिज,Q2605087,Double Sin and Other Stories,False
132523,रोल्पा १ (निर्वाचन क्षेत्र),Q104875079,Rolpa 1,False
143426,केआइआइटी घटना २०२५,Q132744381,Suicide of Prakriti Lamsal,False
57746,लाम्काने ठुटेखरायो,Q1769345,Large-eared pika,False
23039,पियर्स मोर्गन,Q557758,Piers Morgan,False
122484,आयुमी हामासाकी,Q188111,Ayumi Hamasaki,False
34036,तुल्सी भञ्ज्याङ,Q3417879,Tulsibhanjyang,False
55498,संयुक्त गर्भनिरोघक चक्की,Q817281,Combined oral contraceptive pill,False
15182,टोपबहादुर रायमाझी,Q19678456,Top Bahadur Rayamajhi,False
83396,पामेला एन्डरसन,Q83325,Pamela Anderson,False
5849,दिव्यनगर,Q3411071,Dibyanagar,False
128792,शिवनाथ गाउँपालिका,Q97160493,Shivanath Rural Municipality,False
27889,नायरनमतलेस,Q12929212,Nayarnamtales,False
111326,बन्दाबन्दी,Q6665312,Lockdown,False
29829,फरहदवा,Q3412774,Pharahadawa,False
119209,सेर्गेई ब्रिन,Q92764,Sergey Brin,False
100201,रोज बार्क्ली,Q326240,Ross Barkley,False
23502,जुलियन असान्ज,Q360,Julian Assange,False
33404,लामाचौर,Q3423809,Batulechaur,False
100482,चार्ली डेनिएल्स,Q5084755,Charlie Daniels (footballer),False
26094,"रूम, दैलेख",Q6974035,"Rum, Nepal",False
84204,ड्वेन स्मिथ,Q5318032,Dwayne Smith,False
126546,औँठाछाप,Q178022,Fingerprint,False
114367,पोर्भो,Q193367,Porvoo,False
87233,अभिमानसिंह राना मगर,Q16057965,Abhiman Singh Rana Magar,False
89494,१०० महिला (बिबिसी),Q16153104,100 Women (BBC),False
132053,अशोककुमार राई,Q16146230,Ashok Rai,False
6399,लहान नगरपालिका,Q1748922,Lahan,False
17390,अमृतसर जिल्ला,Q202822,Amritsar district,False
79231,सूर्यविनायक नगरपालिका,Q21001381,Suryabinayak Municipality,False
109029,गजराज मिश्र,Q78266367,Gajraj Mishra,False
1964,फ्रान्स,Q142,France,False
53847,द्वारिकाज होटल,Q5272096,Dwarika's Hotel,False
100101,मून जे-इन,Q21001,Moon Jae-in,False
149898,सिन होर्निक,Q4499795,Sien (Van Gogh series),False
126112,पारुल यादव,Q16202998,Parul Yadav,False
20475,क्यान्सर,Q12078,Cancer,False
100499,मार्टिन केली,Q274626,Martin Kelly (footballer),False
83297,दोधारा चाँदनी पुल,Q3396914,Dodhara Chandani Bridge,False
66308,उत्पत्तिको प्रमाण,Q3373417,Country of origin,False
27181,"पोखरी, उदयपुर",Q568884,"Pokhari, Udayapur",False
123742,इन्द्रबहादुर बानियाँ,Q44941313,Indra Bahadur Baniya,False
146562,व्यावसायिकता,Q12047083,Professionalism,False
133815,राजेन्द्रकुमार राई मन्त्रिपरिषद्,Q115830227,Rajendra Kumar Rai cabinet,False
27947,पुर्तिघाट,Q3427162,Purtighat,False
28661,चन्द्रशेखर आजाद,Q738368,Chandra Shekhar Azad,False
31594,श्रीचौर,Q3427215,Srichaur,False
80901,बङ्गलादेश अन्डर-१९ राष्ट्रिय क्रिकेट टोली,Q237140,Bangladesh national under-19 cricket team,False
149235,सिक्किम विश्वविद्यालय,Q4812252,Sikkim University,False
128821,"मायादेवी गाउँपालिका, रुपन्देही",Q104845362,"Mayadevi Rural Municipality, Rupandehi",False
26061,"जगन्नाथ, बाजुरा",Q3424986,"Jagannath, Bajura",False
70539,लुइस फिगो,Q483145,Luís Figo,False
138208,मध्य भारत,Q29024970,Central India,False
150863,डेटिङ दुर्व्यवहार,Q4386352,Dating violence,False
121042,सान्ता त्रिनिटा माएस्टे,Q1569622,Santa Trinita Maestà,False
149337,मारीच,Q2474456,Maricha,False
78637,ध्रुविकरण (तरङ),Q193760,Polarization (waves),False
146528,सांस्कृतिक विविधता,Q1338878,Cultural diversity,False
99345,बुतरस बुतरस घाली,Q1257,Boutros Boutros-Ghali,False
79048,गौरादह नगरपालिका,Q3417479,Gauradaha Municipality,False
83435,अर्चना (अभिनेत्री),Q3531820,Archana (actress),False
125099,रेशम फिरिरी,Q19683322,Resham Firiri,False
114571,एमआइए (र्‍यापर),Q204019,M.I.A. (rapper),False
9693,जाभा,Q251,Java (programming language),False
123903,चान्सलर,Q373085,Chancellor,False
35803,शङ्खरापुर नगरपालिका,Q7488720,Shankharapur,False
23264,डुकुछाप,Q3411796,Dukuchhap,False
91346,द ग्रिन माइल (चलचित्र),Q208263,The Green Mile (film),False
47462,होराप्रसाद जोशी,Q13187613,Hora Prasad Joshi,False
51535,द हलो,Q833775,The Hollow,False
135537,कोसेली,Q184303,Gift,False
33247,"तारा, बागलुङ",Q7685013,"Tara, Nepal",False
32294,कुहुँकोट,Q6442209,Kuhunkot,False
129504,मालपुवा,Q3349241,Malpua,False
143993,एमिल फिशर,Q70554,Emil Fischer,False
114530,मानव आँखा,Q430024,Human eye,False
100960,गाेलान टेलिकम,Q2894259,Golan Telecom,False
88927,पालानिअप्पन चिदाम्बरम,Q377358,P. Chidambaram,False
32829,काँडामाण्डौ,Q6345051,Kadamandau,False
11347,रूपरेखा (पत्रिका),Q110235793,Ruprekha,False
43553,क्रान्ति,Q10931,Revolution,False
83373,मीना कुमारी,Q465848,Meena Kumari,False
111802,केन्द्रिय अनुसन्धान ब्युरो,Q5061276,Central Investigation Bureau,False
84883,२०१६–१७ ला लिगा,Q23497990,2016–17 La Liga,False
73974,चुम्बक,Q11421,Magnet,False
27527,खनालथोक,Q3414975,Khanalthok,False
63673,एलेक्जेन्ड्रियाको प्रकाशघर,Q43244,Lighthouse of Alexandria,False
114736,भ्यालेन्टिना नाप्पी,Q15020877,Valentina Nappi,False
30450,"मोतिपुर, कपिलवस्तु",Q7130842,"Motipur, Kapilvastu",False
136378,काहिरा विश्वविद्यालय,Q194445,Cairo University,False
126263,जुनकिरी,Q25420,Firefly,False
15106,अगरतला,Q170454,Agartala,False
61894,आन्तरिक लेखापरीक्षण,Q6452684,Internal audit,False
136129,मनमोहन अधिकारी मन्त्रिपरिषद्,Q4682531,Man Mohan Adhikari cabinet,False
129904,पेमागत्सेल जिल्ला,Q167279,Pemagatshel District,False
14466,लुइस कोर्भलन,Q379712,Luis Corvalán,False
87756,लाहुरे (र्‍यापर),Q18211307,Laure (Nepalese rapper),False
1107,टम ह्याङ्क्स,Q2263,Tom Hanks,False
9766,रङ्गेली नगरपालिका,Q12448556,Rangeli Municipality,False
77893,खाओ याई राष्ट्रिय निकुञ्ज,Q386420,Khao Yai National Park,False
104217,राउधा आतिफ,Q42786603,Raudha Athif,False
33276,"सिसाखानी, बागलुङ",Q3415393,Sisakhani,False
123643,धवल शम्शेर राणा,Q109981738,Dhawal Shamsher Rana,False
118618,आठ हजारी,Q185552,Eight-thousander,False
54995,सुर्ती (वनस्पति),Q602633,Nicotiana rustica,False
137938,सिद्धान्त एक्स र सिद्धान्त वाई,Q27360,Theory X and Theory Y,False
138483,यान्देक्स मेल,Q4537996,Yandex Mail,False
139900,न्युट्रन तारा,Q4202,Neutron star,False
79184,हेल बेरी,Q1033016,Halle Berry,False
51938,रेडियो फ्री एल्बेमथ,Q3416949,Radio Free Albemuth,False
3899,बुङ,Q4997591,"Bung, Nepal",False
30229,बाजा,Q34379,Musical instrument,False
118943,नेदरल्यान्ड महिला राष्ट्रिय फुटबल टोली,Q841563,Netherlands women's national football team,False
12637,शताब्दी,Q578,Century,False
146322,नुसरत भुट्टो,Q327424,Nusrat Bhutto,False
13694,पालक पनिर,Q5687757,Palak paneer,False
76810,ओन्टारिओ ताल,Q1062,Lake Ontario,False
51425,११/२२/६३,Q723020,11/22/63,False
10956,बिजुली बत्ती,Q1326621,Electric light,False
99158,राफाएल भरान,Q489039,Raphaël Varane,False
135629,चाकु खोला जलविद्युत केन्द्र,Q98078833,Chaku Khola Hydropower Station,False
129083,"संयुक्त वाम मोर्चा (नेपाल, वि.सं २०४६)",Q4589523,"United Left Front (Nepal, 1990)",False
128763,शिशिर खनाल,Q115408372,Shisir Khanal,False
61892,जोखिम व्यवस्थापन,Q189447,Risk management,False
106809,भेडामारा उपजिल्ला,Q3349136,Bheramara Upazila,False
60522,सुनिलबाबु पन्त,Q4446146,Sunil Babu Pant,False
105225,कार्तिक आर्यन,Q6373552,Kartik Aaryan,False
78683,पुरानो क्युबेक,Q2114279,Old Quebec,False
13022,अजिमा,Q4699742,Ajima,False
27756,फुटबल खेल,Q2736,Association football,False
56426,थाइरोइड,Q16399,Thyroid,False
119702,केन्द्रीय सहिद मिनार,Q2425991,"Shaheed Minar, Dhaka",False
107492,सुनामगन्ज जिल्ला,Q2093388,Sunamganj District,False
62726,इन्द्र कुमार गुजराल,Q248484,Inder Kumar Gujral,False
134234,रेल विभाग,Q104861349,Department of Railways (Nepal),False
17442,गुना जिल्ला,Q930027,Guna district,False
100046,पूर्वी टिमोर महिला राष्ट्रिय फुटबल टोली,Q7806952,Timor-Leste women's national football team,False
150886,छ प्रधान,Q138542698,Six Pradhans,False
135594,पश्चिमाञ्चल क्याम्पस,Q7988222,Pashchimanchal Campus,False
131619,बिन्दु रावल,Q108561851,Bindu Rawal,False
33987,चीनको सांस्कृतिक क्रान्ति,Q8690,Cultural Revolution,False
54520,धनुषचन्द्र गौतम,Q19679251,Dhanush Chandra Gautam,False
146145,कल्पना मियाँ कुसारी,Q115824837,Kalpana Miya Kusari,False
97929,ह्यारी स्टाइल्स,Q3626966,Harry Styles,False
98928,एयरबस,Q67,Airbus Commercial Aircraft,False
127897,प्रेमसिंह तामाङ,Q23879743,Prem Singh Tamang,False
4415,स,Q12944303,Sa (Indic),False
120492,मागी विवाह,Q1923231,Arranged marriage,False
33703,न्युयोर्क सहर,Q60,New York City,False
98677,व्यापारिक भवन,Q655686,Commercial building,False
90756,फिदरवेट (मिश्रित मार्सल आर्ट),Q597315,Featherweight,False
26031,सन्तडा,Q3428369,Santada,False
149263,रि सोल जु,Q714658,Ri Sol-ju,False
80409,जेरेमी रेनर,Q23365,Jeremy Renner,False
23105,वासिङ्टन (राज्य),Q1223,Washington (state),False
33122,मुसीकोट नगरपालिका,Q2413170,"Musikot, Rukum",False
4938,क्षेत्री,Q1071516,Chhetri,False
17222,जम्मु र कश्मीरका जिल्लाहरू,Q2672220,List of districts of Jammu and Kashmir,False
57111,प्रशान्त सर्षपी,Q18865,Pacific golden plover,False
99604,रघुबीर महासेठ,Q56223873,Raghubir Mahaseth,False
130490,द्रविड,Q1179655,Dravidian,False
123290,भारतमा ताइपेई आर्थिक र सांस्कृतिक केन्द्र,Q24033715,"Taipei Economic and Cultural Center, New Delhi",False
10929,साउन,Q2257780,Shravana (month),False
106763,एन्ड्रयु जोन्सन,Q8612,Andrew Johnson,False
136726,ग्वालियर राज्य,Q1557792,Gwalior State,False
114997,शाकिब खान,Q7462919,Shakib Khan,False
8514,तारिणीप्रसाद कोइराला,Q13181715,Tarini Prasad Koirala,False
55014,विजय लामा,Q51337421,Vijaya Lama,False
133120,ऐतिहासिक भूगोल,Q384001,Historical geography,False
144100,सन् २०२५ म्यानमार भूकम्प,Q133574091,2025 Myanmar earthquake,False
127073,पस्मिना (कपडा),Q1051839,Pashmina (material),False
43496,कर्णाट वंश,Q12418527,Karnats of Mithila,False
57119,दोयम हुटिट्याउँ,Q979748,Yellow-wattled lapwing,False
86238,कबाली (२०१६ चलचित्र),Q20900127,Kabali,False
100231,एल साल्भादोर राष्ट्रिय फुटबल टोली,Q188228,El Salvador national football team,False
27944,पल्लीकोट,Q580141,Palkikot,False
143545,काँटेदार चिबे,Q742259,Fork-tailed drongo,False
80863,मूला,Q7224757,Daikon,False
141824,सेकेन्ड लेफ्टिनेन्ट,Q56826567,Second lieutenant,False
136400,फ्रेङ्क लोइड राइट,Q5604,Frank Lloyd Wright,False
133945,हाबर प्रक्रिया,Q213669,Haber process,False
50265,ब्रिया बेन्नेट,Q260757,Brea Bennett,False
92968,दुप्चेश्वर गाउँपालिका,Q31767310,Dupcheshwor Rural Municipality,False
12184,महाराजगन्ज जिल्ला,Q1356139,Maharajganj district,False
62811,केट ब्लान्चेट,Q80966,Cate Blanchett,False
135657,माथिल्लो हुग्दी जलविद्युत केन्द्र,Q104872839,Upper Hugdi Hydropower Station,False
101408,केटि निगम,Q485908,KT Corporation,False
114797,साउदी अरामको,Q679322,Saudi Aramco,False
78448,“प्राचीन मर्भ” राज्य एतिहासिक र सांस्कृतिक निकुञ्ज,Q193325,Merv,False
25390,बिष्णुप्रिया मणिपुरी,Q37059,Bishnupriya Manipuri,False
52618,ठूलोबन्सो,Q4830676,Axonopus compressus,False
102616,लक्की शेर्पा,Q38458829,Lucky Sherpa,False
57016,कालीकण्ठे सिस्कीन,Q27075864,Eurasian siskin,False
54064,रुबी राणा,Q7376370,Ruby Rana,False
824,ज्योतिष,Q34362,Astrology,False
62472,"अम्बिकेश्वरी मन्दिर, दाङ",Q4741483,Ambikeshwori Temple,False
118504,पाहुना: द लिटल भिजिटर्स,Q60737644,Pahuna: The Little Visitors,False
77901,अयुथाया ऐतिहासिक सहर,Q1025100,Ayutthaya Historical Park,False
126423,भूमि,Q11081619,Land,False
81488,जीवाणु,Q10876,Bacteria,False
9349,देवी-देवता,Q3396431,List of Hindu deities,False
3310,बागमती नदी,Q4461769,Bagmati River,False
55414,काँध,Q16363,Shoulder,False
12189,महोबा जिल्ला,Q1815322,Mahoba district,False
43299,कर्नाटक सङ्गीत,Q956883,Carnatic music,False
4667,मोन्ट ब्लाङ्क,Q583,Mont Blanc,False
18179,लालबाग उपविभाग,Q6480213,Lalbag subdivision,False
87269,के के मेनन,Q6380219,Kay Kay Menon,False
115237,दक्षिण एसियाली क्षेत्रीय सहयोग सङ्गठनको महासचिव,Q16255009,Secretary General of the South Asian Association for Regional Cooperation,False
25647,घरपालुवा चौरी गाई,Q13408062,Yak,False
87458,अलका याज्ञनिक,Q466826,Alka Yagnik,False
10475,भैरव अर्याल,Q13184473,Bhairav Aryal,False
34022,"कुवाकोट, स्याङ्जा",Q6449042,"Kuwakot, Syangja",False
102177,सहिद स्मारक सि-डिभिजन लिग,Q6777703,Martyr's Memorial C-Division League,False
107137,क्वान्टकास्ट,Q4047758,Quantcast,False
14516,आम्स्टर्डम,Q727,Amsterdam,False
23741,इनर्वा फुलवरीया,Q3418432,Inarwa Phulbariya,False
87263,मनमोहन कृष्णा,Q12445270,Manmohan Krishna,False
114960,नेपाल-भारत सम्बन्ध,Q6024273,India–Nepal relations,False
128623,अभिराम शर्मा,Q67866802,Abhiram Sharma,False
102446,बिलबोर्ड (पत्रिका),Q485240,Billboard (magazine),False
99964,कतार महिला राष्ट्रिय फुटबल टोली,Q7267152,Qatar women's national football team,False
53304,डेकेन्द्र थापा,Q3612209,Dekendra Thapa,False
87134,निशा शर्मा,Q27104347,Nisha Sharma (actor),False
56820,राजभद्राई,Q705505,Iberian grey shrike,False
52392,इथियोपिया,Q115,Ethiopia,False
6968,जाँ जोरेस,Q12688,Jean Jaurès,False
33114,पेउघा,Q3415410,Pyaugha,False
80436,जेनिफर गार्नर,Q172044,Jennifer Garner,False
148909,नटराज,Q23641297,Nataraja,False
99165,क्लियर,Q3680372,Clear (shampoo),False
147730,राखाइन राज्य,Q233838,Rakhine State,False
57020,चित्रकचरी,Q25383,Eurasian chaffinch,False
23080,डेलावेयर,Q1393,Delaware,False
29851,किसनपुर,Q3414705,Kisanpur,False
14585,जौनपुरी (राग),Q6164856,Jaunpuri (raga),False
107630,युएनछ्वान डियानसिन,Q5434486,Far EasTone,False
51896,डा. फ्यूचरिटी,Q3793866,Dr. Futurity,False
104973,नर शमशेर जङ्गबहादुर राणा,Q16017436,Nara Shumsher Jang Bahadur Rana,False
105355,मर्चेन्ट बैंक,Q1921438,Merchant bank,False
142526,सिन्थेटिक चित्र,Q96407327,Synthetic media,False
77801,महाबलीपुरममा रहेको स्मारकहरूको समूह,Q3522747,Group of Monuments at Mahabalipuram,False
3731,बिहुँकोट,Q3426621,Bihunkot,False
10337,"भोजपुर जिल्ला, भारत",Q49153,"Bhojpur district, India",False
4081,दर्ना,Q5224078,"Darna, Nepal",False
56892,कुमछिर्के कुथुर्के,Q26834012,Brown-headed barbet,False
146041,बाँझोपन,Q179399,Infertility,False
82680,लीसा रे,Q292949,Lisa Ray,False
123126,सुरवराम सुधाकर रेड्डी,Q58173,Suravaram Sudhakar Reddy,False
5042,सुलुबुङ,Q2789483,Sulubung,False
94871,फालेलुङ गाउँपालिका,Q52024781,Phalelung Rural Municipality,False
97489,मिचेल एकर्स,Q232508,Michelle Akers,False
58356,आई ईजिमा,Q1204617,Ai Iijima,False
10856,चट्याङ,Q33741,Lightning,False
119409,विक्की क्रिस्टिना बार्सिलोना,Q212123,Vicky Cristina Barcelona,False
35736,जलाशय,Q131681,Reservoir,False
100718,श्रेष्ठ,Q12944265,Shrestha,False
31553,सहिद स्मारक ए-डिभिजन लिग,Q163928,Martyr's Memorial A-Division League,False
122485,विधिशास्त्र,Q4932206,Jurisprudence,False
97998,पँजनी,Q25112692,Pajani system,False
87825,अनन्त तामाङ,Q21066269,Ananta Tamang,False
146755,जगदीश खरेल,Q136346444,Jagdish Kharel,False
72205,गुरुत्वाकर्षण अचर,Q18373,Gravitational constant,False
122660,नेपाल कम्युनिस्ट पार्टी (एकीकृत समाजवादी),Q108140275,Communist Party of Nepal (Unified Socialist),False
77503,दक्षिणी एसियाका विश्व सम्पदा क्षेत्रहरूको सूची,Q3399926,List of World Heritage Sites in Southern Asia,False
108671,फ्रिचार्ज,Q17053129,Freecharge,False
139810,रिचर्ड नील,Q1464697,Richard Neal,False
56651,तनकम्प खञ्जरी,Q796407,Hodgson's redstart,False
108560,२०१९ बङ्गलादेश डेङ्गु प्रकोप,Q66108456,2019 dengue outbreak in Bangladesh,False
132129,खलिफा बिन जायद अल नाहयान,Q1059948,Khalifa bin Zayed Al Nahyan,False
134161,रामसेतु,Q201743,Adam's Bridge,False
51580,मर्डर इन द मिउज,Q650508,Murder in the Mews,False
56902,कत्ले काठफोर,Q1272465,Streak-throated woodpecker,False
131180,योजक चिह्न,Q180309,Hyphen,False
103441,सुलोचना,Q3522833,Sulochana (wife of Indrajit),False
63719,विकी लभ्स अर्थ,Q16695775,Wiki Loves Earth,False
17474,रतलाम जिल्ला,Q2299164,Ratlam district,False
4719,झलकमान गन्धर्व,Q6190791,Jhalak Man Gandarbha,False
27185,बासबोटे,Q966639,Basabote,False
30347,जितपुरफेदी,Q3416221,Jitpurphedi,False
132276,२०२३ एसिसी पुरुष प्रिमियर कप,Q116980295,2023 ACC Men's Premier Cup,False
100182,पूर्ण राजतन्त्र,Q184558,Absolute monarchy,False
68898,समद्विबाहु त्रिभुज,Q875937,Isosceles triangle,False
127130,खनियाबास गाउँपालिका,Q30625428,Khaniyabas Rural Municipality,False
101098,परमहंस योगानन्द,Q312549,Paramahansa Yogananda,False
46689,जगतप्रकाश मल्ल,Q6122217,Jagat Prakasha Malla,False
98144,चिकित्सा विज्ञान,Q11190,Medicine,False
126003,फारबिसगञ्ज विमानस्थल,Q97704099,Forbesganj Airport,False
4363,अर्जुनचौपारी,Q3416065,Arjun Chaupari Rural Municipality,False
103055,एयर डाइनेष्टी हेलिकप्टर दुर्घटना,Q61896974,2019 Air Dynasty helicopter crash,False
4259,देवानटार,Q3410412,Dewantar,False
132676,झापा ३ (निर्वाचन क्षेत्र),Q104835860,Jhapa 3,False
131315,राय मल्ल,Q7298353,Raya Malla,False
32921,"कालिका, कञ्चनपुर",Q6352638,"Kalika, Kanchanpur",False
83086,मुग्धा गोडसे,Q6932094,Mugdha Godse,False
100057,सामी अल-जाबर,Q299555,Sami Al-Jaber,False
29131,मालारानी,Q3422852,Malarani,False
31035,जनक,Q1500207,Janaka,False
26022,भटाकाटीया,Q4901385,Bhatakatiya,False
113235,राणा - काङ्ग्रेस मन्त्रिपरिषद्,Q97260525,Mohan Shumsher Jung Bahadur Rana cabinet,False
85603,मोनिका लेविन्सकी,Q212659,Monica Lewinsky,False
54334,चन्द्र सावद,Q16233544,Chandra Sawad,False
113665,ग्रिस,Q41,Greece,False
31739,विद्युतीय इन्जिनियरिङ,Q43035,Electrical engineering,False
99972,कोसोभो,Q1246,Kosovo,False
129948,जल्धाका नदी,Q6126710,Jaldhaka River,False
51639,द सस्पिसियन (एनिमर्फ्स),Q7767572,The Suspicion (novel),False
75008,महिला विरुद्धका हिंसा,Q1800556,Violence against women,False
111134,रिया रिप्ली,Q56259738,Rhea Ripley,False
80963,जेनिफर स्टोन,Q229069,Jennifer Stone,False
61349,ब्रिट मोर्गन,Q2925769,Britt Morgan,False
17425,चन्डेल जिल्ला,Q2301769,Chandel district,False
94929,गढी गाउँपालिका,Q42896028,Gadhi Rural Municipality,False
148887,कालोपत्र,Q189259,Asphalt concrete,False
79078,मिकी माउस,Q11934,Mickey Mouse,False
53418,जङ्गली बयर,Q5236643,Ziziphus nummularia,False
136659,निमाडी भाषा,Q3502294,Nimadi language,False
29920,बराहक्षेत्र,Q4858196,Baraha Kshetra,False
3963,चिल्हिया,Q3410487,Chilhiya,False
4972,मौवा,Q2720146,Madhuca longifolia,False
103156,टाइटन,Q2565,Titan (moon),False
128578,उपमा कुमारी देव,Q63638793,Upama Kumari Dev,False
108957,ताइवान मोबाइल,Q5943259,Taiwan Mobile,False
111168,ललिपप (साङ्गीतिक समूह),Q3836525,Lollipop (Italian band),False
108554,यात्रा (कम्पनी),Q16968189,Yatra (company),False
74981,श्रोतमा कर कट्टी,Q15924654,Tax deduction at source,False
121110,म्याकार्थरिज्म,Q207066,McCarthyism,False
4245,देवघाट गाउँपालिका,Q105227665,Devghat Rural Municipality,False
31266,जिघौल,Q3425125,Jighaul,False
92764,अत्तरिया नगरपालिका,Q17581395,Attariya Municipality,False
31998,गार्मा,Q5523499,"Garma, Nepal",False
15414,लक्ष्मी गिरी,Q54855127,Laxmi Giri,False
135677,सभा खोला जलविद्युत केन्द्र,Q104872843,Sabha Khola Hydropower Station,False
122584,वसुन्धरा झरना,Q7917027,Vasudhara Falls,False
107652,सिलेट विभाग,Q459732,Sylhet Division,False
55093,राजसल्ला,Q1619002,Cupressus torulosa,False
72134,जोन अब्राहम,Q313025,John Abraham,False
125074,हरिदेवी कोइराला,Q110778340,Hari Devi Koirala,False
30343,गोलढुङ्गा,Q3418272,Goldhunga,False
85219,राघव जुयाल,Q16209728,Raghav Juyal,False
30852,लक्ष्मीपुरबगेवा,Q6505283,Lakshmipur Bagewa,False
18036,नमक्कल जिल्ला,Q15187,Namakkal district,False
83061,शिल्पा शिरोडकर,Q7496767,Shilpa Shirodkar,False
5531,अस्ट्रिया जनता पार्टी,Q186867,Austrian People's Party,False
58625,कालो मृत्यु,Q42005,Black Death,False
7547,पत्नी,Q188830,Wife,False
16023,तापक्रम,Q11466,Temperature,False
78992,ब्याटलग्राउन्ड,Q14427291,WWE Battleground,False
9767,मुजफ्फरपुर जिल्ला,Q77731,Muzaffarpur district,False
7434,कर्णाली राजमार्ग,Q6372821,Karnali Highway,False
134950,नागरी लिपि,Q1509215,Nāgarī script,False
27576,मादनकुँडारी,Q3423705,Madan Kundari,False
38564,स्टान्डर्ड चार्टर्ड बैङ्क नेपाल,Q7598199,Standard Chartered Bank Nepal,False
54396,चक्कु,Q32489,Knife,False
62389,जेन्नी पेपर,Q3076975,Jeannie Pepper,False
136554,पाण्डुवासुदेव,Q7130785,Panduvasdeva,False
106520,झिलमिला ताल,Q25099701,Jhilmila Lake,False
124870,निकोलस सारकोजी,Q329,Nicolas Sarkozy,False
125889,सराइकिस्तान,Q3200437,South Punjab Province movement,False
71070,सूरदास,Q1325652,Surdas,False
108305,बदरुद्दीन उमर,Q4841140,Badruddin Umar,False
130898,पुत्का मौरी,Q127768,Stingless bee,False
70743,उलानबटोर,Q23430,Ulaanbaatar,False
3703,भुजहवा,Q3413121,Bhujhawa,False
144477,भित्री एसिया,Q11212956,Inner Asia,False
100962,परोहा नगरपालिका,Q60763418,Paroha Municipality,False
4026,दाहाखानी,Q3412228,Dahakhani,False
137714,झेजियाङ,Q16967,Zhejiang,False
50879,लिन्ड्से लोहन,Q44903,Lindsay Lohan,False
94847,रफ्तार (र्‍यापर),Q19667472,Raftaar,False
100458,माइकल ड्वासन,Q59192,Michael Dawson (footballer),False
112508,पौडी गढवाल जिल्ला,Q2085474,Pauri Garhwal district,False
48142,पहेँलो नदी,Q7355,Yellow River,False
17173,स्भेरिन,Q1709,Schwerin,False
50976,"नेपालको तेस्रो राष्ट्रिय जनगणना, १९८७",Q13181798,1930 Nepal census,False
135773,भराडीसैँण,Q109715359,Bhararisain,False
29553,"थानपति, गुल्मी",Q3427353,Thanpati,False
14087,पनाति,Q19680017,Great-grandson,False
134261,कोस,Q6432930,Kos (unit),False
31675,पिप्रहवा,Q3420338,Piparhawa,False
125125,सुनिता डङ्गोल,Q112054571,Sunita Dangol,False
85795,स्विडेन राष्ट्रिय फुटबल टोली,Q160826,Sweden men's national football team,False
43545,मध्यम तरङ्ग,Q466814,Medium wave,False
56907,दार्जिलिङ काष्ठकुट,Q1276519,Darjeeling woodpecker,False
135791,फाउस्ता लाविया,Q4960422,Fausta Labia,False
80448,जुलिया रोबर्ट्स,Q40523,Julia Roberts,False
150432,भागलपुर,Q760714,Bhagalpur,False
58321,जेस्सी एन्ड्रिउज,Q272048,Jessie Andrews,False
43327,कार्तिकेय,Q380817,Kartikeya,False
68772,यहुदी धर्म,Q9268,Judaism,False
147639,तात्तोरी,Q133935,Tottori Prefecture,False
68598,जेनेट एलन,Q263725,Janet Yellen,False
26970,कुदाकाउले,Q3428533,Kudak Kaule,False
87462,जसपिन्दर नरूला,Q6164123,Jaspinder Narula,False
18199,रायगञ्ज उपविभाग,Q7283823,Raiganj subdivision,False
100856,इतिसालात (श्रीलङ्का),Q5337762,Etisalat (Sri Lanka),False
83089,जुबेदा,Q227513,Zubeida,False
93211,कश वंश,Q243312,Kassites,False
68195,पायल शाक्य,Q7156652,Payal Shakya,False
121010,सेक्रेट इन्टिलिजेन्स सर्भिस,Q184560,MI6,False
81377,मीरा जैस्मीन,Q3519669,Meera Jasmine,False
83852,पोर्चुगल राष्ट्रिय क्रिकेट टोली,Q7232567,Portugal national cricket team,False
23570,तापेथोक,Q3425429,Tapethok,False
48489,भारतीय निर्वाचन आयोग,Q2724317,Election Commission of India,False
43724,दूरसञ्चार,Q418,Telecommunications,False
140931,याह्या खान,Q333981,Yahya Khan,False
58765,बब हक,Q269372,Bob Hawke,False
100144,इथियोपिया महिला राष्ट्रिय फुटबल टोली,Q257422,Ethiopia women's national football team,False
109422,सिन्धु घाटीको सभ्यता,Q42534,Indus Valley Civilisation,False
110569,चीनको ठूलो भोकमरी,Q2454958,Great Chinese Famine,False
12209,बाराबंकी जिल्ला,Q633114,Barabanki district,False
146356,छल गरेर बलात्कार,Q7293885,Rape by deception,False
122579,मोहम्मद अहमदिनेजाद,Q34448,Mahmoud Ahmadinejad,False
56361,गाजले भद्राइभ्याकुर,Q746109,Black-eared shrike-babbler,False
56387,नेपाली डिकुरेभ्याकुर,Q3726823,Nepal cupwing,False
57104,लामाऔंले,Q753755,Bronze-winged jacana,False
54276,एसिसी टि-ट्वान्टी कप २०१३,Q13625169,2013 ACC Twenty20 Cup,False
104120,बालुवाटार,Q4853109,"Baluwatar, Kathmandu",False
56993,कैंचीठुँडे,Q26552,Red crossbill,False
102971,कालिका (स्पष्टता),Q6352642,Kalika,False
120879,मार्भल सिनेमेटिक युनिभर्स: पहिलो चरण,Q51963292,Marvel Cinematic Universe: Phase One,False
105568,जीत गाङ्गुली,Q6172986,Jeet Gannguli,False
137956,सतनाम सिंह सन्धु,Q124391544,Satnam Singh Sandhu,False
20481,मुक्केबाजी,Q32112,Boxing,False
32004,गुदेल,Q3429300,Gudel,False
29780,पार्क जि-सुङ,Q50603,Park Ji-sung,False
58379,पुतली फूल,Q1630964,Ipomoea purpurea,False
115527,आइ (चलचित्र),Q12975794,I (2015 film),False
86553,आमिर अली,Q4661483,Aamir Ali,False
83232,सुचित्रा कृष्णमूर्ति,Q1628807,Suchitra Krishnamoorthi,False
100019,ह्यारी विङ्क्स,Q18638184,Harry Winks,False
147755,सन् २०२३ पाकिस्तानी जनगणना,Q110300621,2023 Pakistani census,False
28777,विश्व खाद्य दिवस,Q465003,World Food Day,False
31559,कुइभीर,Q3414741,Kuibhir,False
78247,बुखराको एतिहासिक केन्द्र,Q5764,Bukhara,False
23743,ओद्राहा,Q7110255,Odraha,False
132596,ललितपुर २ (निर्वाचन क्षेत्र),Q104876090,Lalitpur 2,False
108083,चीन मोबाइल थिएथोङ,Q5099934,China Mobile Tietong,False
121587,संयुक्त राष्ट्रसङ्घको वडापत्रको छैटौँ अध्याय,Q5073513,Chapter VI of the United Nations Charter,False
129718,हिक्मतकुमार कार्की,Q116172785,Hikmat Kumar Karki,False
128543,चपाती,Q752006,Chapati,False
137095,जियाना डियोर,Q60995086,Gianna Dior,False
24111,विमानस्थल,Q1248784,Airport,False
9769,विवाह,Q8445,Marriage,False
31327,सोनमति मझौरा,Q3415556,Sonmati Majhaura,False
146128,अन्तर्राष्ट्रिय महिला गठबन्धन,Q1666316,International Alliance of Women,False
102055,भीटेन,Q61954855,VTEN,False
87771,बम शाह,Q27536243,Bam Shah,False
114915,गोकुन,Q1052340,Gokkun,False
29049,हाँकु,Q5640610,"Haku, Jumla",False
100474,पपुवा न्युगिनी राष्ट्रिय फुटबल टोली,Q477647,Papua New Guinea national soccer team,False
3957,छुसाङ,Q3213274,Chhusang,False
44311,मास्टर अफ द गेम,Q1317735,Master of the Game (novel),False
136926,२०२३ एएफसी एसियाली कप,Q20779252,2023 AFC Asian Cup,False
52343,परबर,Q2724295,Trichosanthes dioica,False
122068,युइएफए युरो २०२० समूह घ,Q72388438,UEFA Euro 2020 Group D,False
52530,दरबार हाई स्कुल,Q5316308,Durbar High School,False
1093,गुगल,Q95,Google,False
143684,उर्मिला थेबे,Q115786143,Urmila Thebe,False
4209,स्पाइडर-म्यान २,Q190145,Spider-Man 2,False
58582,ओलम्पिया,Q80344,Mount Olympus,False
79990,प्रकाश पादुकोण,Q1391342,Prakash Padukone,False
82359,जिका भाइरस,Q202864,Zika virus,False
3886,बुढाकोट,Q3413349,Budhakot,False
145186,लिउ शाओकी,Q16988,Liu Shaoqi,False
78442,चिनियाँ कम्युनिस्ट पार्टी,Q17427,Chinese Communist Party,False
54530,अन्तरवस्त्र,Q198763,Underwear,False
130088,पदम गिरी,Q72267172,Padam Giri,False
143677,कालुराम राई,Q115786153,Kaluram Rai,False
113981,नाओमी स्कट,Q254894,Naomi Scott,False
33181,तार्कु,Q7479393,"Tarku, Nepal",False
58246,लामोठुँडे गिद्ध,Q248086,Indian vulture,False
127166,पकहाँ मैनपुर गाउँपालिका,Q60774433,Pakaha Mainpur Rural Municipality,False
99746,सीरिया राष्ट्रिय फुटबल टोली,Q272097,Syria national football team,False
56770,सानो गोकुल,Q653049,Lesser coucal,False
110669,गोपाल किराँती,Q3110783,Gopal Kirati,False
48135,केन नदी,Q3322395,Ken River,False
17535,अलवर जिल्ला,Q449690,Alwar district,False
23409,हात्तीमुडा,Q3415918,Hathimudha,False
3941,छिन्चु,Q3412353,Chhinchu,False
111666,महाप्रसाद अधिकारी,Q97260768,Maha Prasad Adhikari,False
77713,मध्य अफ्रिकी गणतन्त्रका विश्व सम्पदा क्षेत्रहरूको सूची,Q6357143,List of World Heritage Sites in Central African Republic,False
80731,प्रकाश राज,Q1322453,Prakash Raj,False
127963,रेडिङ् एफ्.सी.,Q18729,Reading F.C.,False
150575,घुम रेलवे स्टेशन,Q60181073,Ghum railway station,False
14137,ठूली भेरी,Q7798764,Thuli Bheri River,False
140525,दोस्रो मातृकाप्रसाद कोइराला मन्त्रिपरिषद्,Q104833794,Second Matrika Prasad Koirala cabinet,False
83093,हिलारी डफ,Q122020,Hilary Duff,False
29074,अन्तर्राष्ट्रिय क्रिकेट परिषद्,Q722694,International Cricket Council,False
9192,एभरेस्ट बैङ्क,Q19670967,Everest Bank,False
32297,ओखरबोट,Q3417142,Okharbot,False
72063,गारफिल्ड सोबर्स,Q981485,Garfield Sobers,False
51536,स्पार्किङ साइनाइड,Q883098,Sparkling Cyanide,False
68359,जेरुसेलम,Q1218,Jerusalem,False
12992,खरी,Q255375,Celtis australis,False
78185,एटलान्टिक वन दक्षिण-पूर्व निकुञ्ज,Q559784,Serra do Mar,False
146791,डक्ट (प्रवाह),Q1453244,Duct (flow),False
83038,प्रीति सागर,Q7239780,Preeti Sagar,False
74557,भेरीगङ्गा नगरपालिका,Q19682091,Bheriganga,False
86607,मनिन्दर सिंह,Q17581436,Maninder Singh (actor),False
4978,कोइरालो,Q840341,Bauhinia variegata,False
55309,विप्रेषण,Q1351807,Remittance,False
25837,टीकापुर नगरपालिका,Q1659926,Tikapur,False
7430,पृथ्वी राजमार्ग,Q7245961,Prithvi Highway,False
138558,हाम्रो साझा भविष्य,Q1891928,Our Common Future,False
31570,तलुवा,Q3419648,Taluwa,False
100961,मृणाल सेन,Q982809,Mrinal Sen,False
18243,फेब्रुअरी,Q109,February,False
125044,सुर्खेत २ (निर्वाचन क्षेत्र),Q104876746,Surkhet 2,False
58638,ब्याकारेट,Q319282,"Baccarat, Meurthe-et-Moselle",False
124688,ह्यारी म्यागुइर,Q165772,Harry Maguire,False
12974,पाङ्ग्रा,Q446,Wheel,False
69890,थर्मोमिटर,Q646,Thermometer,False
51532,"वन, टु, बकल माई सू (उपन्यास)",Q465649,"One, Two, Buckle My Shoe (novel)",False
143942,हेनरी डुनान्ट,Q12091,Henry Dunant,False
85161,राणा दग्गुबाती,Q3418709,Rana Daggubati,False
94942,चन्द्रशेखर महादेव मन्दिर,Q5071450,Chandrasekhara Mahadeva Temple,False
56398,कानटाटे तोरीगाँडा,Q27075531,Black-faced laughingthrush,False
90285,दाऊदको शहर,Q1177750,City of David (archaeological site),False
12539,अल्लो,Q130231,Girardinia diversifolia,False
56479,खैरो गौँथली,Q25377,Common swift,False
79959,नेपालको संविधान २०७२,Q24291597,Constitution of Nepal 2015,False
3274,जलुके,Q954649,Juluke,False
132511,दाङ ३ (निर्वाचन क्षेत्र),Q104879718,Dang 3,False
138375,दैत्य,Q2077121,Daitya,False
33253,"नारायणस्थान, बागलुङ",Q3422436,Narayansthan,False
32379,बाँझकाँडा,Q3423720,Bajh Kanda,False
87665,वसीम अक्रम,Q982801,Wasim Akram,False
47616,एन्ड्र्यु गारफिल्ड,Q23891,Andrew Garfield,False
130489,अपभ्रंश,Q616419,Apabhraṃśa,False
115488,ह्वाट विल पिपल से,Q42293829,What Will People Say,False
3381,रेडियो,Q872,Radio,False
99087,नेपाल प्रताप भास्कर,Q6994387,Nepal Pratap Bhaskara,False
30848,लक्ष्मीनिवास,Q6505265,Lakshminibas,False
150874,फेरान तोरेस,Q44297797,Ferran Torres,False
133911,जार,Q44356,Tsar,False
129898,लुन्टसे जिल्ला,Q598793,Lhuntse District,False
33148,भिक्टर भ्यालडेस,Q47548,Víctor Valdés,False
12553,२०१० फिफा विश्वकप,Q176883,2010 FIFA World Cup,False
23774,त्रिकोल,Q3416455,Trikola,False
14498,कतार एयरवेज,Q208033,Qatar Airways,False
43621,लिनक्स बितरणहरूको सूची,Q1064207,Comparison of Linux distributions,False
136594,लिथुआनियाली भाषा,Q9083,Lithuanian language,False
147651,यामानासी,Q394312,Yamanashi,False
129172,अन्तर्राष्ट्रिय संस्कृत लिप्यन्तरण वर्णमाला,Q194486,International Alphabet of Sanskrit Transliteration,False
121218,प्रोफेसर (मनी हाइस्ट),Q55194580,Professor (Money Heist),False
52677,हाडे बयर,Q8072937,Ziziphus incurva,False
123675,सहिद स्मारक ए-डिभिजन लिग २०७८,Q107537972,2021–22 Martyr's Memorial A-Division League,False
100269,२०१२ अफ्रिकी राष्ट्र कप,Q218208,2012 Africa Cup of Nations,False
79732,अन्तर्राष्ट्रिय नागरिक उड्डयन सङ्गठन विमानस्थल कोड,Q207529,ICAO airport code,False
79703,नयनराज पाण्डे,Q25620608,Nayan Raj Pandey,False
69731,यातायात,Q7590,Transport,False
29219,झ्याकु,Q3424693,Jhyaku,False
28056,फोईमहादेव,Q7187056,Phoi Mahadev,False
122069,युइएफए युरो २०२० समूह ङ,Q72388457,UEFA Euro 2020 Group E,False
98468,बिलबोर्ड हट १००,Q180072,Billboard Hot 100,False
56738,मझौला माटीकोरे,Q832565,Blyth's kingfisher,False
23780,पातो,Q7001465,"Pato, Nepal",False
3815,चाक्सीबोटे,Q3411727,Chaksibote,False
18687,भारतीय स्टेट बैङ्क,Q1340361,State Bank of India,False
102152,शिवाजी साटम,Q7499289,Shivaji Satam,False
56652,ध्याप्ची खञ्जरी,Q26755,Black redstart,False
13697,सत्यजित राय,Q8873,Satyajit Ray,False
43151,बस्नेत,Q4867811,Basnet,False
2758,मुस्ताङ जिल्ला,Q2239575,Mustang District,False
149011,अमृत,Q258267,Amrita,False
76271,बडीमालिका नगरपालिका,Q20822699,Badimalika,False
31290,"भगवानपुर, सिराहा",Q4900630,"Bhagawanpur, Siraha",False
141580,अजरबैजानी मनात चिह्न,Q25382441,Azerbaijani manat sign,False
117606,अ जर्नी अफ सम्यक बुद्ध,Q15059369,A Journey of Samyak Buddha,False
42551,छाता,Q41607,Umbrella,False
83104,रिटा भादुडी,Q7336478,Rita Bhaduri,False
125919,प्रेमलता अग्रवाल,Q7240489,Premlata Agrawal,False
149079,ध्रुव,Q1207769,Dhruva,False
95224,वेदान्त,Q2512051,Vedanta,False
63277,महाकालेश्वर,Q2721992,Mahakaleshwar Jyotirlinga,False
17298,तमिलनाडुका जिल्लाहरू,Q1268586,List of districts of Tamil Nadu,False
54129,अनित्य,Q129261421,Impermanence (Buddhism),False
46671,मोटोपन,Q12174,Obesity,False
56729,छिरबिरे माटीकोरे,Q320043,Pied kingfisher,False
57876,माध्यमिक विद्यालय,Q159334,Secondary school,False
85494,शिवाय,Q19605737,Shivaay,False
12609,ए मिडसमर नाइट्स ड्रिम,Q104871,A Midsummer Night's Dream,False
62150,हलेसी महादेव,Q18377239,Halesi Mahadev Temple,False
69323,भोल्टमिटर,Q179741,Voltmeter,False
87735,एड्रियन प्रधान,Q16734689,Adrian Pradhan,False
65707,दक्षिण कोरिया राष्ट्रिय फुटबल टोली,Q543842,South Korea national football team,False
23812,मलहनमा,Q3424502,Malhanama,False
27568,शारदा बतासे,Q3415539,Sarada Batase,False
31555,खानु,Q213449,Eating,False
128702,नास्त्रेदमस,Q39978,Nostradamus,False
18151,रामपुरहाट उपविभाग,Q7290076,Rampurhat subdivision,False
27897,सहलकोट,Q3418955,Sahalkot,False
2329,क्यान्सर शल्यचिकित्सा,Q3545481,Surgical oncology,False
122576,हसन रुहानी,Q348144,Hassan Rouhani,False
32150,सल्यानकोट,Q3414660,Salyankot,False
24072,रियाद,Q3692,Riyadh,False
4036,दमक नगरपालिका,Q1458001,Damak Municipality,False
51312,सिक्किमका राज्यपालहरूको सूची,Q43339,List of governors of Sikkim,False
31520,"रामपुर, रामेछाप",Q7238589,"Rampur, Ramechhap",False
132010,मेलानेसिया,Q37394,Melanesia,False
86894,अक्षय खन्ना,Q421581,Akshaye Khanna,False
58634,टेरेन्स होवार्ड,Q296500,Terrence Howard,False
93409,सारिका ठाकुर,Q3595187,Sarika,False
122550,काँचो पदार्थ,Q192355,Raw material,False
99071,सर्जियो रामोस,Q483309,Sergio Ramos,False
26178,जुगाँर,Q6312700,"Jungar, Nepal",False
150651,किच्काल्न्या,Q18780300,Kichkalnya,False
51148,टकेटिभ म्यान,Q7679718,Talkative Man,False
9368,अरुबा,Q21203,Aruba,False
46412,मैनबत्ती,Q12888135,Candle,False
16762,अन्तर्राष्ट्रिय कृषि विकास कोष,Q689859,International Fund for Agricultural Development,False
93926,राम शाह,Q20933609,Ram Shah,False
119448,गुची,Q178516,Gucci,False
87069,ग्र्यान्ड थेफ्ट अटो पाँचौँ,Q17452,Grand Theft Auto V,False
56375,रातोटाउके घाँसे भ्याकुर,Q82745,Chestnut-capped babbler,False
23401,सिजुवा,Q3419480,Sijuwa,False
31519,"लखनपुर, रामेछाप",Q268687,"Lakhanpur, Ramechhap",False
122253,तरलता सङ्कट,Q3002739,Liquidity crisis,False
103189,खैर्याउनिकता,Q8354594,Gray asexuality,False
137370,अन्तर्राष्ट्रिय मानकीकरण सङ्गठन,Q15028,International Organization for Standardization,False
17476,मन्दसौर जिल्ला,Q1870014,Mandsaur district,False
70371,अनुक्रम,Q133250,Sequence,False
77905,सुखोथाइ ऐतिहासिक पार्क,Q423654,Sukhothai Historical Park,False
12917,पुल,Q12280,Bridge,False
129684,शतपथ ब्राह्मण,Q676774,Shatapatha Brahmana,False
138410,रक्षा मन्त्रालय (भारत),Q2641653,Ministry of Defence (India),False
61693,दुलालथोक,Q15631533,Dulalthok,False
89223,राशी खन्ना,Q17386171,Raashii Khanna,False
33073,बाबियो,Q5408745,Eulaliopsis binata,False
97969,श्रीपेच,Q65398748,Shripech,False
99598,डेनमार्क राष्ट्रिय फुटबल टोली,Q131785,Denmark national football team,False
84750,युइयफए युरो २०१६ फाइनल,Q21715205,UEFA Euro 2016 final,False
16439,जर्ज वासिङ्टन,Q23,George Washington,False
8229,जनघनत्व,Q22856,Population density,False
65253,ठिँगुरे सल्लो,Q476189,Tsuga dumosa,False
23900,एफएम,Q1368380,FM broadcasting,False
108179,मोहम्मद जुनायेद सिद्दिकी,Q3348188,Junaid Siddique,False
30573,दीपक लिम्बू,Q17916926,Deepak Limbu,False
136943,ट्वेल्फ्थ फेल,Q122921105,12th Fail,False
23320,जुरोपानी,Q6315400,Juropani,False
135437,होक्काइडो,Q35581,Hokkaido,False
142668,विभक्ति,Q134316,Adposition,False
49413,अग्नि एयर दुर्घटना २०६९ जेठ १,Q394864,Agni Air Flight CHT,False
147797,पाकिस्तानको जनसाङ्ख्यिकी,Q679314,Demographics of Pakistan,False
133488,निर्मल जिल्ला,Q28169750,Nirmal district,False
68424,सानिया मिर्जा,Q132147,Sania Mirza,False
94866,सिरिजङ्घा गाउँपालिका,Q30626178,Sirijangha Rural Municipality,False
46254,गोपालप्रसाद रिमाल,Q5584193,Gopal Prasad Rimal,False
85933,प्रो कबड्डी लिग,Q17069491,Pro Kabaddi League,False
78648,ग्रोस मोर्ने राष्ट्रिय निकुञ्ज,Q257598,Gros Morne National Park,False
24833,लङ्गुर,Q721407,Semnopithecus,False
80111,फराह खान,Q167636,Farah Khan,False
70973,नामकरण संस्कार,Q2572489,Nāmakaraṇa,False
56774,चिबे कोइली,Q2998698,Fork-tailed drongo-cuckoo,False
10434,"तातोपानी, सिन्धुपाल्चोक",Q3411015,"Tatopani, Sindhupalchok",False
144333,युक्रेनको झन्डा,Q127974,Flag of Ukraine,False
102970,तातोपानी,Q7688222,Tatopani,False
149900,दुःख (फन गोख),Q13107262,Sorrow (Van Gogh),False
88349,सेन्जेन,Q15174,Shenzhen,False
138401,नवराज सुवेदी,Q26720724,Nava Raj Subedi,False
144209,मार्को रुबियो,Q324546,Marco Rubio,False
33979,साङ्ख्यकारिका,Q2088920,Samkhyakarika,False
33144,ज्याभिअर मासेरानो,Q161571,Javier Mascherano,False
74334,बिउ,Q40763,Seed,False
14185,कुमार बस्नेत,Q19671443,Kumar Basnet,False
100066,एङ्गोला राष्ट्रिय फुटबल टोली,Q192828,Angola national football team,False
77943,लेङ्गगोङ,Q3449469,Lenggong,False
12735,पशुपति,Q2055566,Pashupati,False
42676,अमीर खुसरो,Q207817,Amir Khusrau,False
18177,बहरमपुर उपविभाग,Q4860648,Berhampore subdivision,False
148930,गजलक्ष्मी,Q5517538,Gajalakshmi,False
115336,सोभिता धुलिपाला,Q16234497,Sobhita Dhulipala,False
60528,प्रेमबहादुर कंसाकार,Q7240120,Prem Bahadur Kansakar,False
71438,त्रिमूर्ति,Q9595,Trimurti,False
143981,बलिदान (चलचित्र),Q47465219,Balidaan (1997 film),False
5832,धुपू,Q3410323,Dhupu,False
32006,टाप्टिङ,Q3427209,Tapting,False
55118,रत्ती,Q7295967,Ratti (unit),False
135972,सानी भेरी नदी,Q21000181,Sani Bheri River,False
53560,घिउ,Q323225,Ghee,False
68635,सुनिता विलियम्स,Q55177,Sunita Williams,False
81177,चार्वाक दर्शन,Q477243,Charvaka,False
57172,वनबाज,Q25380,Eurasian sparrowhawk,False
97016,कोङ्कणी भाषा,Q34239,Konkani language,False
83409,नीतू चन्द्रा,Q3535247,Nitu Chandra,False
134266,संयुक्त अरब इमिरेट्सको झण्डा,Q134247,Flag of the United Arab Emirates,False
71110,अन्नप्राशन संस्कार,Q2572463,Annaprashana,False
29679,लहँ,Q3417091,"Lahai, Bheri Zone",False
91299,बन्दाको पुतली,Q26764,Pieris brassicae,False
52054,"फोस्टर, युआर डेड!",Q8564908,"Foster, You're Dead!",False
17279,दुमका जिल्ला,Q2577657,Dumka district,False
77714,चाडका विश्व सम्पदा क्षेत्रहरूको सूची,Q4435462,List of World Heritage Sites in Chad,False
77601,माडागास्करका विश्व सम्पदा क्षेत्रहरूको सूची,Q1092535,List of World Heritage Sites in Madagascar,False
79043,झलारी पिपलाडी नगरपालिका,Q20736200,Jhalari-Pipaladi Municipality,False
77791,चम्पानेर पावागढ पुरातत्विक निकुञ्ज,Q844427,Champaner-Pavagadh Archaeological Park,False
100320,हाइटी राष्ट्रिय फुटबल टोली,Q236006,Haiti national football team,False
47916,किम्बु,Q44789,Morus (plant),False
50459,क्यापासिटर,Q5322,Capacitor,False
139986,एमिली विलिस,Q56057107,Emily Willis,False
51517,डेथ इन द क्लाउड्स,Q604922,Death in the Clouds,False
46397,बोलिभिया,Q750,Bolivia,False
32962,माझफाल,Q3417199,Majhphal,False
10402,कुसापानी,Q3413884,Kusapani,False
100094,एरिक लामेला,Q337617,Erik Lamela,False
134049,टिग्रिस नदी,Q35591,Tigris,False
73603,सहायक सेनानी,Q10918728,Sub-lieutenant,False
100064,इजिप्ट महिला राष्ट्रिय फुटबल टोली,Q253688,Egypt women's national football team,False
23448,शिव परियार,Q19684138,Shiva Pariyar,False
141501,सिमलताल दुर्घटना,Q127923244,Madan Ashrit Highway disaster,False
132469,बन्दरगाह,Q44782,Port,False
25974,ऋषिदह,Q3423600,Risidaha,False
63564,घरपालुवा लौकाट,Q12299829,Domestic guinea fowl,False
15887,ब्रिटेन,Q4798430,Britain,False
85942,दक्षिण एसियाली खेलकुद २००६,Q878196,2006 South Asian Games,False
141198,मासेयो,Q168888,Maceió,False
100935,पेलेफाेन,Q1536651,Pelephone,False
101519,संयुक्त राष्ट्रसङ्घका विशिष्टीकृत संस्थाहरू,Q14638071,List of specialized agencies of the United Nations,False
135357,राजतन्त्रवाद,Q216669,Monarchism,False
66673,मलेशिया एयरलाइन्स फ्लाइट १७,Q17374096,Malaysia Airlines Flight 17,False
29854,लालबन्दी नगरपालिका,Q3421873,Lalbandi,False
63441,गिनी पिग,Q79803,Guinea pig,False
47550,नेपाल कम्युनिष्ट पार्टी (जनमुखी),Q4895837,Communist Party of Nepal (Janamukhi),False
122494,उत्तर प्रदेश आयुर्विज्ञान विश्वविद्यालय,Q23808450,Uttar Pradesh University of Medical Sciences,False
118009,सन्त सोयराबाई,Q16259032,Sant Soyarabai,False
110535,लभ आज कल (२०२० चलचित्र),Q64768455,Love Aaj Kal (2020 film),False
148561,चाउचाउ,Q192874,Noodle,False
110848,काङ ला,Q65040495,Kang La Pass,False
97476,अमिना जे मोहम्मद,Q4746340,Amina J. Mohammed,False
76109,फेमिना मिस इन्डिया,Q2014576,Femina Miss India,False
13277,गोरखापत्र संस्थान,Q13180729,Gorkhapatra Sansthan,False
23200,मिक्सोडेमा,Q966229,Myxedema,False
81764,द वासिङ्टन पोस्ट,Q166032,The Washington Post,False
12127,गुलरिया नगरपालिका,Q1765809,Gulariya,False
58339,बोंनी रोटन,Q11838475,Bonnie Rotten,False
7417,नेपालको एकीकरण,Q7884900,Unification of Nepal,False
32601,"लखनपुर, पर्सा",Q6479524,"Lakhanpur, Parsa",False
77899,अस्तित्ववाद,Q38066,Existentialism,False
150760,हयात रिजेन्सी काठमाडौँ,Q18350485,Hyatt Regency Kathmandu,False
68646,गिनी रोमेटी,Q49971,Ginni Rometty,False
135121,नारा चन्द्रबाबु नायडु,Q3518013,N. Chandrababu Naidu,False
50263,राकेल लिक्की,Q6305846,Rakel Liekki,False
29850,खुटौना,Q3424658,Khutauna,False
27874,वाकामलाङ,Q12942604,Bakamalang,False
1953,एन्डोरा,Q228,Andorra,False
56510,पीतोदर ढुङ्गेफिस्टो,Q3239209,Sulphur-bellied warbler,False
74827,हुवावे,Q160120,Huawei,False
7573,त्रिभुवन विश्वविद्यालय केन्द्रीय पुस्तकालय,Q13181832,Tribhuvan University Central Library,False
79115,ओपोल,Q92212,Opole,False
67685,इबोला,Q51993,Ebola,False
146744,जापानको सम्राट,Q208233,Emperor of Japan,False
143671,दीपा शर्मा,Q116055689,Deepa Sharma,False
4893,भण्डारी,Q13184238,Bhandari,False
35742,खुम्जुङ,Q583316,Khumjung,False
26201,"राङ्सी, रोल्पा",Q7292925,"Rangsi, Rolpa",False
118634,पारलैङ्गिक व्यक्तिहरूको अधिकार,Q6517455,Legal status of transgender people,False
122441,चाँदनी चोक,Q3236763,Chandni Chowk,False
26332,भलुहीभरवलिया,Q4900930,Bhaluwai Arwaliya,False
69480,दूर दृष्टि,Q177254,Farsightedness,False
29211,कालिन्चोक गाँउपालिका,Q3426793,Kalinchowk Rural Municipality,False
47533,आम निर्वाचन २०१५,Q6994495,1959 Nepalese general election,False
149257,ससेक्सकी डचेस मेगन,Q3304418,"Meghan, Duchess of Sussex",False
124609,"राष्ट्रिय कला सङ्ग्रहालय, युक्रेन",Q1189277,National Art Museum of Ukraine,False
95315,डोल्पोपा,Q509416,Dolpopa Sherab Gyaltsen,False
103496,रेखा पौडेल,Q130213085,Rekha Poudel,False
5149,राष्ट्रिय योजना आयोग (नेपाल),Q13185523,National Planning Commission of Nepal,False
138030,सिद्धार्थ राजमार्ग,Q18358419,Siddhartha Highway,False
32306,शिख,Q7238904,"Shikha, Nepal",False
56207,सिलसिले,Q244284,Lesser whistling duck,False
33191,प्यार्जुङ,Q3415836,Pyarjung,False
110897,नियन्त्रक ब्याज,Q1956246,Controlling interest,False
13497,पूजा,Q10937578,Puja (Hinduism),False
50034,घोडताप्रे,Q324714,Centella asiatica,False
146073,बङ्गलादेशको प्रथम महिला,Q39056955,First Lady of Bangladesh,False
108312,ताला उपजिल्ला,Q3351184,Tala Upazila,False
70360,विपरीत फलन,Q191884,Inverse function,False
136547,उवा प्रदेश,Q876293,Uva Province,False
26308,पिपराढिगोठ,Q6650512,Pipradhi Goth,False
65120,क्यामरा,Q15328,Camera,False
137612,राष्ट्रिय सम्मेलन (फ्रान्स),Q219825,National Convention,False
55614,डुम्री,Q713794,Ficus racemosa,False
129240,बेल्हारे भाषा,Q32961,Belhare language,False
97057,मारवाडी भाषा,Q56312,Marwari language,False
140662,२०२४ ग्रीष्मकालीन ओलम्पिक,Q995653,2024 Summer Olympics,False
17517,पुणे जिल्ला,Q1797336,Pune district,False
54832,फूल फुल्ने वनस्पति,Q25314,Flowering plant,False
128798,मनहरी गाउँपालिका,Q3418380,Manahari Rural Municipality,False
7743,दालभात,Q929364,Dal bhat,False
50605,टाईटन तृतीय ई,Q1187262,Titan IIIE,False
83219,प्राची शाह,Q7237298,Prachee Shah Paandya,False
80898,संयुक्त राज्य अमेरिका अन्डर-१९ राष्ट्रिय क्रिकेट टोली,Q7892251,United States national under-19 cricket team,False
98521,प्रदीप खड्का,Q54854343,Pradeep Khadka,False
17645,पूर्व सिक्किम जिल्ला,Q1772832,East Sikkim district,False
138023,अपराध,Q83267,Crime,False
27590,सिमलचौर श्यामपाटी,Q3427752,Simalchour Syampati,False
97730,बोरिस येल्तसिन,Q34453,Boris Yeltsin,False
134126,नगर पञ्चायत,Q2322432,Nagar panchayat,False
12646,लौकाट,Q171953,Guinea fowl,False
55464,बिचौलिया,Q1666223,Intermediary,False
91315,इन्टरनेट तटस्थता,Q853467,Net neutrality,False
83847,मोजाम्बिक राष्ट्रिय क्रिकेट टोली,Q17103087,Mozambique national cricket team,False
9410,मोनाल,Q569957,Monal,False
106920,कम्पिट डटकम,Q2011597,Compete.com,False
23183,लाखमरी,Q6479489,Lakhamari,False
91061,भारतमा साक्षरता,Q3345045,Literacy in India,False
60658,जोन डाइफेनबेकर,Q128614,John Diefenbaker,False
105555,२०१९ क्रिकेट विश्वकप फाइनल,Q60740837,2019 Cricket World Cup final,False
106087,तुष्टिकरण,Q620737,Appeasement,False
140768,भद्रबाहु,Q3524867,Bhadrabāhu,False
111073,उत्तर (महाभारत),Q4209828,Uttara (Mahabharata),False
52461,हँसिया,Q42233,Sickle,False
142229,जैविक सूचना विज्ञान,Q128570,Bioinformatics,False
130527,ब्राह्मी लिपिहरू,Q467037,Brahmic scripts,False
105004,अस्वीकार्य व्यक्ति,Q183424,Persona non grata,False
54255,कन्तरा,Q159447,Averrhoa carambola,False
123583,मोक्षभूमि,Q109534198,Mokshabhumi,False
18184,रानाघाट उपविभाग,Q7290700,Ranaghat subdivision,False
73534,रघुराम राजन,Q981496,Raghuram Rajan,False
121290,जनसङ्ख्या अनुसार देश तथा आश्रित क्षेत्रहरूको सूची,Q712280,List of countries and dependencies by population,False
126348,बूढी औँला,Q83360,Thumb,False
78838,सिटाडेले लाफेररिएर,Q206194,Citadelle Laferrière,False
98823,पिएर–एमरिक ओबामयाँग,Q44977,Pierre-Emerick Aubameyang,False
47850,कारगिल,Q2088176,Kargil,False
62785,आइओएस जेलब्रेकिङ,Q305918,IOS jailbreaking,False
4249,देवीनगर,Q3414072,Devinagar,False
64172,केन्या,Q114,Kenya,False
4527,अर्थशास्त्र,Q8134,Economics,False
46044,दि तिब्बतीय बुक अफ लिभिङ एण्ड डाइङ,Q2588558,The Tibetan Book of Living and Dying,False
47562,हिन्दु प्रजातान्त्रिक पार्टी,Q5766353,Hindu Prajatantrik Party,False
80613,युसि ब्राउजर,Q2474765,UC Browser,False
141928,यहुदी नरसंहार,Q2763,The Holocaust,False
26894,मधुवन,Q3414483,Madhuwan,False
65529,डोटी राज्य,Q3663896,Doti,False
130912,मौरी घर,Q165107,Beehive,False
51434,ब्याग अफ बोन्स,Q302960,Bag of Bones,False
78945,हर्ड टापु र म्याकडोनल्ड टापुहरू,Q131198,Heard Island and McDonald Islands,False
94057,लाना डेल रे,Q37150,Lana Del Rey,False
121771,२०२१ युएफा च्याम्पियन्स लिग फाइनल,Q59667065,2021 UEFA Champions League final,False
99888,तिरहुत गाउँपालिका,Q57108077,Tirhut Rural Municipality,False
48187,बर्बरीक,Q2669688,Barbarika,False
6731,चितवन मेडिकल कलेज शिक्षण अस्पताल,Q5102535,Chitwan Medical College,False
129129,क्यारम,Q900489,Carrom,False
84146,हैदराबाद,Q1361,Hyderabad,False
88894,ध्रुवबहादुर प्रधान,Q16728542,Dhruba Bahadur Pradhan,False
135906,सिद्क्योङ टुल्कु नामग्याल,Q1767027,Sidkeong Tulku Namgyal,False
93460,फियर फ्याक्टर: खतरों के खिलाडी,Q5439321,Khatron Ke Khiladi (TV series),False
26216,प्युठान नगरपालिका,Q1827294,Pyuthan Municipality,False
63449,मौरी,Q7391,Bee,False
55472,खेलौना,Q11422,Toy,False
92765,राजपुत,Q337487,Rajput,False
49460,गद्दी बैठक,Q19671883,Gaddi Baithak,False
136984,बङ्गाली बौद्ध,Q23904945,Bengali Buddhists,False
62612,कृष्ण भाटचन,Q6437385,Krishna Bhattachan,False
108767,डिजी सिमेन्ट,Q48729799,DG Cement,False
1604,सञ्चार,Q11024,Communication,False
56424,लक्ष्मण सारस,Q4764,Common crane,False
149358,सउल गुरेरो,Q662287,Shaul Guerrero,False
149897,सातोशी नाकामोतो,Q13382352,Satoshi Nakamoto,False
147484,आपो,Q17012820,Apo (drink),False
100383,जोसुवा किङ,Q436237,"Joshua King (footballer, born 1992)",False
131897,मौलापुर नगरपालिका,Q60763203,"Maulapur, Rautahat",False
2798,मौसम,Q11663,Weather,False
135788,बुटवल सौर्य परियोजना,Q104867727,Butwal Solar PV Project,False
140853,हस्तिमकर,Q129544,Dugong,False
103428,गुराँस गाउँपालिका,Q55888069,Gurans Rural Municipality,False
6409,राजेन्द्र वीरविक्रम शाह,Q788541,Rajendra Bikram Shah,False
100945,खुजदार जिल्ला,Q2642523,Khuzdar District,False
80511,एमी एडम्स,Q481832,Amy Adams,False
134638,चन्द्रयान-३,Q65049774,Chandrayaan-3,False
33249,दगातुन्डाँडा,Q5208444,Daga Tumdada,False
31397,उहिया,Q7238919,Uiya,False
118575,जो बाइडेन,Q6279,Joe Biden,False
10991,पप सङ्गीत,Q37073,Pop music,False
43515,सय्यद वंश,Q1331421,Sayyid dynasty,False
114873,सिंहदरबार (टेलिभिजन शृङ्खला),Q28184477,Singha Durbar (TV series),False
99922,अनवर सादात,Q42013,Anwar Sadat,False
101075,बङ्गलादेशमा फुटबल,Q18920930,Football in Bangladesh,False
126416,बाल्कन प्रायद्वीप,Q23522,Balkans,False
10712,जवाहरलाल नेहरू,Q1047,Jawaharlal Nehru,False
79683,चिनियाँ झिबी तितु,Q3726924,Chinese beautiful rosefinch,False
9882,देउडा गीत,Q16029081,Deuda (genre),False
137144,बाबर आजम,Q4837515,Babar Azam,False
14460,चतुर्दशी,Q3498989,Chaturdashi,False
125047,पश्चिम रुकुम जिल्ला,Q53018063,Western Rukum District,False
133344,दार्जिलिङ हिमालय,Q5223073,Darjeeling Himalayan hill region,False
82746,अनिता हस्सनन्दनी,Q3633989,Anita Hassanandani,False
18738,९ अक्टोबर,Q2923,October 9,False
93708,२०१७ साफ अण्डर-१५ च्याम्पियनसिप,Q37128312,2017 SAFF U-15 Championship,False
15007,कांवड यात्रा,Q3631618,Kanwar Yatra,False
132938,बेदुराम भुसाल,Q108709414,Beduram Bhusal,False
90044,फुटसल,Q171401,Futsal,False
12359,मगर भाषा,Q56550,Magar language,False
49880,रक्सी जेजेल,Q448068,Roxy Jezel,False
141054,लुम्बिनी प्रदेशको मुख्यमन्त्री,Q115812959,Chief Minister of Lumbini Province,False
148538,जगन्नाथ,Q1370311,Jagannath,False
100658,अल बाहा प्रान्त,Q852774,Al-Baha Province,False
17090,एयरसेल,Q3533647,Aircel,False
2780,लमजुङ जिल्ला,Q29275,Lamjung District,False
86402,२.० (२०१७ चलचित्र),Q21095433,2.0 (film),False
99864,रानी रत्न राज्यलक्ष्मी देवी शाह,Q4216610,Queen Ratna of Nepal,False
125528,मातृ शिक्षाप्रतिष्ठान,Q174376,Alma mater,False
29037,तातोपानी गाउँपालिका,Q7210848,Tatopani (village),False
77404,वेस्ली स्नेइडर,Q124086,Wesley Sneijder,False
149285,बिष्णु श्रेष्ठ,Q4917371,Bishnu Shrestha,False
13148,झ्याउँकिरी,Q130778,Cicadidae,False
31325,सुखीपुर नगरपालिका,Q3423716,Sukhipur,False
14684,नारायण खड्का,Q13181537,Narayan Khadka,False
103191,विषमयौनिकता,Q1035954,Heterosexuality,False
78602,इसफहानको जामे मस्जिद,Q1256501,Jameh Mosque of Isfahan,False
56752,सुसेलीचरी,Q26537,Common iora,False
119129,गुगल क्लासरूम,Q16927658,Google Classroom,False
29849,खोरीया,Q6402359,"Khoriya, Sarlahi",False
132461,पर्वतश्रेणी,Q740445,Ridge,False
139253,जराविद्या,Q10387,Gerontology,False
79221,शिबानी दान्डेकर,Q7496021,Shibani Dandekar,False
82692,मेग लानिङ,Q6807995,Meg Lanning,False
132273,सरोजकुमार यादव मन्त्रिपरिषद्,Q117801738,Saroj Kumar Yadav cabinet,False
44378,नवादा,Q1929549,Nawada,False
3221,सन्धिखर्क नगरपालिका,Q3091584,Sandhikharka,False
1581,केल्भिन,Q11579,Kelvin,False
70638,अमर्त्य सेन,Q132489,Amartya Sen,False
4539,हिन्दी भाषा,Q1568,Hindi,False
30600,न्वाली,Q3414504,Nwali,False
107581,नेत्रकोना जिल्ला,Q2344966,Netrokona District,False
137983,विश्व आर्थिक मञ्च,Q170418,World Economic Forum,False
63281,काशी विश्वनाथ,Q3675,Kashi Vishwanath Temple,False
17953,कृष्णा जिल्ला,Q15382,Krishna district,False
56674,सुन्दर नीलतभा,Q1590088,Rufous-bellied niltava,False
91822,फोटोग्राफी,Q11633,Photography,False
96220,मूलकाजी,Q51246291,Mulkaji,False
26202,वडाचौर,Q3416013,Wadachaur,False
83834,चेक गणतन्त्र राष्ट्रिय क्रिकेट टोली,Q5201780,Czech Republic national cricket team,False
100587,बहावलनगर,Q1249932,Bahawalnagar,False
148074,२०२६ महिला प्रिमियर लिग,Q136868433,2026 Women's Premier League (cricket),False
99625,जर्जिया राष्ट्रिय फुटबल टोली,Q186268,Georgia national football team,False
25787,ला लिगा,Q324867,La Liga,False
63815,तास (खेल),Q47883,Playing card,False
48127,झेलम नदी,Q214874,Jhelum River,False
119038,क्याथरिन माहेर,Q23034479,Katherine Maher,False
49343,बेहुली,Q353673,Bride,False
13212,व्यक्ति,Q215627,Person,False
46306,योगवीरसिंह कंसाकार,Q12448507,Yogbir Singh Kansakar,False
97788,यान्देक्स खोज,Q6349938,Yandex Search,False
80447,निश्चल बस्नेत,Q16198160,Nischal Basnet,False
140865,नेपालमा जलवायु परिवर्तन,Q5133461,Climate change in Nepal,False
72620,कपिल देव,Q558189,Kapil Dev,False
13888,धान नाच,Q13182447,Dhan Nach,False
146034,नेपालमा वेश्यावृत्ति,Q3407848,Prostitution in Nepal,False
51641,द सोलुसन (एनिमर्फ्स),Q7765175,The Solution (novel),False
23776,"पटेर्वा, बारा",Q6650597,"Paterwa, Bara",False
83075,भर्तृहरि,Q335161,Bhartṛhari,False
99148,विकिस्रोत,Q263,Wikisource,False
145073,भारतका राष्ट्रप्रमुखहरूको सूची,Q17054345,List of heads of state of India,False
62195,"भगवतीपुर, सिराहा",Q4900640,"Bhagawatipur, Siraha",False
98983,लेनोभो,Q14799,Lenovo,False
78745,अङ्कोर,Q163607,Angkor,False
12484,"ओकल्यान्ड, क्यालिफोर्निया",Q17042,"Oakland, California",False
18035,नीलगिरि जिल्ला,Q15188,Nilgiris district,False
138202,पश्चिमी भारत,Q1151567,Western India,False
88880,बोधिसत्त्व,Q178149,Bodhisattva,False
26693,टेङ्ग्राहा,Q3419071,Tengraha,False
26165,"ओत, रोल्पा",Q7457012,"Wot, Nepal",False
121548,फ्लाइन प्रभाव,Q508736,Flynn effect,False
117018,टोके-टोके,Q331213,Tokay gecko,False
13223,हात्तीपाइले रोग,Q192100,Lymphatic filariasis,False
92429,कालु पाँडे,Q21932260,Kalu Pande,False
137618,बिलावल भुट्टो जरदारी,Q244338,Bilawal Bhutto Zardari,False
33164,उदिपुर,Q3424883,Udipur,False
145420,यौन तथा प्रजनन स्वास्थ्य,Q3501817,Sexual and reproductive health,False
98069,सेथ रोलिन्स,Q715014,Seth Rollins,False
47499,वृत,Q17278,Circle,False
32968,जुफाल,Q3419364,Juphal,False
48581,सन्नी लियोन,Q260794,Sunny Leone,False
88764,फरीदाबाद,Q200663,Faridabad,False
49011,अरण्यकाण्ड,Q7307607,Araṇya-Kāṇḍa,False
23798,बसबलपुर,Q4866312,Basbalpur,False
84555,द्वारकानाथ कोटनिस,Q714515,Dwarkanath Kotnis,False
12519,कान्तिपुर (स्पष्टता),Q16800643,Kantipur (disambiguation),False
62133,कोशी बाँध,Q6433103,Koshi Barrage,False
74693,पब्लिक कम्पनी,Q891723,Public company,False
6428,भीमदत्त पन्त,Q19682020,Bhimdatta Panta,False
35938,अन्धोपन,Q10874,Blindness,False
20812,मांसाहारी,Q81875,Carnivore,False
17424,उखरुल जिल्ला,Q735101,Ukhrul district,False
142122,प्रेमध्वज प्रधान,Q422801,Prem Dhoj Pradhan,False
114600,पाल्पा राज्य,Q97693171,Kingdom of Palpa,False
103860,अश्वमेध यज्ञ,Q726486,Ashvamedha,False
9611,फिजियोथेरापी,Q186005,Physical therapy,False
99647,१९५० फिफा विश्वकप,Q132515,1950 FIFA World Cup,False
51630,द थ्रेट (एनिमर्फ्स),Q7768917,The Threat (novel),False
51564,नेमसिस (अगाथा क्रिस्टीको उपन्यास),Q1170245,Nemesis (Christie novel),False
134738,इताइपु बाँध,Q244169,Itaipu Dam,False
83449,डायेन्ड्रा सोरेस,Q5271379,Diandra Soares,False
119052,आना बोतिन,Q299646,Ana Botín,False
111039,ललिता निवास प्रकरण,Q113757613,Lalita Niwas land grab scam,False
17626,ममित जिल्ला,Q751531,Mamit district,False
56555,जङ्गल घाँसेफिस्टो,Q2226845,Jungle prinia,False
56775,हरित कोइली,Q864740,Asian emerald cuckoo,False
100194,बेर्नादो सिल्भा,Q15521306,Bernardo Silva,False
12257,सीतापुर जिल्ला,Q1812539,Sitapur district,False
80459,हत्तुसस,Q181007,Hattusa,False
85646,आइबिएम,Q37156,IBM,False
53170,बन्दुक,Q110155210,Gun,False
140544,पहिलो मातृकाप्रसाद कोइराला मन्त्रिपरिषद्,Q104833818,First Matrika Prasad Koirala cabinet,False
71173,ट्वान्टी२०,Q868200,Twenty20,False
57221,सुइरोठुँडे,Q282242,Oriental darter,False
56554,पीतोदर घाँसेफिस्टो,Q3238781,Yellow-bellied prinia,False
141368,नेपाली मुसलमान,Q6994515,Nepalese Muslims,False
131359,हंसपुर नगरपालिका,Q60761145,"Hansapur, Dhanusa",False
131631,कालाचुरी वंश,Q28062492,Kalachuris of Mahishmati,False
3284,धनचौर,Q3423820,Dhanchaur,False
50436,अक्षय कुमार,Q233748,Akshay Kumar,False
76568,पवई ताल,Q3348756,Powai Lake,False
60575,भिमसेनपाती,Q4984421,Buddleja asiatica,False
80950,लोरी सिङ्गर,Q255720,Lori Singer,False
96627,रणजीत कुँवर,Q54819587,Ranajit Kunwar,False
50099,काउसो,Q953611,Mucuna pruriens,False
69672,नुहाउनु,Q327651,Bathing,False
66640,सुनुवार भाषा,Q56549,Sunwar language,False
26743,राजपुर तुलसी,Q3425062,Rajpur Tulsi,False
103477,एन्जिला तुम्बापो सुब्बा,Q25620865,Anjila Tumbapo Subba,False
91487,"नयाँ शक्ति पार्टी, नेपाल",Q24909182,"Naya Shakti Party, Nepal",False
133201,रक्ताश्म युग,Q47158,Triassic,False
148707,कलि (असुर),Q1580107,Kali (demon),False
27072,टेकनपुर,Q7458455,"Tekanpur, Nepal",False
23703,वाना,Q4853744,"Wana, Nepal",False
101251,असुर,Q624083,Asura,False
78191,केन्द्रीय अमेजन संरक्षण परिसर,Q332381,Jaú National Park,False
32595,"गम्हरीया, पर्सा",Q5520168,"Gamhariya, Parsa",False
52736,भटमासे,Q5458608,Flemingia strobilifera,False
83846,मेक्सिको राष्ट्रिय क्रिकेट टोली,Q6826282,Mexico national cricket team,False
136938,उप रथी,Q157148,Major general,False
56395,मोटोठुँडे भ्याकुर,Q2667966,Abbott's babbler,False
136881,देनहरी,Q121045479,Denhari,False
38213,चाप,Q39552,Pressure,False
29629,सत्यदेवी,Q3427766,Satyadevi,False
53188,हिलियर ताल,Q498671,Lake Hillier,False
2571,पिङ,Q188688,Swing (seat),False
77449,नेपालका विश्व सम्पदा क्षेत्रहरूको सूची,Q4435436,List of World Heritage Sites in Nepal,False
138116,मेवाहाङ भाषा,Q6817739,Mewahang language,False
29270,एन्जेलिना जोली,Q13909,Angelina Jolie,False
46591,लुट (चलचित्र),Q6676053,Loot (2012 film),False
101283,शिवमहिम्न स्तोत्र,Q7499264,Shiva Mahimna Stotra,False
87646,आयरन म्यान ३,Q209538,Iron Man 3,False
71905,सोनिया गान्धी,Q163225,Sonia Gandhi,False
114057,ह्युम कुखुरा,Q852185,Mrs. Hume's pheasant,False
100947,सेलकम (इजरायल),Q2450722,Cellcom (Israel),False
57065,वन चाहा,Q1262633,Wood snipe,False
135602,नेपाल साहित्य महोत्सव,Q30131186,Nepal Literature Festival,False
101013,गोदान,Q904382,Godaan,False
108150,जुङ्ह्वा डियानसिन,Q717531,Chunghwa Telecom,False
33166,करापु,Q3427608,Karapu,False
56327,अग्नि भारद्वाज,Q1591143,Rufous-tailed lark,False
99616,फिनल्यान्ड राष्ट्रिय फुटबल टोली,Q186532,Finland national football team,False
126575,नवदुर्गा गाउँपालिका,Q65410402,Navadurga Rural Municipality,False
55459,हाडनाता करणी,Q127683,Incest,False
45075,तिब्बती पठार,Q179842,Tibetan Plateau,False
14094,चाडपर्व,Q132241,Festival,False
62874,अन्तर्राष्ट्रिय मुद्रा कोष,Q7804,International Monetary Fund,False
100523,१९९१ ओएफसी महिला च्याम्पियनसिप,Q1467292,1991 OFC Women's Championship,False
49434,सिदी,Q13685,Siddi,False
27596,रयाले,Q7298369,Rayale Bihabar,False
141708,भास्कराचार्य,Q213385,Bhāskara II,False
127171,पटेर्वा सुगौली गाउँपालिका,Q7144609,Paterwa Sugauli Rural Municipality,False
122026,मेलम्ची बाढी २०७८,Q107525050,2021 Melamchi flood,False
43920,भारतीय कृषि अनुसन्धान परिषद,Q3522398,Indian Council of Agricultural Research,False
129148,शिवसागर,Q1284453,Sivasagar,False
48182,अम्बालिका,Q1994807,Ambalika,False
57700,सानो खेतमुसो,Q1768938,Little Indian field mouse,False
65340,ताडको रूख,Q500857,Borassus flabellifer,False
37297,नयाँ पत्रिका दैनिक,Q25226694,Naya Patrika,False
19767,"नयाँगाउँ, प्युठान",Q6983033,"Naya Gaun, Pyuthan",False
99725,पाराग्वे राष्ट्रिय फुटबल टोली,Q172020,Paraguay national football team,False
6515,निकाराग्वा,Q811,Nicaragua,False
119304,नेपालको राजनीति,Q1155916,Politics of Nepal,False
33169,खुदी,Q588733,"Khodi, Nepal",False
33560,बाल्तोरो मुज्ताग,Q805805,Baltoro Muztagh,False
48409,ओपेरा सफ्टवेयर,Q215639,Opera (company),False
86599,बख्तियार ईरानी,Q4849415,Bakhtiyaar Irani,False
3548,हाइड्रोजन,Q556,Hydrogen,False
127156,सूर्यगढी गाउँपालिका,Q104834874,Suryagadhi Rural Municipality,False
119396,श्रीराम राघवन,Q7586495,Sriram Raghavan,False
17398,कपुरथला जिल्ला,Q172363,Kapurthala district,False
128046,ठेकुवा,Q7780996,Thekua,False
72203,माइक्रोसफ्ट अफिस,Q11255,Microsoft Office,False
10938,नेपाल सरकार,Q5589267,Government of Nepal,False
51664,एनिमर्फ्स,Q548365,Animorphs,False
8766,दीपक बिष्ट,Q5250492,Deepak Bista,False
87731,सिँह बहादुर बस्न्यात,Q27513901,Singha Bahadur Basnyat,False
77844,अष्टाङ्गयोग,Q5410460,Ashtanga (eight limbs of yoga),False
78136,ओर्खोन उपत्यका सांस्कृतिक परिदृश्य,Q1453235,Orkhon Valley,False
17462,श्‍योपुर जिल्ला,Q620105,Sheopur district,False
125356,प्रहरी,Q35535,Police,False
56781,कुक्कु कोइली,Q18845,Common cuckoo,False
56435,हारील ढुकुर,Q795565,Common emerald dove,False
78953,इसिनो लारियो,Q43049,Esino Lario,False
129179,पारसी,Q200263,Parsis,False
149966,रवि जकरीयास,Q1399671,Ravi Zacharias,False
57853,माले राजपङ्खी लोखेर्के,Q785344,Particolored flying squirrel,False
17605,सोलन जिल्ला,Q2980937,Solan district,False
101230,बिलिबिली,Q3077586,Bilibili,False
91929,बद्रीनाथ की दुल्हनिया,Q23992454,Badrinath Ki Dulhania,False
72949,मोहम्मद शमी,Q7487531,Mohammed Shami,False
35289,कोरियाली युद्ध,Q8663,Korean War,False
130918,बितपाते मौरी,Q389319,Laying worker bee,False
6437,शैलजा आचार्य,Q1962525,Shailaja Acharya,False
92714,नेचासल्यान गाउँपालिका,Q30168816,Nechasalyan Rural Municipality,False
30992,बेतकुइया,Q4897339,Betakuiya,False
26288,छातापिपरा,Q3411061,Chhata Pipra,False
126776,रामबहादुर बम्जन,Q560055,Ram Bahadur Bomjon,False
100264,प्रजातान्त्रिक गणतन्त्र कङ्गो महिला राष्ट्रिय फुटबल टोली,Q1478379,DR Congo women's national football team,False
106944,रोयल रम्बल,Q36103,Royal Rumble,False
53508,परमादेश,Q312424,Mandamus,False
17446,जबलपुर जिल्ला,Q632093,Jabalpur district,False
23902,अष्टिम्की चित्र,Q14557908,Ashtimki painting,False
107094,गृहपृष्ठ,Q11439,Home page,False
31413,ताकुमझा लाँकुरिबोट,Q3416674,Takumajhalakuribot,False
108425,महादेवपुर उपजिल्ला,Q3345733,Mohadevpur Upazila,False
32566,भौराटार,Q548916,Bhauratar,False
54781,वन लसुन,Q138632,Lilium nepalense,False
34065,सेखाम,Q3417541,Sekham,False
57318,खाद्यपदार्थ,Q2095,Food,False
10721,भृकुटी,Q855075,Bhrikuti,False
4980,बडहर,Q759430,Artocarpus lacucha,False
115888,निशिकान्त कामत,Q13118344,Nishikant Kamat,False
54506,नेपाल भारत सीमा समस्या,Q13534445,Territorial disputes of India and Nepal,False
53885,बप्तिस्मा,Q35856,Baptism,False
129885,बुमथाङ जिल्ला,Q463242,Bumthang District,False
52086,काँडे लुँडे,Q2881023,Amaranthus spinosus,False
51531,द बडी इन द लाइब्रेरी,Q741407,The Body in the Library,False
124699,विदिषा श्रीवास्तव,Q16199826,Vidisha Srivastava,False
114654,इबुक,Q128093,Ebook,False
68900,सन् २०१४ एसियाली खेलमा नेपाल,Q17747248,Nepal at the 2014 Asian Games,False
137794,गोल्डेन गेट पुल,Q44440,Golden Gate Bridge,False
131925,हरिपुर्वा नगरपालिका,Q3423165,Haripurwa,False
5921,दुम्किबास,Q3426665,Dumkibas,False
77939,गुनुङ मुलु राष्ट्रिय निकुञ्ज,Q61535,Gunung Mulu National Park,False
57991,रुद्र पाण्डे,Q14917143,Rudra Pandey,False
83191,सुषमा सिंह,Q15697689,Sushma Singh,False
147143,पद्मा नदी,Q930773,Padma River,False
29662,झाप्रा,Q3417130,Jhapra,False
91586,सुमोना चक्रवर्ती,Q7638021,Sumona Chakravarti,False
55346,धोक्रे फूल,Q757262,Brugmansia,False
47267,गणेश चतुर्थी,Q929250,Ganesh Chaturthi,False
45068,द विनर स्टान्डस् अलोन,Q2474805,The Winner Stands Alone,False
83838,ग्रीस राष्ट्रिय क्रिकेट टोली,Q5601638,Greece national cricket team,False
66611,कर्जा,Q189539,Loan,False
97059,उराँव भाषा,Q33492,Kurukh language,False
88659,कालीघाट काली मन्दिर,Q535970,Kalighat Temple,False
63206,क्रिस गेल,Q2732196,Chris Gayle,False
112369,अर्जुन सापकोटा,Q95552799,Arjun Sapkota,False
150089,आर्लेमा सुत्नेकोठा,Q724377,Bedroom in Arles,False
6513,कोस्टारिका,Q800,Costa Rica,False
150483,बिनोय-बादल-दिनेश उद्यान,Q3349530,B. B. D. Bagh,False
27271,वोपुङ,Q663112,Wopung,False
29737,बेणिमणिपुर,Q4888017,Benimanipur,False
29529,शास्त्रीय सङ्गीत,Q9730,Classical music,False
150420,चित्रगुप्त (संगीतकार),Q5102310,Chitragupt (composer),False
149338,रेणुका,Q1389331,Renuka,False
124680,पद्म बहादुर खत्री,Q33128868,Padma Bahadur Khatri,False
101096,नोरी,Q201565,Nori,False
132455,खाडी,Q39594,Bay,False
73577,किलुङ्ग नदी,Q708976,Keelung River,False
60831,खुर्पानी,Q37453,Prunus armeniaca,False
6324,धरान उपमहानगरपालिका,Q8254,Dharan,False
126445,शोक,Q1026040,Grief,False
66283,द काठमान्डू पोस्ट,Q3521460,The Kathmandu Post,False
3132,बागमती (स्पष्टता),Q342222,Bagmati (disambiguation),False
3922,छाप,Q3414200,Chhap,False
135833,डग फाइट,Q830494,Dogfight,False
62823,नेपाल प्रिमियर लिग २०७१,Q15898531,2014 Nepal Premier League,False
101921,स्टाइल (टेलर स्विफ्टको गीत),Q18786715,Style (Taylor Swift song),False
7036,गौतमबुद्ध अन्तर्राष्ट्रिय विमानस्थल,Q3275873,Gautam Buddha International Airport,False
33120,मुरू,Q3419251,"Muru, Nepal",False
48727,कलेट्टे म्याकल्लम,Q3683015,Collette McCallum,False
29116,गुमी,Q5618126,"Gumi, Nepal",False
56264,सिम तित्रा,Q1261919,Swamp francolin,False
18458,आदि शङ्कराचार्य,Q180967,Adi Shankara,False
71334,भतिजा,Q15224724,Nephew,False
32081,ढुङ्गे युग,Q11759,Stone Age,False
16499,दक्षिणकाली मन्दिर,Q5210100,Dakshinkali Temple,False
46053,लभ स्टोरी (उपन्यास),Q1373645,Love Story (novel),False
99710,कोपा अमेरिका,Q178750,Copa América,False
29267,टुङ्ना,Q13181472,Tungna,False
137348,तिलुङ भाषा,Q7803037,Tilung language,False
26171,खुमेल,Q3421597,Khumel,False
74122,जैतुन (रङ),Q864152,Olive (color),False
64956,करञ्ज,Q65931777,Biancaea decapetala,False
61932,डोनी येन,Q311723,Donnie Yen,False
108600,आजैलझाडा उपजिल्ला,Q3346000,Agailjhara Upazila,False
17592,हिमाचल प्रदेशका जिल्लाहरू,Q124240,List of districts of Himachal Pradesh,False
44689,जालना,Q30771,"Jalna, Maharashtra",False
89217,नेपालमा महिला,Q8031474,Women in Nepal,False
31319,सखुवानान्कारकट्टी,Q3425457,Sakhuwanankarkatti Rural Municipality,False
6392,पनौती नगरपालिका,Q2049147,Panauti,False
56350,कल्की (वनस्पति),Q496460,Callistemon,False
84373,दोहोरो लेखा प्रणाली,Q192803,Double-entry bookkeeping,False
17007,इम्जा खोला,Q577192,Imja Khola,False
56813,कालोपुच्छ्रे कोकले,Q1589721,Ratchet-tailed treepie,False
11091,उत्तर प्रदेशका मण्डलहरू,Q5284626,Administrative divisions of Uttar Pradesh,False
78123,टाइ राष्ट्रिय निकुञ्ज,Q328577,Taï National Park,False
28067,लालु,Q6480613,"Lalu, Nepal",False
9309,अस्ट्रिया,Q40,Austria,False
15843,वर्धमान जिल्ला,Q808023,Bardhaman district,False
102500,दुईलैङ्गिक व्यक्ति,Q859614,Bigender,False
31512,हिमगङ्गा,Q3427826,Himganga,False
100026,इङ्ल्यान्ड यु-२० राष्ट्रिय फुटबल टोली,Q1049176,England national under-20 football team,False
18114,कोचबिहार,Q313640,Cooch Behar,False
18385,डा. भीमराव आम्बेडकर विश्वविद्यालय,Q4475843,Dr. Bhimrao Ambedkar University,False
132571,काठमाडौँ १० (निर्वाचन क्षेत्र),Q104873504,Kathmandu 10,False
126081,जुनीचाँदे गाउँपालिका,Q55887964,Junichande Rural Municipality,False
4487,गणेश,Q1579,Ganesha,False
71247,कान्त किशोर भार्गव,Q6365287,Kant Kishore Bhargava,False
6957,जाँ ग्राभ,Q732964,Jean Grave,False
137729,इन्द्रराज्यलक्ष्मी प्रज्ञा–पुरस्कार,Q124632129,Indra Rajya Laxmi Pragya Puraskar,False
97538,धनगढी प्रिमियर लिग २०७४,Q55389491,2018 Dhangadhi Premier League,False
66918,बहालवाला,Q42841,Incumbent,False
57049,फुस्रो टिकटिके,Q201316,Grey wagtail,False
29572,"महाकाली, नुवाकोट",Q6732864,"Mahakali, Nuwakot",False
100028,इङ्ल्यान्ड यू-२१ राष्ट्रिय फुटबल टोली,Q204238,England national under-21 football team,False
90789,घाना राष्ट्रिय फुटबल टोली,Q172014,Ghana national football team,False
53057,आनी छोइङ डोल्मा,Q455588,Ani Choying Drolma,False
126329,गला,Q16364,Throat,False
83422,एलिसन हनिङ्गन,Q199927,Alyson Hannigan,False
114359,कुओपियो,Q162279,Kuopio,False
47995,युयुत्सु,Q2392426,Yuyutsu,False
23407,हरैँचा,Q3417055,Haraicha,False
119542,सरोगेसी,Q334645,Surrogacy,False
29044,बड्की,Q3424534,Badki,False
107178,इन दि मुड फर लभ,Q1056853,In the Mood for Love,False
103950,श्वेतमाथा हाँस,Q172093,Greater white-fronted goose,False
29631,लापा,Q15241678,"Lapa, Nepal",False
147398,बङ्गाली हिन्दु विवाह,Q4887680,Bengali Hindu wedding,False
47674,मरिच,Q43084,Black pepper,False
74029,नेपालको निसानछाप,Q209224,Emblem of Nepal,False
128128,पूर्वीय दर्शन,Q307043,Eastern philosophy,False
77545,म्यानमारका विश्व सम्पदा क्षेत्रहरूको सूची,Q6357086,List of World Heritage Sites in Myanmar,False
126328,घाँटी,Q9633,Neck,False
74094,सीता उपनिषद,Q12457614,Sita Upanishad,False
124335,डेभिड बेन-गुरियन,Q37610,David Ben-Gurion,False
94386,बजार पूँजीकरण,Q471719,Market capitalization,False
133292,प्रेमराजा महत,Q113212427,Prem Raja Mahat,False
33234,अधिकारीचौर,Q4682535,Adhikarichaur,False
133359,टेलिभिसा,Q47099,Televisa,False
57734,जुरे दुम्सी,Q741524,Indian crested porcupine,False
80499,कुणाल खेमु,Q3497323,Kunal Khemu,False
134471,केम्पे गौडा प्रथम,Q6387049,Kempe Gowda I,False
89578,फौदा,Q19319517,Fauda,False
13058,रिठ्ठो,Q321451,Sapindus,False
23461,आङसराङ,Q932173,Aangsarang,False
149269,प्रतिभा रावल,Q138800224,Pratibha Rawal,False
114691,अर्बन डिक्सनेरी,Q310004,Urban Dictionary,False
125930,नेपाली अस्ट्रेलियाली,Q6994477,Nepalese Australians,False
136536,उपतिष्य,Q7898185,Upatissa (regent),False
107984,आटघोरिया उपजिल्ला,Q4072051,Atgharia Upazila,False
57057,सेतोढाडे हिउँचरी,Q27075719,White-rumped snowfinch,False
56988,पंखथोप्ले महाँठुँड,Q1002648,Spot-winged grosbeak,False
87895,विद्युत जामवाल,Q3557842,Vidyut Jammwal,False
93133,इन्द्रसरोवर गाउँपालिका,Q41792188,Indrasarowar Rural Municipality,False
87476,कुणाल गाञ्जावाला,Q6444155,Kunal Ganjawala,False
6008,फरेना,Q3413135,Pharena,False
98779,२०१८ फिफा विश्वकप समूह ज,Q43214843,2018 FIFA World Cup Group H,False
9391,लिम्बुवान,Q3635541,Limbuwan,False
17126,भारत सञ्चार निगम लिमिटेड,Q278834,BSNL,False
58495,जेम्स ब्लन्ट,Q130799,James Blunt,False
100531,२००० युइएफए च्याम्पियन्स लिग फाइनल,Q927188,2000 UEFA Champions League final,False
88250,अन्तर्मनको यात्रा,Q60785920,Antarmanko Yatra,False
13997,म्याग्नेसियम,Q660,Magnesium,False
97262,दी शेप अफ वाटर,Q26698156,The Shape of Water,False
11021,मेहन्दी,Q769843,Mehndi,False
108748,आदितमारी उपजिल्ला,Q3346008,Aditmari Upazila,False
74172,मेमोरी कार्ड रिडर,Q6815712,Memory card reader,False
100481,ताहिती महिला राष्ट्रिय फुटबल टोली,Q1712536,Tahiti women's national football team,False
91573,जसवीर कौर,Q17198237,Jasveer Kaur,False
56280,खोयाहाँस,Q191125,Bar-headed goose,False
151179,धौलागिरि हिमशृङ्खला,Q1207615,Dhaulagiri (mountain range),False
29247,मिर्गे,Q3418771,Mirge,False
118198,एकीकृत प्रस्तुतिकरण,Q6043153,Integrated reporting,False
115908,अर्जुननरसिंह केसी,Q4791574,Arjun Narasingha KC,False
129910,साम्ची जिल्ला,Q728917,Samtse District,False
80691,शाल्व,Q7406962,Salwa kingdom,False
60699,बर्मुडा राष्ट्रिय क्रिकेट टोली,Q3523455,Bermuda national cricket team,False
26032,सोकट,Q7403059,Sakot,False
63424,जङ्गली बाख्रा,Q178228,Wild goat,False
129716,तिब्बती साम्राज्य,Q2431480,Tibetan Empire,False
56659,सेतोआँखीभौं रबिन,Q905873,White-browed bush robin,False
5983,दोधारा,Q3412764,Dodhara,False
57164,सिम भुइँचील,Q26431,Western marsh harrier,False
51592,प्रब्लम अयाट पोलेन्सा बे एन्ड अदर स्टोरिज,Q460629,Problem at Pollensa Bay and Other Stories,False
148868,कृष्णवाद,Q1135778,Krishnaism,False
62981,प्रोक्यारियोटिक कोशिका,Q19081,Prokaryote,False
49934,सिल्भिया सेन्ट,Q487141,Silvia Saint,False
31788,खैरिचन्दनपुर,Q3423935,Khairi Chandanpur,False
30875,मिथिला कला,Q2547125,Madhubani art,False
141987,प्रदेश प्रमुख (कोशी प्रदेश),Q117231053,Governor of Koshi Province,False
14236,पाँचऔंले,Q311044,Dactylorhiza,False
108841,पकडम पकडाई,Q17150907,Pakdam Pakdai,False
65309,केपिएमजी,Q493751,KPMG,False
27858,ख्याहा,Q3425411,Khyaha,False
70362,अचर फलन,Q746264,Constant function,False
22947,नेपाली लेखकहरूको सूची,Q19893273,List of Nepali-language writers,False
131707,भँगाहा नगरपालिका,Q7002781,Bhangaha,False
132210,साहित्य अकादमी,Q3349399,Sahitya Akademi,False
53919,डमरू,Q1158229,Damaru,False
98945,पार्वतीपुर,Q6783891,"Parbatipur, Nepal",False
131546,पश्चिमी क्षत्रप,Q2086608,Western Satraps,False
23400,सिंहदेवी सोमबारे,Q3418691,Singhadevi,False
130797,पाकिस्तान मुस्लिम लिग (नवाज),Q799577,Pakistan Muslim League – Nawaz,False
26769,उकु,Q6973472,"Uku, Nepal",False
51612,द एन्ड्रोइड (एनिमर्फ्स),Q16385050,The Android (novel),False
4984,भक्मिलो,Q157649,Sumac,False
61708,करिना कपुर,Q184885,Kareena Kapoor,False
45963,आमलकी एकादशी,Q3632328,Amalaka Ekadashi,False
16731,लेक वालेसा,Q444,Lech Wałęsa,False
78974,आदिल हुसैन,Q4682801,Adil Hussain,False
126885,नरसंहार,Q41397,Genocide,False
100234,एल साल्भादोर महिला राष्ट्रिय फुटबल टोली,Q1813730,El Salvador women's national football team,False
15564,निकोटीन,Q28086552,Nicotine,False
148023,हिट पम्प,Q131313,Heat pump,False
52032,द सर्ट ह्याप्पी लाइफ अफ द ब्राउन अक्सफोर्ड,Q7763974,The Short Happy Life of the Brown Oxford,False
10029,"जनमत सङ्ग्रह, २०३७",Q6994490,1980 Nepalese governmental system referendum,False
142335,कम्प्रेसर,Q178898,Compressor,False
12690,धान,Q161426,Oryza sativa,False
9884,राकम कर्णाली,Q3412681,Rakam Karnali,False
108365,के-पप,Q213665,K-pop,False
1849,वास्तुशास्त्र,Q1120985,Vastu shastra,False
57038,कैलकोखे चुइयाँ,Q871527,American pipit,False
33376,आर्वाविजय,Q3425494,Arba Vijaya,False
30843,मिथिलेश्वर मौवाही,Q6881629,Mithileshwar Mauwahi,False
148166,सौर्य चुलो,Q903682,Solar cooker,False
114796,नेवारी भाषाका चार स्तम्भ,Q5475426,Four Pillars of Nepal Bhasa,False
100812,सख्खर,Q868631,Sukkur,False
51563,पासेन्जर टु फ्रान्कफर्ट,Q1330949,Passenger to Frankfurt,False
136069,बर्मिङ्घम,Q2256,Birmingham,False
48708,अफिम,Q46452,Opium,False
122086,चिरो इम्मोबिले,Q458101,Ciro Immobile,False
47013,फ्रान्ज काफ्का,Q905,Franz Kafka,False
16270,कार्बन व्यापार,Q8348417,Emissions trading,False
18088,अशोक चव्हाण,Q3345623,Ashok Chavan,False
10718,दधिचि,Q3519846,Dadhichi,False
61928,स्यामो हुङ,Q311219,Sammo Hung,False
131507,हर्यक वंश,Q12459974,Haryanka dynasty,False
72950,माइकल फराडे,Q8750,Michael Faraday,False
1987,स्लोभाकिया,Q214,Slovakia,False
133270,जेट इन्जिन,Q178777,Jet engine,False
123362,लिस्टेनस्टाइन,Q347,Liechtenstein,False
124196,बिष,Q40867,Poison,False
140906,संयुक्त राज्य अमेरिकी सेना,Q9212,United States Army,False
101566,टोकियो विश्वविद्यालय,Q7842,University of Tokyo,False
97518,मिस नेपाल २०१८,Q48862584,Miss Nepal 2018,False
76542,भृगु ताल,Q4902074,Bhrigu Lake,False
135471,शिवपुरी बाबा,Q7499348,Shivapuri Baba,False
102377,लुक ह्वाट यु मेड मी डु,Q37912621,Look What You Made Me Do,False
87117,वर्ल्ड सकर विनिङ इलेभेन २०११,Q1318106,Pro Evolution Soccer 2011,False
50095,ओखर,Q46871,Juglans regia,False
6388,गोरखा नगरपालिका,Q262223,Gorkha Municipality,False
102284,खिचडी,Q2478703,Khichdi,False
54882,सन् २०१२-२०१३ को प्रिमियर लिग,Q388682,2012–13 Premier League,False
26322,"बरियारपुर, बारा",Q4860838,"Bariyarpur, Bara",False
143546,"खरखोदा, हरियाणा",Q3814962,"Kharkhoda, Haryana",False
78177,चगास रोग,Q649558,Chagas disease,False
29863,"मानपुर, सर्लाही",Q6751506,"Manpur, Sarlahi",False
47967,टर्की (चरा),Q43794,Turkey (bird),False
93895,बरियारपट्टी गाउँपालिका,Q4860836,Bariyarpatti Rural Municipality,False
128548,कुल्फी,Q3051553,Kulfi,False
78190,एटोल दास रोकास,Q241074,Rocas Atoll,False
135076,मालवा,Q550691,Malwa,False
136207,अफ्रिकी भूखण्ड,Q203548,African plate,False
31245,इटाटार,Q3425225,Itatar,False
23595,नाङखोल्याङ,Q3417593,Nankholyang,False
69274,जीवाश्म इन्धन,Q12748,Fossil fuel,False
30366,भद्रवास,Q4900539,Bhadrabas,False
130354,सानीभेरी गाउँपालिका,Q60765483,Sani Bheri Rural Municipality,False
83466,बछेंद्री पाल,Q492241,Bachendri Pal,False
62509,नेपाल वायुसेवा निगम विमान दुर्घटना ४ फागुन २०७०,Q15732778,Nepal Airlines Flight 183,False
129668,विमलप्रसाद श्रीवास्तव,Q59726402,Bimal Prasad Shrivastav,False
131272,जयराजदेव मल्ल,Q116878037,Jayarajadeva,False
44868,कल्पना चावला,Q237879,Kalpana Chawla,False
11098,आजमगढ मण्डल,Q2343261,Azamgarh division,False
80746,मिका सिंह,Q3631714,Mika Singh,False
97478,एलिस वाल्टन,Q289571,Alice Walton,False
50714,असामी सुजिउरा,Q467247,Asami Sugiura,False
78585,क्यानाडाका विश्व सम्पदा क्षेत्रहरूको सूची,Q2514186,List of World Heritage Sites in Canada,False
73520,अब्राहम लिङ्कन,Q91,Abraham Lincoln,False
18203,खडकपुर उपविभाग,Q6400539,Kharagpur subdivision,False
29250,मार्बु,Q3428605,Marbu,False
4887,न्यौपाने,Q7002011,Neupane,False
103826,श्रवणकुमार,Q3521288,Shravana Kumara,False
32320,पुलाचौर,Q3419514,Pulachaur,False
146567,स्नाइपर,Q201948,Sniper,False
92466,बस्नेत थर भएका व्यक्तिहरूको सूची,Q29997029,List of people with surname Basnet,False
56767,कण्ठे सुगा,Q208060,Rose-ringed parakeet,False
33238,अमलाचौर,Q3415268,Amalachaur,False
93441,न्याय,Q13189320,Justice,False
126037,तिलागुफा नगरपालिका,Q55887588,Tilagupha,False
53078,रोयल गिब्राल्टार प्रहरी,Q3406050,Royal Gibraltar Police,False
31576,बाक्सा,Q4849542,"Baksa, Nepal",False
51619,द इन्काउन्टर (एनिमर्फ्स),Q7732027,The Encounter (novel),False
60716,पावल मार्टिन,Q128529,Paul Martin,False
122915,कामाख्या मन्दिर,Q3629418,Kamakhya Temple,False
23598,थेचम्बु,Q3417392,Thechambu,False
32534,झौवा गुठी,Q3421774,Jhauwa Guthi,False
74207,आतिफ असलम,Q755830,Atif Aslam,False
4330,ऐ,Q1192389,Ai (Indic),False
87164,धूम,Q431609,Dhoom,False
100934,नेपाल तारा,Q3885349,Order of the Star of Nepal,False
17984,चिकमगलूर जिल्ला,Q743077,Chikmagalur district,False
137778,पाकिस्तानी,Q3310017,Pakistanis,False
107823,बतलकु,Q4868756,Batelco,False
74430,न्यु जलपाइगुडी जङ्कसन रेलवे स्टेसन,Q11790860,New Jalpaiguri Junction railway station,False
143608,इश्वरी न्यौपाने,Q116055701,Ishwari Neupane,False
75117,बोरुसिया डोर्टमुन्ड,Q41420,Borussia Dortmund,False
102436,पाटन स्वास्थ्य विज्ञान प्रतिष्ठान,Q17013596,Patan Academy of Health Sciences,False
26880,"पाँचकन्या, सुनसरी",Q646403,"Panchakanya, Sunsari",False
119683,सिग्मुन्ड फ्रायड,Q9215,Sigmund Freud,False
17440,खरगौन जिल्ला,Q2273900,Khargone district,False
57593,रमेश क्षितिज,Q15074561,Ramesh Kshitij,False
31318,सोठियान,Q6783903,Sothayan,False
6691,गजेन्द्र नारायण सिंह अस्पताल,Q28184009,Gajendra Narayan Singh Sagarmatha Zonal Hospital,False
17095,असमका जिल्लाहरू,Q2464684,List of districts of Assam,False
136527,डिजिटल पुस्तकालय,Q212805,Digital library,False
9673,ओपन अफिस,Q511977,OpenOffice.org,False
72068,कृष्णभूषण बल,Q19671533,Krishna Bhusan Bal,False
107872,एमटिएन इरानसेल,Q10296776,MTN Irancell,False
95974,"प्रदेश सभा निर्वाचन, २०७४",Q45905547,2017 Nepalese provincial elections,False
12785,इलाम,Q403856,Ilam,False
120590,"नेपालको राष्ट्रपतिय निर्वाचन, २०६५",Q932168,2008 Nepalese presidential election,False
54639,गोङ ली,Q150903,Gong Li,False
127327,धर्ममान तुलाधर,Q5269236,Dharma Man Tuladhar,False
136750,चारकोसे झाडी,Q5073589,Charkose Jhadi,False
135637,मार्दी खोला जलविद्युत केन्द्र,Q104871658,Mardi Khola Hydropower Station,False
13095,खरायो,Q9394,Rabbit,False
106977,ग्यादर डटकम,Q5527349,Gather.com,False
25977,"कालिका, अछाम",Q6352647,"Kalika, Achham",False
31250,"कविलासी, सिराहा",Q6344160,"Kabilasi, Siraha",False
71120,ओस्कार पिस्टोरियस,Q201377,Oscar Pistorius,False
83074,परिधि शर्मा,Q16734128,Paridhi Sharma,False
83351,नम्रता शिरोडकर,Q579995,Namrata Shirodkar,False
83412,गुल पनाग,Q2700181,Gul Panag,False
80420,एमिली ब्लन्ट,Q193517,Emily Blunt,False
105988,कम्बोज,Q2586782,Kambojas,False
86564,गुर्मीत चौधरी,Q4507797,Gurmeet Choudhary,False
51613,द सेक्रेट (एनिमर्फ्स),Q7762982,The Secret (novel),False
2467,तराई,Q1133636,Terai,False
80687,वाहलिक,Q12452536,Bahlika (king),False
140809,किश्तवाडी भाषा,Q56292731,Kishtwari language,False
98241,ओलेग सेन्ट्सोभ,Q17128150,Oleh Sentsov,False
103564,अतिरथी,Q7821620,Field marshal,False
27957,म्यालपोखरी,Q3422815,Myal Pokhari,False
3891,बुढीचौर,Q3412669,Budhichaur,False
87741,घाना महिला राष्ट्रिय फुटबल टोली,Q938177,Ghana women's national football team,False
128982,द्रौपदी अवशेष,Q109974442,Draupadi Avashesh,False
80513,म्याग्गी जिलेनहाल,Q202381,Maggie Gyllenhaal,False
129019,सिराहा ४ (निर्वाचन क्षेत्र),Q104835963,Siraha 4,False
56666,साइबेरियाली रातोकण्ठ,Q27075678,Siberian rubythroat,False
23593,साँघु,Q13402891,"Sanghu, Taplejung",False
151124,काराकोरम पार क्षेत्र,Q1819167,Trans-Karakoram Tract,False
38222,बन्दागोभी,Q35051,Cabbage,False
48767,एलेक्जेन्ड्रा पप,Q432932,Alexandra Popp,False
56452,लघुकर्ण लाटोकोसेरो,Q25769,Short-eared owl,False
57142,सेतोपङ्खे फ्यालफ्याले,Q241753,White-winged tern,False
31431,बगुवा,Q3415597,Baguwa,False
18039,पुडुकोट्टई जिल्ला,Q15190,Pudukkottai district,False
27905,अमर अर्बाथोक,Q4740000,Amar Abathok,False
18086,शिवराज सिंह चौहान,Q3180602,Shivraj Singh Chouhan,False
17972,टिहिरी गढवाल जिल्ला,Q1357107,Tehri Garhwal district,False
82008,अस्ट्रेलिया विरुद्ध वेस्ट इन्डिज २०१५-१६,Q20648762,West Indian cricket team in Australia in 2015–16,False
14134,भेरी नदी,Q3695384,Bheri River,False
99529,यासर अल-शाहरानी,Q2888773,Yasser Al-Shahrani,False
54840,सोनाली बेन्द्रे,Q32342,Sonali Bendre,False
130203,कालो चश्मा,Q217541,Sunglasses,False
33732,नृत्य,Q11639,Dance,False
105382,भेडे खुर्सानी,Q1548030,Bell pepper,False
78657,चिनियाँ घाँसेचरी,Q12258718,Chinese grassbird,False
101001,डिजी दूरसञ्चार,Q3268530,CelcomDigi,False
101119,चिरञ्जीवि,Q2724170,Chiranjivi,False
102093,न्यू रोमान्टिक (टेलर स्विफ्टको गीत),Q22918941,New Romantics (song),False
80322,स्कार्लेट जोहानसन,Q34436,Scarlett Johansson,False
51990,वि क्यान रिमेम्बर इट फर फर यु होलसेल (संग्रह),Q7977472,We Can Remember It for You Wholesale (collection),False
147871,राष्ट्रिय प्रजा पार्टी,Q7295307,Rastriya Praja Party,False
83457,कर्णम मल्लेश्वरी,Q467327,Karnam Malleswari,False
42775,"थप्रेक, तनहुँ",Q385840,"Thaprek, Tanahun",False
9383,अजरबैजान (स्पष्टता),Q1572530,Azerbaijan (disambiguation),False
77706,युगान्डाका विश्व सम्पदा क्षेत्रहरूको सूची,Q6357128,List of World Heritage Sites in Uganda,False
135640,सिप्रिंन खोला जलविद्युत केन्द्र,Q104871665,Sipring Khola Hydropower Station,False
61632,तीव्रग्राहिता,Q168800,Anaphylaxis,False
128819,गैडहवा गाउँपालिका,Q65410218,Gaidahawa Rural Municipality,False
135638,रिडी खोला जलविद्युत केन्द्र,Q104871659,Ridi Khola Hydropower Station,False
121029,खाराको दोस्रो लडाइँ,Q104855929,Second Battle of Khara,False
79656,प्याट्रिक अस्सेम्स,Q3369198,Patrick Aussems,False
27885,बहादुरपुर,Q4842281,"Bahadurpur, Palpa",False
114968,वर्ल्डलिङ्क कम्युनिकेसन,Q8035298,WorldLink Communications,False
101007,एक्जिएम टेलिकम,Q4830545,Axiom Telecom,False
52001,कोलोनी (लघुकथा),Q1115939,Colony (novelette),False
83931,अङ्ग्रेजी वर्णमाला,Q754673,English alphabet,False
150592,खड्गमान सिंह,Q65398501,Khadga Man Singh,False
17956,मेडक जिल्ला,Q15386,Medak district,False
83100,अवानी मोदी,Q21066423,Avani Modi,False
25517,रोनाल्डो,Q529207,Ronaldo (Brazilian footballer),False
82599,भार्गवी राव,Q16773355,Bhargavi Rao,False
3988,चौघरे,Q5088135,Chaughare,False
136048,गङ्गाराम चौधरी,Q116188610,Ganga Ram Chaudhary,False
8715,कार्ल मार्क्स,Q9061,Karl Marx,False
91710,स्तन ग्रन्थी,Q189961,Mammary gland,False
43309,सरगम,Q4408537,Sargam (music),False
83431,स्वरूप सम्पत,Q7653917,Swaroop Sampat,False
124856,नेपालका संसदीय निर्वाचन क्षेत्रहरूको सूची,Q60518189,List of parliamentary constituencies of Nepal,False
4551,मनमोहन अधिकारी,Q732940,Man Mohan Adhikari,False
84275,युनिस खान,Q3352654,Younis Khan,False
151094,चिप्लीभर्‍याङ,Q15003,Escalator,False
93238,नेपाल राष्ट्रिय अन्डर-२३ फुटबल टोली,Q16011746,Nepal national under-23 football team,False
26943,पाख्रीबास नगरपालिका,Q3414697,Pakhribas Municipality,False
56755,भीमराज चिबे,Q856531,Greater racket-tailed drongo,False
30837,बालाबाखर,Q3428473,Balabakhar,False
137109,२०२५ महिला क्रिकेट विश्वकप,Q116954206,2025 Women's Cricket World Cup,False
151002,बलात्कार सम्बन्धी कानूनहरू,Q5202858,Laws regarding rape,False
14745,शशाङ्क कोइराला,Q7490542,Shashanka Koirala,False
79111,देउमाई नगरपालिका,Q20809760,Deumai Municipality,False
79210,तारकेश्वर नगरपालिका,Q20809830,Tarakeshwar,False
107607,नारायणगन्ज जिल्ला,Q2208354,Narayanganj District,False
108575,अरबी ब्वाँसो,Q624310,Arabian wolf,False
123196,सुहार्तो,Q44819,Suharto,False
31693,साइगाउँ,Q3420274,Saigaun,False
5054,गौतम बुद्ध,Q9441,The Buddha,False
55181,इन्डिया समर,Q433047,India Summer,False
100404,२०२३ फिफा महिला विश्वकप,Q19672232,2023 FIFA Women's World Cup,False
125117,"काठमाडौँ महानगरपालिका निर्वाचन, २०७९",Q109975161,2022 Kathmandu municipal election,False
146438,आतङ्कवाद,Q7283,Terrorism,False
63578,नेट रन रेट,Q676752,Net run rate,False
84240,सुनिल नारायण,Q7640331,Sunil Narine,False
58703,जे–जी (गायक),Q62766,Jay-Z,False
53718,इन्टरनेट सोसाइटी,Q749257,Internet Society,False
84953,सङ्क्रामक पखाला,Q156103,Gastroenteritis,False
56819,कैले वनकाग,Q25354,Eurasian jay,False
27226,जालपा,Q7348043,"Jalapa, Nepal",False
94385,दोस्रो विश्वयुद्धका कारणहरू,Q714999,Causes of World War II,False
7536,नाता,Q171318,Kinship,False
83426,अन्तरा माली,Q45889,Antara Mali,False
54046,दया बैद्य,Q4102455,Daya Vaidya,False
7003,फ्रान्स मेरिङ,Q18806,Franz Mehring,False
74836,उत्तरी अस्ट्रेलिया,Q17017944,Northern Australia,False
4861,बौद्धनाथ,Q889902,Boudha Stupa,False
111905,द अन्डरटेकर,Q44304,The Undertaker,False
27174,तपेश्वरी,Q2001646,Tapeshwari,False
33054,होश्राङ्दी,Q3416124,Hosrangdi,False
51561,जाइन्ट्स ब्रेड,Q3288049,Giant's Bread,False
80463,रोशन थापा,Q7368819,Roshan Thapa,False
103062,कार्तवीर्य अर्जुन,Q3765000,Kartavirya Arjuna,False
57236,परोपकार प्रसूति तथा स्त्री रोग अस्पताल,Q19680078,Paropakar Maternity and Women's Hospital,False
57047,आली चुइयाँ,Q1590538,Paddyfield pipit,False
100198,जोन स्टोन्स (फुटबल खेलाडी),Q2025900,John Stones,False
81014,जेमी लिन स्पियर्स,Q55497,Jamie Lynn Spears,False
49391,एरिया जिओभानी,Q35998,Aria Giovanni,False
23402,सिद्राहा,Q3417459,Sidharaha,False
26077,साप्पाटा,Q6628355,Sappata,False
108569,नीलगिरी लङ्गुर,Q1144310,Trachypithecus johnii,False
73378,सडक,Q34442,Road,False
84998,वास्तविक समयमा कुल फर्छ्यौट,Q1680302,Real-time gross settlement,False
50877,नाओमी वाट्स,Q132616,Naomi Watts,False
23569,ढुङ्गेसाँघु,Q3410221,Dhungesaghu,False
105699,काँची: द अनब्रेकेबल,Q6343429,Kaanchi (2014 film),False
10494,चतुर्भुज (गणित),Q36810,Quadrilateral,False
92587,रवि थापा,Q30076029,Rabi Thapa,False
23727,तान,Q173056,Loom,False
144723,ग्लूमी सन्डे,Q747869,Gloomy Sunday,False
133400,बङ्गलादेशको भूगोल,Q2347883,Geography of Bangladesh,False
127376,नेपा राज्य,Q6994316,Nepa kingdom,False
100229,होन्डुरस महिला राष्ट्रिय फुटबल टोली,Q1626798,Honduras women's national football team,False
91278,अर्पण थापा,Q21932018,Arpan Thapa,False
88933,दीपा कर्मकार,Q17466291,Dipa Karmakar,False
45839,जानकी मेडिकल कलेज,Q19672701,Janaki Medical College,False
56462,चश्मे उल्लू,Q616393,Brown wood owl,False
93389,टाइगर जिन्दा है,Q28753302,Tiger Zinda Hai,False
143695,अस्माकुमारी चौधरी,Q115794481,Aasma Kumari Chaudhary,False
131525,प्रद्योत वंश,Q5620921,Pradyota dynasty,False
5931,जगतीपुर,Q260789,Jagatipur,False
78643,क्यारल,Q219279,Caral,False
17806,विभीषण,Q3285505,Vibhishana,False
51504,द मर्डर अन द लिङ्क्स,Q542293,The Murder on the Links,False
108488,जलदापाडा राष्ट्रिय निकुञ्ज,Q3350362,Jaldapara National Park,False
33822,रोहित चन्द,Q3940192,Rohit Chand,False
38576,प्राइम कमर्सियल बैङ्क,Q13183554,Prime Commercial Bank,False
76600,पूनम ढिल्लोन,Q3595934,Poonam Dhillon,False
135354,नारायण,Q746495,Narayana,False
135674,माथिल्लो माई-सी जलविद्युत केन्द्र,Q104873212,Upper Mai-C Hydropower Station,False
31417,तान्द्राङ,Q7239039,"Tandrang, Gorkha",False
86925,कट्टी बट्टी (२०१५ चलचित्र),Q18215026,Katti Batti,False
90788,आइभोरी कोस्ट राष्ट्रिय फुटबल टोली,Q175145,Ivory Coast national football team,False
138578,पानीगोहोरो,Q1499194,Tylototriton verrucosus,False
26015,बान्नातोली,Q3427376,Bannatoli,False
140749,नेपाली लोकतन्त्र आन्दोलन,Q5255523,Nepalese democracy movement,False
132551,नवलपरासी (बर्दघाट सुस्ता पूर्व) २ (निर्वाचन क्षेत्र),Q104874723,Nawalparasi (Bardaghat Susta East) 2,False
52064,न्यानी (लघुकथा),Q6963923,Nanny (short story),False
32012,नेले,Q2226197,Nele,False
61863,अभय सुब्बा,Q4667349,Abhaya Subba,False
32176,लक्ष्मी बैङ्क,Q13185689,Laxmi Bank,False
54150,मानव अधिकार सम्बन्धी विश्वव्यापी घोषणा पत्र १९४८,Q7813,Universal Declaration of Human Rights,False
92523,लेबनान राष्ट्रिय फुटबल टोली,Q318928,Lebanon national football team,False
83182,वी. एस. रमादेवी,Q6543227,V. S. Ramadevi,False
14455,नवमी,Q3526646,Navami,False
125212,काठमाडौँको नगर प्रमुख,Q112134510,Mayor of Kathmandu,False
58389,जेसिका बेल,Q163249,Jessica Biel,False
15324,राज्यपाल,Q132050,Governor,False
100997,निर्वाण,Q42927,Nirvana,False
10082,बक्सर जिल्ला,Q49161,Buxar district,False
33983,उत्सर्जन,Q185557,Excretion,False
142214,आमार देश,Q4740012,Amar Desh,False
85756,बागी (२०१६ चलचित्र),Q20649274,Baaghi (2016 film),False
141669,न्वारन,Q7070737,Nwaran,False
88337,कुवेत सहर,Q35178,Kuwait City,False
4143,कैँची,Q40847,Scissors,False
49868,सरुभक्त,Q7424695,Saru Bhakta,False
56784,बीउ कुहियो,Q221928,Common hawk-cuckoo,False
148373,ज्याक किङ,Q15734051,Zach King,False
4935,इन्द्रबहादुर राई,Q11271703,Indra Bahadur Rai,False
47974,नहुष,Q2633157,Nahusha,False
143277,लिनक्स बितरण,Q131669,Linux distribution,False
73606,लेफ्टिनेन्ट,Q186024,Lieutenant,False
30781,हरिने,Q3422287,Harine,False
6020,फिकुरी,Q3411346,Phikuri,False
133702,टिभी अज्तेका,Q1281055,TV Azteca,False
150309,जल टर्बाइन,Q644997,Water turbine,False
47615,प्रजातिय विविधता,Q706937,Species diversity,False
71246,अबुल अहसन,Q4670570,Abul Ahsan,False
32603,"हरिहरपुर, पर्सा",Q5657456,"Hariharpur, Parsa",False
143713,हाभियर बार्डेम,Q134895,Javier Bardem,False
51994,सेकन्ड भेराइटी (१९८९ संग्रह),Q7443625,Second Variety (1989 collection),False
8389,भ्याटिकन सिटी,Q237,Vatican City,False
104004,सेतु क्लब,Q63245106,Sethu FC,False
29892,"सुदामा, सर्लाही",Q7633283,"Sudama, Nepal",False
147428,घडी,Q376,Clock,False
100031,मङ्गोलिया महिला राष्ट्रिय फुटबल टोली,Q56720562,Mongolia women's national football team,False
32972,फोक्सुण्डो,Q3425765,Phoksundo,False
150715,प्रारम्भिक आधुनिक अवधिमा बोक्सी परीक्षणहरू,Q16147871,Witch trials in the early modern period,False
132258,पहिलो हिक्मतकुमार कार्की मन्त्रिपरिषद्,Q117020016,First Hikmat Kumar Karki cabinet,False
133392,भारतको भूगोल,Q838671,Geography of India,False
120553,बेबी ड्राइभर,Q23016644,Baby Driver,False
1974,लक्जेम्बर्ग,Q32,Luxembourg,False
100242,बहामस महिला राष्ट्रिय फुटबल टोली,Q3277264,Bahamas women's national football team,False
12976,आकाशबेली,Q10937599,Cuscuta reflexa,False
50684,सत्यानासी झार,Q683404,Argemone mexicana,False
87738,इङ्ल्यान्ड महिला राष्ट्रिय फुटबल टोली,Q204204,England women's national football team,False
55477,ढाल,Q14076,Condom,False
142222,सवारी दर्ता प्लेट,Q22706,Vehicle registration plate,False
66469,सुघन्धराज,Q42729158,Agave amica,False
137659,अन्टार्कटिक सन्धि प्रणाली,Q182814,Antarctic Treaty System,False
107746,पतारी (सेवा),Q20644552,Patari (service),False
136555,विजय वंश,Q18204619,House of Vijaya,False
56454,कालपेचक,Q856009,Brown boobook,False
8221,स्याङ्जा जिल्ला,Q28448,Syangja District,False
47349,चन्द्रप्रकाश मैनाली,Q206268,C. P. Mainali,False
142482,मानव विकास सूचकाङ्क अनुसार नेपालका प्रदेशहरूको सूची,Q65063571,List of Nepalese provinces by Human Development Index,False
56932,बैकालगैरी,Q27461190,Baikal teal,False
99632,ओस्कार,Q19497,"Oscar (footballer, born 1991)",False
77544,लाओसका विश्व सम्पदा क्षेत्रहरूको सूची,Q4435428,List of World Heritage Sites in Laos,False
26236,मरन्ठाना,Q3427774,Maranthana,False
51109,नेपालको आमसञ्चार,Q6805916,Mass media in Nepal,False
42787,मनपाङ,Q3425452,Manpang,False
49380,एमी फिसर,Q467216,Amy Fisher,False
52775,"रूपाकोट, कास्की",Q7210833,"Rupakot, Kaski",False
148862,पदयात्रा,Q12014035,Hiking,False
9548,हरिद्वार,Q273030,Haridwar,False
121014,मामोस्तोङ काङ्ग्री,Q937361,Mamostong Kangri,False
26902,बबिया,Q3415312,Babiya,False
8298,अन्नपूर्ण हिमशृङ्खला,Q159621,Annapurna (mountain range),False
25424,शेरबहादुर देउवा,Q470903,Sher Bahadur Deuba,False
124299,पाकिस्तानको विभाग,Q4814017,Divisions of Pakistan,False
108100,चुनारुघाट उपजिल्ला,Q4518073,Chunarughat Upazila,False
108589,नेपाल नाग,Q25586277,Nepal Nag,False
101712,चीनको लागि नेपाली राजदुत,Q30621887,List of ambassadors of Nepal to China,False
70742,माले,Q9347,Malé,False
86681,२०१६ प्रो कबड्डी लिग (जनवरी),Q22668282,2016 Pro Kabaddi League (January),False
49024,डेमी डेलिया,Q732111,Gina Rodriguez (pornographic film actress),False
114565,एन्फा कम्प्लेक्स,Q23043426,ANFA Complex,False
28044,ओदानकु,Q7077272,Odanku,False
99957,पिनट्रेस्ट,Q255381,Pinterest,False
136934,तृप्ति डिमरी,Q56425189,Triptii Dimri,False
42939,गोबर,Q910759,Cow dung,False
49298,कपुर,Q181559,Camphor,False
123004,बुद्धदेव भट्टाचार्य,Q1000836,Buddhadeb Bhattacharjee,False
135118,मैथिल ब्राह्मण,Q6737115,Maithil Brahmin,False
150015,बाली विज्ञान,Q173113,Agronomy,False
128811,उमाकुण्ड गाउँपालिका,Q65413852,Umakunda Rural Municipality,False
24315,समुद्र,Q165,Sea,False
31601,"कालिकादेवी, ओखलढुङ्गा",Q3420842,Kalikadevi,False
9516,उत्तर प्रदेश,Q1498,Uttar Pradesh,False
10839,सिंह राशि,Q159816,Leo (astrology),False
88515,भारत चार्टर्ड एकाउन्टेन्ट्स संस्था,Q3530387,Institute of Chartered Accountants of India,False
79602,हाँडे,Q176741,Mumps,False
146827,२०२५ एसिया कप,Q121811541,2025 Asia Cup,False
12935,आहाले,Q685460,Ahale,False
74611,माइकल बालाक,Q11948,Michael Ballack,False
150898,नेपाली मोहर,Q6994502,Nepalese mohur,False
75376,सिड्नी बन्दरगाह सेतु,Q54495,Sydney Harbour Bridge,False
17466,सिवनी जिल्ला,Q2221184,Seoni district,False
8808,लुई पास्चर,Q529,Louis Pasteur,False
52174,थ्री अफ देम,Q17783308,Three of Them,False
52676,अङ्गेरी,Q3336992,Lyonia ovalifolia,False
100077,लिबिया महिला राष्ट्रिय फुटबल टोली,Q16843318,Libya women's national football team,False
119601,जेनेट कार्स्टन,Q34004222,Janet Carsten,False
33187,पसगाउँ,Q3418655,Pasagaun,False
17942,शोणितपुर जिल्ला,Q42765,Sonitpur district,False
115615,एभेन्जर्स: इन्डगेम,Q23781155,Avengers: Endgame,False
13675,ट्रेड युनियन,Q178790,Trade union,False
97536,भियतनाम युद्ध,Q8740,Vietnam War,False
7042,सुर्खेत विमानस्थल,Q1756900,Surkhet Airport,False
12572,बलुचिस्तान (स्पष्टता),Q268513,Balochistan (disambiguation),False
23696,मत्स्यपोखरी,Q3424442,Matsya Pokhari,False
142370,डिसी मोटर,Q3842034,DC motor,False
122702,पोल पोट,Q39464,Pol Pot,False
2462,नेपालको भूगोल,Q2398928,Geography of Nepal,False
6880,मानदेव,Q6411902,Manadeva,False
127192,खप्तडछान्ना गाउँपालिका,Q97159467,Khaptadchhanna Rural Municipality,False
130903,रानुमौरी,Q816345,Queen bee,False
119512,मानव जाति विज्ञान,Q43455,Ethnology,False
131693,राम सहाय यादव,Q106993234,Ram Sahaya Yadav,False
63694,मेरी (यसुकी आमा),Q345,"Mary, mother of Jesus",False
30811,पौडेश्वर,Q3414927,Paudeshwar,False
4405,छ,Q500493,Cha (Indic),False
53016,लीला,Q1163669,Lila (Hinduism),False
48298,म्यानचेस्टर,Q18125,Manchester,False
33506,कनकाई धाम कोटीहोम,Q13179814,Kotihome,False
56724,टुइँसी सुगा,Q913813,Plum-headed parakeet,False
53509,उत्प्रेषण,Q1056352,Certiorari,False
30635,शर्माली,Q3419860,Sarmali,False
147217,गुवाहाटी नाट्य महोत्सव,Q55394307,Guwahati Theatre Festival,False
99622,मिश्र राष्ट्रिय फुटबल टोली,Q28089,Egypt national football team,False
30971,हर्नैया,Q5646845,Hanaiya,False
29585,किम्ताङ,Q3427226,Kintang,False
31496,गोश्वारा,Q3421993,Goshwara,False
141838,बर्फोक,Q4860507,Barfok,False
87903,ग्यालियम,Q861,Gallium,False
72612,थियोडोर रूजवेल्ट,Q33866,Theodore Roosevelt,False
101331,ईशा फाउन्डेशन,Q3532656,Isha Foundation,False
149399,प्रशान्त किशोर,Q21516955,Prashant Kishor,False
5141,भौतिक पूर्वाधार तथा यातायात मन्त्रालय,Q19682107,Ministry of Physical Infrastructure and Transport,False
31007,"मधुवनी, रुपन्देही",Q6727576,Madhuwani,False
29705,गुठीप्रसौनी,Q3420267,Guthi Parsauni,False
139688,कोरल ब्लिचिङ,Q568916,Coral bleaching,False
23534,रेसम किरा,Q134747,Bombyx mori,False
30839,"हरिहरपुर, धनुषा",Q5657439,"Hariharpur, Dhanusha",False
29654,भक्तपुर दरबार क्षेत्र,Q4900869,Bhaktapur Durbar Square,False
86694,२०१५ एएफसी एसिया कप,Q876301,2015 AFC Asian Cup,False
54571,गोपाल पराजुली (कवि),Q13180701,Gopal Parajuli,False
123125,दोरिसामी राजा,Q5203793,D. Raja,False
82583,शुक्रनीति,Q17307622,Shukra-Niti,False
29678,पैंक,Q3425367,Paink,False
35854,मुख्य अनुक्रम,Q3450,Main sequence,False
63263,कचौरा,Q153988,Bowl,False
137036,राष्ट्रमण्डलका सदस्य राष्ट्रहरू,Q1757823,Member states of the Commonwealth of Nations,False
105953,भीरकोट राज्य,Q104881044,Kingdom of Bhirkot,False
123122,रक्त समूह,Q47657,Blood type,False
103402,भष्मासुर,Q4901378,Bhasmasura,False
20737,उत्परिवर्तन,Q42918,Mutation,False
114946,मिल्फ पोर्नोग्राफी,Q2740356,MILF pornography,False
90602,नरभक्षी बाघ,Q7801515,Tiger attack,False
83348,एली एवराम,Q15082000,Elli AvrRam,False
78179,गोरीको टापु,Q244347,Gorée,False
130572,दक्षिणपूर्व एसिया,Q11708,Southeast Asia,False
52312,म्याक्सिम गोर्कीका कृतिहरू,Q6795584,Maxim Gorky bibliography,False
27589,सिपाली चिलाउने,Q3423790,Sipali Chilaune,False
12960,बकाइनो,Q162171,Melia azedarach,False
144740,सुग्लाखाङ दरबार,Q7850089,Tsuklakhang Palace,False
56992,खैरो टिउँटिउँ,Q731404,Brown bullfinch,False
133653,शेख,Q185166,Sheikh,False
17208,जान्जगीर-चाम्पा जिल्ला,Q2575633,Janjgir–Champa district,False
14163,बबई नदी,Q16238796,Babai River,False
123665,महाकवि देवकोटा,Q109805619,Mahakavi Devkota,False
136465,दक्षिण अमेरिकी भूखण्ड,Q119490,South American plate,False
48512,क्यान्डी (स्पष्टता),Q236271,Candy (disambiguation),False
14377,ह्वाकु,Q5684653,Hawaku,False
31846,खोपी,Q3420306,Khopi,False
107119,लाइभ ड्राइभ,Q6658160,Livedrive,False
31295,मल्हनिया गम्हरिया,Q3425421,Malhaniya Gamharia,False
54419,बैठक कोठा,Q475018,Living room,False
104178,कुमाइँ,Q3630074,Kumaoni people,False
134027,मिस्री चित्रलिपि,Q132659,Egyptian hieroglyphs,False
26085,चैनपुर (स्पष्टता),Q3420491,Chainpur,False
103807,नेपोलियन द्वितीय,Q7723,Napoleon II,False
133659,पूर्वी आर्य भाषा परिवार,Q12593391,Eastern Indo-Aryan languages,False
54566,प्रकृति,Q7860,Nature,False
26226,तोरवाङ,Q7484784,Torbang,False
149116,ब्रह्मास्त्र,Q4096158,Brahmastra,False
110953,भीली भाषा,Q33229,Bhili language,False
56369,ठूलो बगाले भ्याकुर,Q28922055,Large grey babbler,False
26173,गैरीगाउँ,Q5527789,Gaurigaun,False
23064,आलाबामा,Q173,Alabama,False
18455,पतञ्जलि,Q231680,Patanjali,False
14665,ओम प्रकाश शर्मा,Q67936038,Om Prakash Sharma (Nepali politician),False
6440,माधवकुमार नेपाल,Q332509,Madhav Kumar Nepal,False
136335,नाउरू,Q697,Nauru,False
150332,अल्केन,Q41581,Alkane,False
92797,गण्डकी गाउँपालिका,Q30277468,Gandaki Rural Municipality,False
83978,दक्षिण एसियाली खेलकुद,Q1196475,South Asian Games,False
94911,बुढीगङ्गा गाउँपालिका,Q43281518,Budhiganga Rural Municipality,False
146515,वन विनाश,Q169940,Deforestation,False
44671,द स्काइ इज फलिङ,Q3017787,The Sky Is Falling (Sheldon novel),False
119104,इजाबेल कोचर,Q24007702,Isabelle Kocher,False
50302,खिर्रो,Q2248340,Wrightia antidysenterica,False
86655,सञ्जीव कुमार,Q1974722,Sanjeev Kumar,False
106244,द शशाङ्क रिडेम्पसन,Q172241,The Shawshank Redemption,False
80790,ब्याटिङ (क्रिकेट),Q810903,Batting (cricket),False
95345,रामेन,Q234646,Ramen,False
150465,नेपाल ईन्जिनियर्स एसोसियसन,Q97933350,Nepal Engineers Association,False
51068,प्रजननदर,Q203516,Birth rate,False
100257,केभिन विमर,Q10552708,Kevin Wimmer,False
57178,द्रोणक चील,Q795439,Black eagle,False
48133,कावेरी नदी,Q216239,Kaveri,False
94881,याङवरक गाउँपालिका,Q52026915,Yangwarak Rural Municipality,False
9487,तामाकोशी नदी,Q20748289,Tamakoshi River,False
114102,अब्दुल्लाह गुल,Q42852,Abdullah Gül,False
15732,पार्वती,Q170485,Parvati,False
136973,प्राइम सङ्ख्या,Q49008,Prime number,False
47642,छन्त्याल भाषा,Q4926344,Chantyal language,False
126808,राइतो,Q1483397,Raita,False
56310,नेपाली बुङ्गेचरा,Q3238764,Green-tailed sunbird,False
48648,चम्सुर,Q27033,Garden cress,False
29121,जर्बुटा,Q3427812,Jarbuta,False
30952,धकधइ,Q3411361,Dhakadhai,False
133324,प्राचिन नेपाल,Q110235692,Ancient history of Nepal,False
13660,पुस्तकालय,Q7075,Library,False
85065,डिस होम,Q17010778,DishHome,False
56694,सानो लघुपङ्ख,Q73854,Lesser shortwing,False
13417,त्रेता युग,Q1772811,Treta Yuga,False
16366,"तपोवन, दार्चुला",Q3426261,Tapoban,False
90282,चतांमरि,Q5087487,Chataamari,False
63899,साङ्ला,Q25309,Blattodea,False
135557,लोनाक नदी,Q6538559,Lhonak River,False
77622,उत्तरी तथा केन्द्रीय एसियाका विश्व सम्पदा क्षेत्रहरूको सूची,Q2990612,List of World Heritage Sites in Central Asia,False
48284,घटोत्कच,Q1976196,Ghatotkacha,False
122870,नाथुला भन्ज्याङ,Q499714,Nathu La,False
145270,माइक्रोसफ्ट काेपाइलट,Q116793893,Microsoft Copilot,False
85672,साला खडूस (२०१६ चलचित्र),Q18126068,Irudhi Suttru,False
5847,धुवाङ,Q3411166,Dhubang,False
88316,२०१६-१७ युइएफए च्याम्पियन लिग,Q18740961,2016–17 UEFA Champions League,False
108557,बाला (२०१९ चलचित्र),Q63941454,Bala (2019 film),False
6423,महानन्द सापकोटा,Q6733115,Mahananda Sapkota,False
48691,एन्निके क्राहन,Q467270,Annike Krahn,False
148806,सत्यभामा,Q2668668,Satyabhama,False
51635,द सिकनेस (एनिमर्फ्स),Q7764093,The Sickness (novel),False
33087,हाकु,Q5640607,"Haku, Rasuwa",False
27228,टेम्मा,Q7422220,"Tempa, Nepal",False
86215,पोर्तगाली भाषा,Q5146,Portuguese language,False
17935,नलबाडी जिल्ला,Q42779,Nalbari district,False
78164,मैदेन टावर (बाकु),Q842822,Maiden Tower (Baku),False
57139,लघु फ्यालफ्याले,Q12267692,Little tern,False
126661,सार्वभौम राज्य,Q3624078,Sovereign state,False
27854,खस्यौली,Q3426375,Khasyoli,False
45986,रोविन शर्मा,Q2604952,Robin Sharma,False
62171,ढोढना,Q3411097,Dhodhana,False
17426,चुराचन्दपुर जिल्ला,Q2577281,Churachandpur district,False
76644,भरत सिटौला,Q20604459,Bharat Sitaula,False
56404,मुँदाले तोरीगाँडा,Q40655658,Spotted laughingthrush,False
100317,सर्जीयो गोमेज मार्टिन,Q30346413,"Sergio Gómez (footballer, born 2000)",False
17568,टोङ्क जिल्ला,Q915880,Tonk district,False
128549,डोसा,Q920940,Dosa (food),False
26230,धर्मावती,Q5269359,Dharmawati,False
84560,मोहम्मद अली,Q36107,Muhammad Ali,False
144767,बलिउड प्रसिद्धिको यात्रा,Q7962083,Walk of the Stars,False
121608,सेना,Q8473,Military,False
101692,साम्राज्य लक्ष्मी देवी,Q21182523,Samrajya Lakshmi Devi,False
66826,"केतुके, ओखलढुङ्गा",Q3417623,Ketuke,False
137887,कुलपति (शिक्षा),Q61061,Chancellor (education),False
87461,कविता कृष्णमूर्ति,Q467315,Kavita Krishnamurthy,False
23809,मधुपट्टी,Q3429274,Madhupati,False
83285,मानव विकास (अर्थशास्त्र),Q2917873,Human development (economics),False
9395,नेपाल प्रजा परिषद्,Q19679769,Nepal Praja Parishad,False
16252,नेपालमा बोलिने भाषाहरू,Q3432143,Languages of Nepal,False
125990,मदाने गाउँपालिका,Q65410517,Madane Rural Municipality,False
93271,उच्च अदालत,Q3128539,High court,False
87699,थोन्मि सम्भोट,Q1391159,Thonmi Sambhota,False
48568,टाइटानिक (१९९७ चलचित्र),Q44578,Titanic (1997 film),False
98578,उत्प्रेरणा,Q644302,Motivation,False
53045,पारस शाह,Q487100,Paras Bir Bikram Shah,False
47346,यज्ञबहादुर बस्न्यात,Q13185123,Yagya Bahadur Basnyat,False
49984,एडल्फ हिटलर,Q352,Adolf Hitler,False
74895,तेजाब आक्रमण,Q1540534,Acid attack,False
133907,जयशङ्कर भुपालपल्ली जिल्ला,Q28169775,Jayashankar Bhupalpally district,False
146514,वातावरणीय ह्रास,Q1334780,Environmental degradation,False
52394,बर्मुडा,Q23635,Bermuda,False
82634,नेपाल महिला राष्ट्रिय फुटबल टोली,Q2650499,Nepal women's national football team,False
18173,मालबाजार उपविभाग,Q13184858,Malbazar subdivision,False
128820,मर्चवारी गाउँपालिका,Q97168419,Marchawari Rural Municipality,False
147082,आइची,Q80434,Aichi Prefecture,False
33035,बालाकोट,Q339448,"Balakot, Nepal",False
132661,पर्सा २ (निर्वाचन क्षेत्र),Q104881883,Parsa 2,False
122445,उत्तरजीवी पूर्वाग्रह,Q2919077,Survivorship bias,False
131322,जगज्योति मल्ल,Q6122098,Jagajjyoti Malla,False
80664,"हिजो, आज, भोलि (चलचित्र)",Q25620323,Hijo Aaja Bholi,False
142251,उर्ध्वचाप,Q6497624,Buoyancy,False
114103,सर्वश्रेष्ठ अभिनेताको लागि फिल्मफेयर पुरस्कार - तेलुगु,Q5449062,Filmfare Award for Best Actor – Telugu,False
90352,झापा गोल्डकप,Q28184036,Jhapa Gold Cup,False
4390,वीर अस्पताल,Q13184064,Bir Hospital,False
35946,भोड्का,Q374,Vodka,False
128774,रामहरि खतिवडा,Q115912476,Ram Hari Khatiwada,False
82545,नालापत बालमणि अम्मा,Q3595448,Balamani Amma,False
12095,चार धाम,Q1372264,Char Dham,False
12607,रोमियो र जुलिएट,Q83186,Romeo and Juliet,False
87474,सुखविन्दर सिंह,Q2344606,Sukhwinder Singh,False
5043,सोयाक,Q7005285,Soyak,False
14221,बज्जिका,Q3636001,Bajjika,False
92251,अञ्जली शर्मा,Q4765744,Anjali Sharma (cricketer),False
126532,पुतला,Q855680,Mannequin,False
83080,युविका चौधरी,Q8062169,Yuvika Chaudhary,False
76593,लोकतक ताल,Q2995601,Loktak Lake,False
130344,हरिहरपुरगढी गाउँपालिका,Q3422367,Hariharpurgadhi Rural Municipality,False
97040,कश्मीरी भाषा,Q33552,Kashmiri language,False
64173,बाम्ती भण्डार,Q3420145,Bamti Bhandar,False
26232,पकला,Q7125416,"Pakala, Nepal",False
50697,बेली,Q1356614,Jasminum sambac,False
78670,गामेलस्तद गिर्जाघर सहर,Q1756286,Gammelstad Church Town,False
32836,निरौली,Q3423800,Nirauli,False
44369,अल्मोडा,Q588817,Almora,False
51543,मिसेज म्याकगिन्टीज डेड,Q845106,Mrs McGinty's Dead,False
78581,द एशेज,Q725151,The Ashes,False
140330,विश्वम्भरप्रसाद श्रेष्ठ,Q60676575,Bishowambhar Prasad Shrestha,False
125122,"भरतपुर महानगरपालिका निर्वाचन, २०७९",Q111876834,2022 Bharatpur municipal election,False
77769,एलिफेन्टा गुफाहरू,Q649384,Elephanta Caves,False
65784,अङ्कगणितीय अनुक्रम,Q170008,Arithmetic progression,False
12651,चित्तल,Q232054,Chital,False
106076,हरि सिंह,Q12446053,Hari Singh,False
108192,तपन सिन्हा,Q940858,Tapan Sinha,False
93218,भूमिकास्थान नगरपालिका,Q33062189,Bhumikasthan,False
33205,सिन्दुरे,Q3417564,Sindure,False
51916,मार्टियन टाइम-स्लिप,Q1317921,Martian Time-Slip,False
108237,दिराई उपजिल्ला,Q5261293,Derai Upazila,False
119277,हृदयेन्द्र शाह,Q4207159,Hridayendra Shah,False
45424,जैन आगम,Q3595749,Jain Scriptures,False
54120,उहुरु केन्याटा,Q196070,Uhuru Kenyatta,False
146739,धर्मनिरपेक्ष राज्य,Q859563,Secular state,False
112861,ब्रिक्स,Q243630,BRICS,False
77825,कुतुब मिनार,Q187635,Qutb Minar,False
92031,तेमाल गाउँपालिका,Q104878996,Temal Rural Municipality,False
93259,जैमिनी नगरपालिका,Q33106611,Jaimini Municipality,False
148818,भूमि (देवी),Q581805,Bhumi (goddess),False
80396,किङ्गफिसर (बियर),Q1572281,Kingfisher (beer),False
102993,विक्की कौशल,Q21063646,Vicky Kaushal,False
101907,नेपाल पर्यटन बोर्ड,Q96395220,Nepal Tourism Board,False
150809,जेरार्डो मार्टिनो,Q356773,Gerardo Martino,False
84165,तराजु,Q134566,Weighing scale,False
54757,नरिवलको पानी,Q633401,Coconut water,False
85023,सुशील श्रेष्ठ,Q31764187,Sushil Shrestha,False
90941,यारियाँ (२०१४ चलचित्र),Q17157330,Yaariyan (2014 film),False
109125,नीलम कार्की,Q6986768,Neelam Karki Niharika,False
105812,आयन,Q36496,Ion,False
26797,हुनैनाथ,Q3415367,Hunainath,False
77670,गिनीका विश्व सम्पदा क्षेत्रहरूको सूची,Q6357048,List of World Heritage Sites in Guinea,False
31944,मझुवा,Q6738507,"Majhuwa, Sindhuli",False
77161,कोदारी,Q6425224,Kodari,False
4106,देउलीकोट,Q3412402,Deulikot,False
138032,राप्ती राजमार्ग,Q25378146,Rapti Highway,False
23588,सान्थाक्रा,Q3427973,Santhakra,False
13840,अक्षांश,Q34027,Latitude,False
120478,नुवाकोट सौर्य उर्जा केन्द्र,Q96396979,Nuwakot Solar Power Station,False
5222,रक्षा मन्त्रालय (नेपाल),Q13185205,Ministry of Defence (Nepal),False
12991,पैयुँ,Q150149,Prunus cerasoides,False
99458,इजरायल राष्ट्रिय फुटबल टोली,Q191406,Israel national football team,False
103409,हरिसिंहदेव,Q47240138,Harisimhadeva,False
6145,कृषि तथा पशु विज्ञान अध्ययन संस्थान,Q5608252,Institute of Agriculture and Animal Science,False
86334,जमाई राजा,Q18123617,Jamai Raja (2014 TV series),False
10489,त्रिकोणमिति,Q8084,Trigonometry,False
58764,जोन गोर्टन,Q356411,John Gorton,False
73948,तैत्तिरीयोपनिषद,Q772960,Taittiriya Upanishad,False
83175,सुचेता कृपलानी,Q3520758,Sucheta Kripalani,False
12951,मकालु हिमाल,Q169986,Makalu,False
17266,वडोदरा जिल्ला,Q578285,Vadodara district,False
132680,खोटाङ १ (निर्वाचन क्षेत्र),Q104875797,Khotang 1,False
120043,लिङ्ग्वा फ्राङ्का नोभा,Q146803,Lingua Franca Nova,False
131892,देवाही गोनाही नगरपालिका,Q60763155,Dewahi Gonahi,False
108419,कनैया कुमार,Q22811570,Kanhaiya Kumar,False
29212,खारे,Q6400623,"Khare, Nepal",False
56763,कुमथोप्ले मारुनीचरी,Q369542,White-browed fantail,False
38605,मित्र तारा,Q12176,Alpha Centauri,False
108685,ट्राभलयारी,Q17134826,Travelyaari,False
26034,लुङ्ग्रा,Q3419357,Lungra,False
97651,संयुक्त राज्यको संस्कृति,Q1044835,Culture of the United States,False
111309,नेभिया (कुस्ती खेलाडी),Q3875090,Nevaeh (wrestler),False
6689,कोशी अस्पताल,Q124255902,Koshi Hospital,False
128785,परवानीपुर गाउँपालिका,Q60766139,Parwanipur Rural Municipality,False
83832,क्रोएसिया राष्ट्रिय क्रिकेट टोली,Q5187071,Croatia national cricket team,False
92009,मिनोती देसाई,Q6869394,Minoti Desai,False
79734,धावनमार्ग,Q184590,Runway,False
123612,याम्बुनेर,Q109697211,Yambunera,False
136430,टेड टर्नर,Q193368,Ted Turner,False
53504,बन्दी प्रत्यक्षीकरण,Q220596,Habeas corpus,False
4521,नेपालका जिल्लाहरू,Q2537537,List of districts of Nepal,False
108199,धर्मपाशा उपजिल्ला,Q4171485,Dharmapasha Upazila,False
92332,रत्न राज्यलक्ष्मी क्याम्पस,Q7295838,Ratna Rajya Laxmi Campus,False
143638,नगिना यादव,Q115786179,Nagina Yadav,False
4817,धरहरा,Q5269090,Dharahara,False
141996,विद्युतीय उपकरण,Q951504,Electric machine,False
115603,हर्माइनी ग्रेन्जर,Q174009,Hermione Granger,False
52396,छतिवन (वनस्पति),Q135307,Alstonia scholaris,False
108290,आइछिई,Q15913890,IQIYI,False
104753,सहिद स्मारक बि-डिभिजन लिग २०७५,Q60768810,2019 Martyr's Memorial B-Division League,False
55131,कागते फूल,Q159984,Bougainvillea glabra,False
141130,नेपालमा बौद्ध धर्म,Q4098000,Buddhism in Nepal,False
91106,हेमबहादुर सिंह,Q16729751,Hem Bahadur Singh,False
136030,सूर्यमान दोङ,Q17318985,Surya Man Dong Tamang,False
130519,तमिल लिपि,Q26803,Tamil script,False
33036,"बाच्छा, पर्वत",Q3418407,Bachchha,False
77205,अलि जफर,Q3633203,Ali Zafar,False
53050,हिमानी शाह,Q487054,Himani Shah,False
37118,विषाणु,Q808,Virus,False
15705,हिरोसिमा,Q34664,Hiroshima,False
138269,गोकुल शर्मा,Q21285542,Gokul Sharma,False
147346,बङ्गाली पात्रो,Q817181,Bengali calendar,False
88740,विश्वका अग्ला झरनाहरू,Q619399,List of waterfalls by height,False
80280,अल्ट्रालाइट विमान,Q678305,Ultralight aviation,False
145271,क्रेटर,Q3240715,Crater,False
83212,टीना दत्ता,Q7807890,Tina Datta,False
13952,मोतीराम भट्ट,Q6917843,Motiram Bhatta,False
33768,सरीसृप,Q10811,Reptile,False
61379,भारत भूषण,Q4901101,Bharat Bhushan,False
47988,भीष्म,Q1405629,Bhishma,False
125194,कोभिसिल्ड,Q95042269,Oxford–AstraZeneca COVID-19 vaccine,False
30993,रोइनिहवा,Q3426241,Roinihawa,False
108733,वीरगञ्ज उपजिल्ला,Q3345378,Birganj Upazila,False
11006,हनुमान चालीसा,Q2663608,Hanuman Chalisa,False
46313,हेलिकोप्टर,Q34486,Helicopter,False
142853,हेनरिक हर्ट्ज,Q41257,Heinrich Hertz,False
126032,पक्ष,Q3634430,Paksha,False
124690,रहीम स्टरलिङ,Q312157,Raheem Sterling,False
121139,झोउ एनलाइ,Q17410,Zhou Enlai,False
149032,स्नानागार,Q190771,Bathroom,False
135544,बटालियन,Q6382533,Battalion,False
7241,हिले बजार,Q13187557,Hile,False
23491,सुभाङ,Q13403127,Subhang,False
3136,राप्ती (स्पष्टता),Q398172,Rapti,False
134749,ताप्के,Q127666,Frying pan,False
131701,बारबर्दिया नगरपालिका,Q65410472,Barbardiya,False
101611,सेती गण्डकी नदी,Q17018531,Seti Gandaki River,False
54258,पेपर ब्याग,Q379754,Paper bag,False
106029,कोएल मल्लिक,Q402203,Koel Mallick,False
46426,सुदर्शन चक्र,Q2723173,Sudarshana Chakra,False
130516,अक्षरात्मक लिपि,Q335806,Abugida,False
107965,भिनाफोन,Q7931361,Vinaphone,False
33709,साधना सरगम,Q2050056,Sadhana Sargam,False
35734,रमन म्याग्सेसे पुरस्कार,Q777181,Ramon Magsaysay Award,False
142874,सर्वाधिक सदस्यता भएका युट्युब च्यानलहरूको सूची,Q15995322,List of most-subscribed YouTube channels,False
107974,न्यायाधीश,Q16533,Judge,False
80431,२००७ क्रिकेट विश्वकप,Q1127675,2007 Cricket World Cup,False
2781,म्याग्दी जिल्ला,Q28624,Myagdi District,False
143253,निगुरो,Q3546960,Fiddlehead,False
107925,बङ्गाली विकिपिडिया,Q427715,Bengali Wikipedia,False
15156,रोम सन्धि,Q838958,Rome Statute,False
5899,दुबिचौर,Q3413476,Dubichaur,False
97930,सूर्य नमस्कार,Q1139357,Sun Salutation,False
61722,वाइ-फाई,Q29643,Wi-Fi,False
136630,कुलेखानी नदी,Q104853649,Kulekhani River,False
2747,रौतहट जिल्ला,Q28098,Rautahat District,False
27235,दोर्पा चिउरीडाँडा,Q5298716,Dorpa Chiuridanda,False
122438,प्रेमचन्द,Q174152,Premchand,False
148903,थिग्रो,Q180184,Sediment,False
103854,सवारी दुर्घटना,Q9687,Traffic collision,False
113580,योसिप ब्रोज तितो,Q9161,Josip Broz Tito,False
81364,भक्तपुरको युद्ध,Q4870475,Battle of Bhaktapur,False
17470,विदिसा जिल्ला,Q1815253,Vidisha district,False
1922,जापान,Q17,Japan,False
23792,बनरझुला,Q730794,Banarjhula,False
3890,बुड्ढी,Q3412490,Budhi,False
140910,युनुसको अन्तरिम सरकार,Q128602144,Yunus ministry,False
13581,गुह्येश्वरी,Q5615319,Guhyeshwari Temple,False
61859,मकै घुन,Q3272137,Maize weevil,False
114911,फेसियल (यौन कार्य),Q76240,Facial (sexual act),False
6192,गुरु पूर्णिमा,Q2044380,Guru Purnima,False
128995,इज्जतदार,Q6103149,Izzatdaar,False
30959,पडसरी,Q3422879,Padsari,False
83808,गिब्राल्टार राष्ट्रिय क्रिकेट टोली,Q142471,Gibraltar national cricket team,False
33254,निसी,Q11792345,"Nisi, Nepal",False
58779,जोर्ज रीड ( अष्ट्रेलियाली राजनितिज्ञ),Q23352,George Reid,False
100913,समुद्र मन्थन,Q606110,Samudra Manthana,False
12255,लखिमपुर खेरी जिल्ला,Q1755447,Lakhimpur Kheri district,False
85909,इश्क का रङ सफेद,Q20798741,Ishq Ka Rang Safed,False
83079,वेजयन्ती माला,Q467977,Vyjayanthimala,False
52366,राजपूत रेजिमेन्ट,Q3630180,Rajput Regiment,False
52033,द गोल्डेन म्यान,Q785001,The Golden Man,False
123393,एकात्मक राज्य,Q179164,Unitary state,False
72931,विकेट,Q1196454,Wicket,False
48554,लाम्चो फर्सी,Q7533,Zucchini,False
61796,करिश्मा कपुर,Q464578,Karisma Kapoor,False
137868,भूपेन हाजरिका,Q855128,Bhupen Hazarika,False
71162,नेपाल राष्ट्रिय फुटबल टोली,Q330971,Nepal national football team,False
13934,मैदा,Q1987316,Maida (flour),False
125969,"कालीगण्डकी गाउँपालिका, गुल्मी",Q65410162,"Kaligandaki Rural Municipality, Gulmi",False
51982,द फिलिप के डिक रिडर,Q7756908,The Philip K. Dick Reader,False
30512,ईमेज एफएम,Q6002166,Image News FM (Nepal),False
81451,ऋणपत्र,Q11693,Bond (finance),False
26105,सेरी,Q7454623,"Seri, Dailekh",False
50560,गन्धेझार,Q1949712,Ageratum conyzoides,False
91886,इलिनर अस्ट्रम,Q153761,Elinor Ostrom,False
100454,टोङ्गा राष्ट्रिय फुटबल टोली,Q477448,Tonga national football team,False
27606,क्रिस्टियानो रोनाल्डो,Q11571,Cristiano Ronaldo,False
5989,दोखु,Q3413169,Dokhu,False
107842,बागातिपाडा उपजिल्ला,Q4074709,Bagatipara Upazila,False
57024,चाँदीठुँडे मुनियाँ,Q27075729,Indian silverbill,False
56735,ठूलो माटीकोरे,Q862819,Stork-billed kingfisher,False
93064,डिल्लीजङ्ग थापा,Q31440030,Dilli Jung Thapa,False
27959,मलायागिरी,Q3420262,Malagiri,False
133122,भौतिक भूगोल,Q52107,Physical geography,False
150184,खिया,Q184197,Rust,False
114892,एके फोर्टी सेभेन,Q37116,AK-47,False
46657,ह्यामबर्गर,Q6663,Hamburger,False
71383,वैष्णव सम्प्रदाय,Q45584,Vaishnavism,False
136905,चीन–नेपाल रेलवे,Q55693961,China–Nepal railway,False
78674,भेर्ला ग्राउण्डवुड र बोर्ड मिल,Q217447,Verla,False
57079,रूख सुड्सुडिया,Q28450,Green sandpiper,False
91547,पूजा हेगडे,Q7228519,Pooja Hegde,False
29589,भाल्चे,Q4900906,Bhalche,False
135498,नेपाली इतिहासको समयरेखा,Q2967213,Timeline of Nepalese history,False
50978,"नेपालको पाचौँ राष्ट्रिय जनगणना, २००९-११",Q19680116,1952−54 Nepal census,False
56635,सेतोकण्ठे धिप्सी,Q1587213,White-throated bush chat,False
69097,जिन्सी सामग्री,Q815410,Inventory,False
27945,पीपलधारा,Q3419017,Pipaldhara,False
27956,भार्से,Q4901307,Bharse,False
26009,बाबला,Q3428613,Babala,False
62209,"सहोडवा, महोत्तरी",Q3420207,Sahorawa,False
82888,ईशा शरवानी,Q12068847,Isha Sharvani,False
31582,माधवपुर,Q6727329,Madhavpur,False
78223,ग्वाटेमालाका विश्व सम्पदा क्षेत्रहरूको सूची,Q196091,List of World Heritage Sites in Guatemala,False
140297,वीरेन्द्र राजमार्ग,Q127391039,Birendra Highway,False
126549,टाँक,Q160464,Button,False
29133,मैनतडा,Q3414602,Maintada,False
56825,रातोपुच्छ्रे भद्राई,Q752678,Isabelline shrike,False
130339,गोलन्जोर गाउँपालिका,Q19672068,Golanjor Rural Municipality,False
92431,रामकृष्ण कुँवर,Q27493866,Ram Krishna Kunwar,False
56924,लामपुच्छ्रे हाँस,Q26597,Long-tailed duck,False
141821,किलोवाट-घण्टा,Q182098,Kilowatt-hour,False
14323,तेली,Q7697231,Teli,False
121825,क्लबहाउस (अनुप्रयोग),Q104101703,Clubhouse (app),False
26342,"रघुनाथपुर, बारा",Q6650903,"Raghunathpur, Bara",False
50617,निक्की बेन्ज,Q233140,Nikki Benz,False
26924,तेलिया,Q7697232,"Telia, Nepal",False
74569,रोबर्टो कार्लोस,Q429039,Roberto Carlos,False
120725,मना पर्वत,Q1888527,Mana Peak,False
15380,फाहिता,Q871272,Fajita,False
108725,बिरामपुर उपजिल्ला,Q3345928,Birampur Upazila,False
93053,लो-घेकर दामोदरकुण्ड गाउँपालिका,Q31286063,Lo-Ghekar Damodarkunda Rural Municipality,False
31883,रतौली,Q3416302,Ratauli,False
33753,बल्ब अफ भेस्टिब्युल,Q1648555,Bulb of vestibule,False
51918,द गेम-प्लेयर्स अफ टाइटान,Q462560,The Game-Players of Titan,False
84303,उज्बेकिस्तान,Q265,Uzbekistan,False
74045,जाबालोपनिषद,Q12428714,Jabala Upanishad,False
134878,पहिलो भारत-पाकिस्तान युद्ध,Q652285,India–Pakistan war of 1947–1948,False
78071,"गोचङ, ह्वासुन र ग्याङ्गवा डोलमेन सम्पदाहरू",Q495286,"Gochang, Hwasun and Ganghwa Dolmen Sites",False
7047,धनगढी विमानस्थल,Q1657560,Dhangadhi Airport,False
145419,चलचित्रण,Q590870,Cinematography,False
27942,"नेटा, गुल्मी",Q7238731,"Neta, Gulmi",False
77381,जोसे मउरिन्हो,Q79983,José Mourinho,False
15202,रेणु दाहाल,Q13185643,Renu Dahal,False
18159,खरसाङ उपविभाग,Q6446532,Kurseong subdivision,False
29864,"मोहनपुर, सर्लाही",Q6893678,"Mohanpur, Sarlahi",False
100891,चन्द्रवीर कुँवर,Q61123775,Chandrabir Kunwar,False
31344,"भवानीपुर, सिराहा",Q4901601,"Bhawanipur, Siraha",False
81913,मिस नेपाल २००७,Q6877147,Miss Nepal 2007,False
61712,काजोल,Q147395,Kajol,False
12140,फिरोजाबाद जिल्ला,Q1946950,Firozabad district,False
32549,हरपतगन्ज,Q3425259,Harapatganj,False
115796,कालो बजार,Q50851,Black market,False
56634,झेकझेक झ्याप्सी,Q1315689,African stonechat,False
63910,असिना,Q37602,Hail,False
129842,श्रीलङ्कामा हिन्दु धर्म,Q3535934,Hinduism in Sri Lanka,False
2745,रामेछाप जिल्ला,Q28611,Ramechhap District,False
84649,मेसी–रोनाल्डो प्रतिस्पर्धा,Q18349307,Messi–Ronaldo rivalry,False
32572,मसिहानी,Q6916276,Mosihani,False
25251,पारो,Q925,Mercury (element),False
91415,"मनकामना मन्दिर, सङ्खुवासभा",Q6746786,"Manakamana, Sankhuwasabha",False
87891,बेलोन डी' ओर २०१६,Q27534060,2016 Ballon d'Or,False
68264,१९८३ क्रिकेट विश्वकप,Q1139931,1983 Cricket World Cup,False
150458,दाल मखानी,Q58610,Dal makhani,False
95143,भियनटियान,Q9326,Vientiane,False
26252,स्याउलीवाङ,Q3428992,Syaulibang,False
17347,विपना थापा,Q4915400,Bipana Thapa,False
75750,"छाप्रे, कालिकोट",Q5094784,Chhapre,False
29681,रोकायागाउँ,Q774573,Rokayagaun,False
105781,सोलोमोन बन्दरानाइके,Q313997,S. W. R. D. Bandaranaike,False
10471,लैनसिंह बाङ्देल,Q13185902,Lain Singh Bangdel,False
17833,केआइआइटी विश्वविद्यालय,Q12060998,Kalinga Institute of Industrial Technology,False
148440,लरेन हाउरेगी,Q18921974,Lauren Jauregui,False
29558,पञ्चकन्या गाउँपालिका,Q3421053,Panchkanya Rural Municipality,False
136728,अनलाइन विश्वकोश,Q615699,Online encyclopedia,False
125560,रायलसीमा,Q3535448,Rayalaseema,False
57010,ध्वाँसे टाउके तितुभँगेरा,Q1030043,Brandt's mountain finch,False
43505,विजयनगर साम्राज्य,Q167639,Vijayanagara Empire,False
49898,भिटामिन ई,Q141180,Vitamin E,False
134058,जैमिनि,Q2758596,Jaimini,False
33557,ग्याचुङ काङ,Q582128,Gyachung Kang,False
48766,मेगान रापिनो,Q260725,Megan Rapinoe,False
106978,याहु! मिम,Q2471404,Yahoo Meme,False
14369,श्रीजुङ,Q3426871,Srijung,False
17520,सोलापुर जिल्ला,Q1797263,Solapur district,False
26675,औरैया,Q4822083,"Auraiya, Nepal",False
77776,पश्चिमी घाट,Q4527,Western Ghats,False
76869,हडसन नदी,Q3140,Hudson River,False
137194,मुस्लिम लिग (पाकिस्तान),Q6942926,Muslim League (1947–1958),False
81146,किङ्स अफ लियोन,Q192486,Kings of Leon,False
60468,माइस्पेस,Q40629,Myspace,False
114260,इयाजउद्दिन अहमद,Q165672,Iajuddin Ahmed,False
148228,इदी अमिन,Q48231,Idi Amin,False
135631,इवा खोला जलविद्युत केन्द्र,Q104869826,Iwa Khola Hydropower Project,False
3227,उखान-टुक्का,Q184511,Idiom,False
18149,सिउडी सदर उपविभाग,Q7646259,Suri Sadar subdivision,False
17912,भारतका वर्तमान मुख्यमन्त्रीहरूको सूची,Q269330,List of current Indian chief ministers,False
56441,तामे ढुकुर,Q704987,Oriental turtle dove,False
138395,कृष्णवक्ष चाँचर,Q1589013,Black-breasted thrush,False
139748,गुरुग्राम,Q238508,Gurgaon,False
128822,रोहिणी गाउँपालिका,Q65410606,Rohini Rural Municipality,False
94421,नवलपरासी (बर्दघाट सुस्ता पूर्व) जिल्ला,Q50822475,Nawalpur District,False
31919,ककुरठाकुर,Q3418693,Kakur Thakur,False
14047,अस्पताल,Q16917,Hospital,False
66434,हरियो स्याउ,Q838963,Pyrus pyrifolia,False
100003,मोहम्मद बिन सलमान,Q6892571,Mohammed bin Salman,False
88663,कोच्चि,Q1800,Kochi,False
92748,पृथ्वीबहादुर पाँडे,Q30213334,Prithvi Bahadur Pande,False
70463,विश्व क्रिकेट लिग,Q3521786,World Cricket League,False
69048,स्मार्टवाच,Q5362345,Smartwatch,False
145998,सामेली भाषा परिवार,Q34049,Semitic languages,False
115639,ओगुस्तँ रबस्पियर,Q554278,Augustin Robespierre,False
52407,भारत-पाकिस्तानी साङ्केतिक भाषा,Q3306265,Indo-Pakistani Sign Language,False
7222,इजिप्ट,Q79,Egypt,False
30446,महेन्द्रकोट,Q12446159,Mahendrakot,False
56527,सादाकण्ठे मुसेफिस्टो,Q208710,Common grasshopper warbler,False
79094,एरागोन,Q185449,Eragon,False
52799,कागते घाँस,Q33913,Cymbopogon citratus,False
73622,परशुराम नगरपालिका,Q19680051,"Parshuram, Dadeldhura",False
111293,लिभा बेट्स,Q6534809,Leva Bates,False
87025,डम्बर शाह,Q20933568,Dambar Shah,False
28353,साल्पा पोखरी,Q19712712,Salpa Pokhari,False
60825,टी.एन.टी एक्सप्रेस,Q1105744,TNT Express,False
148513,सिलिया फ्लोरेस,Q799556,Cilia Flores,False
94913,धनपालथान गाउँपालिका,Q43281268,Dhanpalthan Rural Municipality,False
132577,काभ्रेपलाञ्चोक १ (निर्वाचन क्षेत्र),Q104878147,Kavrepalanchok 1,False
131529,सुङ्ग साम्राज्य,Q651377,Shunga Empire,False
72613,भारतेन्दु हरिश्चन्द्र,Q2628981,Bharatendu Harishchandra,False
150186,चार्ल्स द गोल,Q2042,Charles de Gaulle,False
13016,जङ्गल,Q4421,Forest,False
139463,शारदा शाह,Q20985666,Princess Sharada Shah of Nepal,False
56576,गेरुकटी गौँथली,Q27075446,Eastern red-rumped swallow,False
82598,खादीजा मुमताज,Q6398859,Khadija Mumtaz,False
46638,हिरोहितो,Q34479,Hirohito,False
56911,काष्ठकुट,Q31804,Fulvous-breasted woodpecker,False
88313,फिरोज स्याङ्देन,Q27670144,Phiroj Shyangden,False
49773,योगीको आत्मकथा,Q784092,Autobiography of a Yogi,False
139280,चोङकिङ,Q11725,Chongqing,False
105594,प्यार का पञ्चनामा २,Q20899539,Pyaar Ka Punchnama 2,False
121227,पित्तल,Q39782,Brass,False
35269,व्युत्पत्तिशास्त्र,Q35245,Etymology,False
35438,फुङलिङ नगरपालिका,Q668851,Phungling Municipality,False
100668,ताइपेइ १०१,Q83101,Taipei 101,False
83384,सायरा बानो,Q942959,Saira Banu,False
115976,जसिता गुरुङ,Q61764305,Jassita Gurung,False
68980,स्टार अलायन्स,Q189709,Star Alliance,False
33055,सरौखोला,Q3417694,Saraukhola,False
17944,आदिलाबाद जिल्ला,Q15211,Adilabad district,False
144963,जामालपुर,Q4159797,"Jamalpur, Bangladesh",False
70830,पुंसवन संस्कार,Q2588481,Pumsavana,False
91621,जैविक विषादी,Q987575,Biopesticide,False
151135,पण्डित,Q1336494,Pandit,False
84856,बचत खाता,Q159421,Savings account,False
54185,राफ्टिङ,Q207238,Rafting,False
127345,मनिहारी,Q2453339,Manihari,False
101515,अन्तर्राष्ट्रिय वित्त निगम,Q656801,International Finance Corporation,False
111812,तुर द फँस,Q33881,Tour de France,False
135711,मैनाम वन्यजीव अभयारण्य,Q17051622,Maenam Wildlife Sanctuary,False
45621,वैकुण्ठ एक्सप्रेस,Q13186220,Baikuntha Express,False
74918,अनुशेह अन्सारी,Q17519,Anousheh Ansari,False
8043,कलेजो,Q9368,Liver,False
33214,"रम्घा, लमजुङ",Q7292815,Rangha,False
84241,मार्टिन गुप्टिल,Q6775582,Martin Guptill,False
26739,"रङ्गपुर, रौतहट",Q7129728,"Rangapur, Rautahat",False
88837,ठ्रीस्रोङ देउचन,Q366661,Trisong Detsen,False
23345,हल्दीबारी,Q7131383,"Haldibari, Nepal",False
82981,मोना सिंह,Q6897722,Mona Singh,False
134453,रोधी घर,Q622425,Nightclub,False
96727,काजी भारदार परिवार,Q39045330,Kaji Pratha,False
13885,फ्याउरो,Q8331,Fox,False
94699,ओपो आर ७,Q21030006,Oppo R7,False
9264,अङ्गोला,Q916,Angola,False
60931,काठमाडौँ उपत्यकामा रहेका रेडियो प्रसारण केन्द्रहरू,Q15294815,List of FM radio stations in Nepal,False
69917,हाइड्रोकार्बन,Q43648,Hydrocarbon,False
69296,धमनी,Q9655,Artery,False
129543,खेल मिलेमतो,Q747376,Match fixing,False
148471,दन्तवक्र,Q5221128,Dantavakra,False
23795,बनौला,Q4853981,Banaula,False
74293,कनिका कपूर,Q6363189,Kanika Kapoor,False
80080,संयुक्त राज्य अमेरिकाको संविधान,Q11698,Constitution of the United States,False
137354,बङ्गलादेशको प्रधानमन्त्री,Q14565638,Prime Minister of Bangladesh,False
147218,बैसागु,Q5003688,Bwisagu,False
68477,आइफोन सिक्स,Q18010890,IPhone 6,False
25574,कर्कलो,Q227997,Taro,False
27899,सिलुवा,Q3427959,Siluwa,False
53295,कब्जियत,Q178436,Constipation,False
8604,स्वास्थ्य तथा जनसङ्ख्या मन्त्रालय,Q43884550,Ministry of Health and Population,False
94145,बज एल्ड्रिन,Q2252,Buzz Aldrin,False
108109,आमजाद खान चौधुरी,Q29063102,Amjad Khan Chowdhury,False
44775,मजार शरीफ,Q130469,Mazar-i-Sharif,False
86902,क्रूक (२०१० चलचित्र),Q5187761,Crook (film),False
79244,वैशाली देसाइ,Q12056218,Vaishali Desai,False
91151,श्रवण घिमिरे,Q7503436,Shrawan Ghimire,False
150635,विपिनकुमार आचार्य,Q138842938,Bipin Kumar Acharya,False
140063,ह्वाङ जियानफान,Q5208,Huang Xianfan,False
49886,भिटामिन ए,Q18225,Vitamin A,False
10946,ग्रीष्म ऋतु,Q1313,Summer,False
33237,अमरभूमि,Q3418368,Amarbhumi,False
6346,बाबुराम आचार्य,Q4838103,Baburam Acharya,False
87774,बर्षा लेखी,Q23823149,Barsha Lekhi,False
31034,अंशुवर्मा,Q2844526,Amshuverma,False
82573,फातिमा बीबी,Q5437755,Fathima Beevi,False
38088,नगरा,Q1898734,Naqareh,False
132668,भोजपुर १ (निर्वाचन क्षेत्र),Q104875792,Bhojpur 1,False
83386,यौनकर्मी विरुद्धको हिंसा,Q7933134,Violence against prostitutes,False
16118,आस्तिक र नास्तिक,Q618680,Āstika and nāstika,False
140051,हिवल्चा,Q5872830,Hiwalcha,False
30705,दोदोधरा,Q3412286,Dododhara,False
96419,विधायक,Q5230427,Member of the Legislative Assembly,False
62723,एच. डी. देवगौडा,Q377870,H. D. Deve Gowda,False
94459,पेपा पिग,Q938985,Peppa Pig,False
12369,दुलेगौँडा,Q3411464,Dulegaunda,False
77780,जन्तर मन्तर (जयपुर),Q508634,"Jantar Mantar, Jaipur",False
83158,स्नेहलता श्रीवास्तव,Q15260068,Snehlata Shrivastava,False
86567,दयानन्द शेट्टी,Q5243049,Dayanand Shetty,False
133607,छत्तीसगढी भाषा,Q33158,Chhattisgarhi language,False
136623,धुर्बे हात्ती,Q109283521,Dhurbe,False
131424,रङ्गीत नदी,Q3395774,Rangeet River,False
26156,म्यानचेस्टर युनाइटेड फुटबल क्लब,Q18656,Manchester United F.C.,False
31571,पलापू,Q3415846,Palapu,False
17560,नागौर जिल्ला,Q1507174,Nagaur district,False
50237,कारमेन स्टार,Q325136,Charmane Star,False
112875,बदामे घाँस,Q4783543,Arachis pintoi,False
148748,जाम्बवान,Q1642905,Jambavan,False
93319,बाह्लीक,Q132646,Bactria,False
5995,दोवा,Q3412698,"Dowa, Nepal",False
7035,भरतपुर विमानस्थल,Q620005,Bharatpur Airport,False
4148,समय,Q11471,Time,False
4856,जानकी मन्दिर,Q3161830,Janaki Mandir,False
135592,सुनकोशी जलविद्युत केन्द्र,Q104870444,Sunkoshi Hydropower Station,False
102065,टिकापुर हत्याकाण्ड,Q21190324,2015 Tikapur massacre,False
83956,इशान पाण्डे,Q25621053,Ishan Pandey,False
32582,सबैठवा,Q3417438,Sabaithawa,False
76519,परासर ताल,Q7238517,Prashar Lake,False
15269,लौठसल्लो,Q186553,Taxus wallichiana,False
60649,आर्थर मेइघेन,Q128645,Arthur Meighen,False
120482,भेनम (२०१८ चलचित्र),Q23006268,Venom (2018 film),False
81675,डटएनपी,Q43582,.np,False
29866,मुसैली,Q3419612,Musauli,False
91933,अरमान मलिक,Q4792489,Armaan Malik,False
133469,तिब्बतको इतिहास,Q521263,History of Tibet,False
32717,रातो,Q3142,Red,False
80009,भूपरिवेष्ठित राष्ट्र,Q123480,Landlocked country,False
49588,हवाईजहाज,Q197,Airplane,False
15779,स्वायत्त क्षेत्र,Q788176,Autonomous administrative division,False
13496,दीक्षा,Q2478124,Diksha,False
78045,उजुङ कुलोन राष्ट्रिय निकुञ्ज,Q4522,Ujung Kulon National Park,False
12262,बुलन्दशहर जिल्ला,Q1752328,Bulandshahr district,False
145117,नवधान्य,Q12984961,Navadhanya,False
142690,सर्वाधिक अनुसरण गरिएका फेसबुक पृष्ठहरूको सूची,Q57828127,List of most-followed Facebook pages,False
128727,ढोका,Q36794,Door,False
101641,पोखरा रङ्गशाला,Q587699,Pokhara Rangasala,False
118593,बि.सं १८९० को नेपाल-भारत भूकम्प,Q106617073,1833 Bihar–Nepal earthquake,False
68639,प्रमुख परिचालन अधिकारी,Q623279,Chief operating officer,False
63276,मल्लिकार्जुन स्वामी,Q2767976,"Mallikarjuna Temple, Srisailam",False
122178,मौलिक आरोपण त्रुटि,Q575786,Fundamental attribution error,False
100954,ऋत्विक घटक,Q55404,Ritwik Ghatak,False
101116,"अक्षरधाम मन्दिर, दिल्ली",Q1849858,Swaminarayan Akshardham (Delhi),False
51638,द एक्स्ट्रिम (एनिमर्फ्स),Q7732899,The Extreme (novel),False
83233,बलबहादुर केसी,Q24199820,Bal Bahadur KC,False
135676,हेवा खोला-ए जलविद्युत केन्द्र,Q97453124,Hewa Khola-A Hydroelectric Project,False
142882,पेरिस सम्झौता,Q21707860,Paris Agreement,False
141439,हटलाइन,Q10991973,Hotline,False
18677,भारतका बैंकहरूको सूची,Q3274446,List of banks in India,False
97696,प्रदूषण,Q58734,Pollution,False
131596,कमलबहादुर शाह,Q117225671,Kamal Bahadur Shah,False
10059,मिथिला,Q2891737,Mithila (region),False
138314,कोमल ठटाल,Q47511267,Komal Thatal,False
56711,सुन्तले चाँचर,Q26833749,Orange-headed thrush,False
52178,लाइफ अफ क्लिम सम्जिन,Q4180181,The Life of Klim Samgin,False
83417,माया एन्जोलो,Q19526,Maya Angelou,False
9727,वेब सर्भर,Q11288,Web server,False
23195,शहिदगेट,Q7461663,Shahid Gate,False
137544,भोल्टेयर,Q9068,Voltaire,False
55457,मर्लिन मुनरो,Q4616,Marilyn Monroe,False
79972,भीरकोट नगरपालिका,Q21014692,Bhirkot Municipality,False
51640,द प्रिटेन्डर (एनिमर्फ्स),Q7758105,The Pretender (Animorphs),False
122487,इब्राहिम रैसी,Q5947347,Ebrahim Raisi,False
136320,लाम्बाडी भाषा,Q33474,Lambadi,False
52029,प्राइज सिप,Q7246536,Prize Ship,False
137899,अन्तर्राष्ट्रिय मानक क्रम सङ्ख्या,Q131276,ISSN,False
126238,आइएसओ ३१६६-२:एनपी,Q1521317,ISO 3166-2:NP,False
43562,भूमध्यरेखा,Q23538,Equator,False
30730,साँडेपानी,Q3417135,Sadepani,False
24103,छाना,Q83180,Roof,False
122411,एजेन्डा सेटिंग सिद्धान्त,Q392583,Agenda-setting theory,False
65416,दर्शन,Q5891,Philosophy,False
134911,युरेनियम उत्पादनको आधारमा देशहरूको सूची,Q1632170,List of countries by uranium production,False
56868,सानो साँवरी,Q178811,Glossy ibis,False
2749,मकवानपुर जिल्ला,Q28174,Makwanpur District,False
98934,फाहियान,Q312978,Faxian,False
2658,ओखलढुङ्गा जिल्ला,Q29026,Okhaldhunga District,False
46876,बालकृष्ण पोखरेल,Q13183942,Bal Krishna Pokharel,False
56808,घर काग,Q507383,House crow,False
134372,अवेस्ताली भाषा,Q29572,Avestan,False
125032,जुम्ला १ (निर्वाचन क्षेत्र),Q104874409,Jumla 1,False
31322,सिक्रोन,Q3423061,Sikron,False
58207,२०१३ मा प्रदान गरिएका नोबेल पुरस्कार,Q25496258,2013 Nobel Prizes,False
141812,तुम्लोङ,Q1325111,Tumlong,False
29763,रामग्राम नगरपालिका,Q1711612,Ramgram Municipality,False
86788,रेडबुल फुटसल लिग,Q31764763,Red Bull Futsal League,False
58466,पल वाल्कर,Q213864,Paul Walker,False
56743,होमराई,Q924326,Rufous-necked hornbill,False
30800,गिद्धा,Q5559500,"Giddha, Nepal",False
115097,महाशक्ति,Q1489259,Superpower,False
100209,लुक स (फुटबल खेलाडी),Q93563,Luke Shaw,False
87739,भेनेजुएला महिला राष्ट्रिय फुटबल टोली,Q278971,Venezuela women's national football team,False
76347,डल ताल,Q325391,Dal Lake,False
48805,साल,Q909828,Shorea robusta,False
8398,तोङवा,Q2658587,Tongba,False
70847,राष्ट्रमण्डल खेल,Q178340,Commonwealth Games,False
100429,१९५९ अफ्रिकी राष्ट्र कप,Q501633,1959 African Cup of Nations,False
135598,सिक्किममा निर्वाचन,Q5354826,Elections in Sikkim,False
91594,अदा खान,Q16935062,Adaa Khan,False
93686,तेजस्वी मादिवाडा,Q17489736,Tejaswi Madivada,False
5055,शाक्य,Q1062748,Shakya,False
124761,नेपाल कला-परिषद्,Q104856702,Nepal Art Council,False
139979,म्याङ्ग्रोब,Q19756,Mangrove,False
33653,मदर टेरेसा,Q30547,Mother Teresa,False
27057,इर्खु,Q5995941,Irkhu,False
87752,ग्रानाडा,Q8810,Granada,False
115829,आलोक नेम्वाङ,Q18518775,Alok Nembang,False
54139,इशानी श्रेष्ठ,Q15713539,Ishani Shrestha,False
130201,भुटानमा धर्म,Q4393008,Religion in Bhutan,False
62956,लक्ष्मीनारायण मठ,Q2426584,Laxminarayan Temple,False
78976,अशुर (कलात शिरकत),Q200200,Assur,False
148597,द बेला ट्विन्स,Q1138948,The Bella Twins,False
50343,मुन्तला,Q147096,Bitter orange,False
146556,इन्टोसाइ,Q29774,International Organization of Supreme Audit Institutions,False
80744,अखिल नेपाल राष्ट्रिय स्वतन्त्र विद्यार्थी युनियन,Q111983781,All Nepal National Free Students Union (Unified Socialist),False
102605,...रेडि फर इट?,Q38552445,...Ready for It?,False
2746,दोलखा जिल्ला,Q28621,Dolakha District,False
42560,कलम,Q165447,Pen,False
82663,देविका रानी,Q465060,Devika Rani,False
27017,सानो दुम्मा,Q7418875,Sano Dumba,False
57633,निलगाई,Q200444,Nilgai,False
125946,उत्तर महाराष्ट्र,Q14227216,North Maharashtra,False
17290,लोहरदगा जिल्ला,Q1948301,Lohardaga district,False
147653,गुन्मा,Q129499,Gunma Prefecture,False
1846,काठमाडौँ जिल्ला,Q797472,Kathmandu District,False
53752,प्रतिलिपि अधिकार,Q1297822,Copyright,False
74364,बुन्डेसलिगा,Q82595,Bundesliga,False
50664,ध्रुवचन्द्र गौतम,Q19679358,Dhruba Chandra Gautam,False
100475,ताहिती राष्ट्रिय फुटबल टोली,Q239405,Tahiti national football team,False
56714,उमा चाँचर,Q152144,Blue rock thrush,False
14722,रामचन्द्र पौडेल,Q3183124,Ram Chandra Paudel,False
132539,बागलुङ २ (निर्वाचन क्षेत्र),Q104877672,Baglung 2,False
104203,हिमाली मुसेफिस्टो,Q2922481,West Himalayan bush warbler,False
29885,सासापुर,Q3422216,Sasapur,False
27085,बाँसखर्क,Q3415426,Banskharka,False
88312,मनोज कुमार केसी,Q27670125,Manoj Kumar KC,False
78044,सुमात्राको उष्णप्रदेशीय वर्षावन धरोहर,Q4521,Tropical Rainforest Heritage of Sumatra,False
127233,बैजनाथ गाउँपालिका,Q65410483,Baijanath Rural Municipality,False
30234,पिपिरिमा,Q10783013,Musical leaf,False
12256,रायबरेली जिल्ला,Q1321157,Raebareli district,False
3844,चनुवा,Q3410747,Chanuwa,False
103986,जर्मनीको एकीकरण,Q154705,Unification of Germany,False
110792,प्वाँख,Q81025,Feather,False
107985,बेडा उपजिल्ला,Q4083933,Bera Upazila,False
71632,महेश बाबु,Q2087610,Mahesh Babu,False
44647,झरिया,Q12429699,Jharia,False
138255,कर्मा योञ्जन,Q6372677,Karma Yonzon,False
74696,प्रबन्धपत्र,Q321997,Memorandum of association,False
118005,सन्त बङ्का,Q17017347,Sant Banka,False
28619,मध्यपङ्क्ति (फुटबल),Q193592,Midfielder,False
95210,शेख जाइद भव्य मस्जिद,Q695604,Sheikh Zayed Grand Mosque,False
26092,मेहलतोली,Q3421582,Meheltoli,False
128728,पर्खाल,Q42948,Wall,False
57154,हाडफोर,Q126167,Bearded vulture,False
57027,बया तोपचरा,Q1319774,Baya weaver,False
17489,बुलढाणा जिल्ला,Q47929,Buldhana district,False
6871,अन्तर्राष्ट्रिय प्रमाणिक समय,Q1536,Coordinated Universal Time,False
119563,मार्सेल मोस,Q295393,Marcel Mauss,False
125883,रन्जु दर्शना,Q29570233,Ranju Darshana,False
133944,वनवास,Q7915272,Vanavasa,False
17996,बेल्लारी जिल्ला,Q1791926,Ballari district,False
7849,लोहोरुङ जाति,Q6668044,Lohorung people,False
48473,राजनीति विज्ञान,Q36442,Political science,False
128665,"संविधान सभा निर्वाचन, २०६४ का निर्वाचित उम्मेदवारहरू",Q96401630,List of members elected in the 2008 Nepalese Constituent Assembly election,False
53500,जनै खटिरा,Q182155,Shingles,False
68335,निकोस बोउटजिकोस,Q771050,Nikos Boutzikos,False
135904,सिद्क्योङ नामग्याल,Q974258,Sidkeong Namgyal,False
56453,लामकाने लाटोकोसेरो,Q25384,Long-eared owl,False
121461,तेस्रो ओली मन्त्रिपरिषद्,Q107523802,Third Oli cabinet,False
32938,सुडा,Q7238086,"Suda, Nepal",False
143670,सम्झना थपलिया,Q115857191,Samjhana Thapaliya,False
134602,फणीश्वरनाथ रेणु,Q1068582,Phanishwar Nath Renu,False
17237,लेह जिल्ला,Q1921210,Leh district,False
136041,दीपक कार्की,Q116188602,Dipak Karki (Dhanusha politician),False
92381,"स्थानीय तह निर्वाचन, २०७४",Q29933242,2017 Nepalese local elections,False
17022,खुम्बु हिमनदी,Q1471716,Khumbu Glacier,False
50975,"नेपालको प्रथम राष्ट्रिय जनगणना, १९६८",Q13183512,1911 Nepal census,False
25990,जुपु,Q3421793,Jupu,False
135943,दिपक गिरी,Q17489632,Deepak Giri,False
133395,धोबीखोला,Q56532249,Dhobi Khola,False
23462,आरुबोटे,Q614837,Arubote,False
99295,देशभक्ति,Q6241,Patriotism,False
5144,महालेखा नियन्त्रकको कार्यालय,Q19682326,Office of the Auditor General (Nepal),False
137529,निकोलस कोपर्निकस,Q619,Nicolaus Copernicus,False
5242,नेपालका उपत्यकाहरू,Q60485152,Valleys of Nepal,False
48790,एप्पल (कम्पनी),Q312,Apple Inc.,False
77271,२०१२-१३ ला लिगा,Q720018,2012–13 La Liga,False
123618,राजेन्द्रप्रसाद लिङ्देन,Q106993391,Rajendra Prasad Lingden,False
26930,बेलहरा,Q4882706,Belhara,False
95437,अस्गाबत,Q23438,Ashgabat,False
51647,द अराइभल (एनिमर्फ्स),Q7714327,The Arrival (Applegate novel),False
3803,बौनिया,Q3411823,Boniya,False
136733,आन्हुई,Q40956,Anhui,False
102608,गुनुत्वरीडाष्टी,Q190845,BDSM,False
51041,तिलकराम थारू,Q557737,Tilak Ram Tharu,False
80970,आशीष विद्यार्थी,Q3595438,Ashish Vidyarthi,False
132885,बलराम अधिकारी,Q45164400,Balaram Adhikari,False
30336,"इन्द्रायणी, काठमाडौँ",Q3419556,Indrayani,False
12092,सन्दकपुर,Q2981161,Sandakphu,False
8048,छाला,Q1074,Skin,False
93287,धवलागिरी गाउँपालिका,Q33125355,Dhaulagiri Rural Municipality,False
150579,संयुक्त राज्य अमेरिकाको इतिहास,Q131110,History of the United States,False
128691,सिराहा १ (निर्वाचन क्षेत्र),Q104836005,Siraha 1,False
135358,मठ,Q2069741,Matha,False
62213,आयात,Q62955,Import,False
150251,नेपालका गढीहरूको सूची,Q108147205,List of forts in Nepal,False
146099,स्पेनी साम्राज्य,Q80702,Spanish Empire,False
133137,वनमान्छे,Q41050,Orangutan,False
52772,आइभाेरी काेस्ट,Q1008,Ivory Coast,False
146287,प्रोजेस्टेरोन,Q26963,Progesterone,False
54546,बलराम जोशी,Q97342579,Bala Ram Joshi,False
145013,हाङजाउ,Q4970,Hangzhou,False
103422,गोपालराजवंशावली,Q48989367,Gopal Raj Vamshavali,False
80445,रेबेका हल,Q230534,Rebecca Hall,False
31776,"शिवनगर, चितवन",Q3414850,"Shivanagar, Chitwan",False
132595,ललितपुर १ (निर्वाचन क्षेत्र),Q104876077,Lalitpur 1,False
23579,फुरुम्बु,Q3415387,Phurumbu,False
77447,रोबर्ट लुइस् स्टिभिन्सन,Q1512,Robert Louis Stevenson,False
29590,सुन्दरादेवी,Q3427862,Sundaradevi,False
146655,डिस्कर्ड,Q22907849,Discord,False
78574,डोमिनिकाका विश्व सम्पदा क्षेत्रहरूको सूची,Q289834,List of World Heritage Sites in Dominica,False
100851,बङ्गलादेश प्रिमियर लिग,Q1024916,Bangladesh Premier League,False
131661,स्कन्दगुप्त,Q1275876,Skandagupta,False
47613,टेलर किट्च,Q335880,Taylor Kitsch,False
122257,फाबुला र स्युसेत,Q42110147,Fabula and syuzhet,False
144648,साइक्लोनाइट,Q190020,RDX,False
107611,चुयाडाङ्गा जिल्ला,Q2094570,Chuadanga District,False
149359,वेङ्कटेश्वर,Q2668647,Venkateswara,False
147391,फुकुई,Q133879,Fukui Prefecture,False
33285,"देवीस्थान, बागलुङ",Q5267570,"Devisthan, Baglung",False
58732,विलियम इवार्ट ग्याडस्टोन,Q160852,William Ewart Gladstone,False
83441,सायंतनी घोष,Q7429118,Sayantani Ghosh,False
101058,टोबा टेक सिंह जिल्ला,Q45206,Toba Tek Singh District,False
100536,२०१२ ओएफसी राष्ट्र कप,Q610748,2012 OFC Nations Cup,False
9997,आजाद कश्मीर,Q200130,Azad Kashmir,False
83462,पुसारला सिन्धु,Q448360,P. V. Sindhu,False
135666,ल्यान्डस्याट ९,Q19838561,Landsat 9,False
75845,गोमती नदी (उत्तर प्रदेश),Q477676,Gomti River,False
86160,महासागर,Q9430,Ocean,False
51436,क्यारी (उपन्यास),Q623394,Carrie (novel),False
69517,घोलक पदार्थ,Q146505,Solvent,False
17355,मोकोकचुआङ जिल्ला,Q2175311,Mokokchung district,False
85846,झलक दिखला जा ९,Q26270207,Jhalak Dikhhla Jaa season 9,False
125800,महारानी (उपन्यास),Q104882209,Maharani (novel),False
27036,ग्यालिलियो ग्यालिली,Q307,Galileo Galilei,False
127269,ज्योर्जा मेलोनी,Q451791,Giorgia Meloni,False
100154,क्रिस्चियन एरिक्सन,Q294951,Christian Eriksen,False
91468,छक्का पन्जा,Q26720699,Chhakka Panja,False
4275,व्यास नगरपालिका,Q1835777,Vyas Municipality,False
137460,बलुची भाषा,Q33049,Balochi language,False
56509,श्यामल फिस्टो,Q809446,Radde's warbler,False
131902,धर्मदेवी नगरपालिका,Q55609494,Dharmadevi Municipality,False
122648,मुस्लिम राष्ट्रिय मञ्च,Q6942959,Muslim Rashtriya Manch,False
95288,दिलबहादुर लामा,Q5276604,Dil Bahadur Lama,False
9672,माइक्रोसफ्ट वर्ड,Q11261,Microsoft Word,False
108966,विक्स डटकम,Q420506,Wix.com,False
23791,बदगामा,Q3421748,Badgama,False
43357,पात्रो,Q12132,Calendar,False
10343,वैशाली जिल्ला,Q100130,Vaishali district,False
56999,पङ्खथोप्ले ठूलोतितु,Q473713,Himalayan white-browed rosefinch,False
133345,दामोदर नदी,Q1971511,Damodar River,False
24125,रेडियो एन्टेना,Q131214,Antenna (radio),False
17897,गोर्खा (स्पष्टता),Q260815,Gurkha (disambiguation),False
33286,"लेखानी, बागलुङ",Q6520602,"Lekhani, Baglung",False
131730,मनरा शिसवा नगरपालिका,Q60761549,Manara Shiswa,False
115938,जि-सेभेन,Q1764511,G7,False
50270,एलेक्सिस अमोरे,Q242969,Alexis Amore,False
107660,बैङ्क अल्फलाह,Q4855895,Bank Alfalah,False
136574,पोरवोरिम,Q7232861,Porvorim,False
6362,रत्ननगर नगरपालिका,Q1844084,Ratnanagar,False
107934,ईश्वरदी उपजिल्ला,Q7215022,Ishwardi Upazila,False
105906,बाँस काट्नेको कथा,Q923593,The Tale of the Bamboo Cutter,False
136050,लालविर चौधरी,Q115492295,Lalbir Chaudhary,False
51921,निक एन्ड द ग्लिमङ्ग,Q3876051,Nick and the Glimmung,False
2296,आकस्मिक चिकित्सा,Q2861470,Emergency medicine,False
86211,नयाँ मुलुक,Q86756704,Naya Muluk,False
83831,कोस्टारिका राष्ट्रिय क्रिकेट टोली,Q5174882,Costa Rica national cricket team,False
69669,शिशुग्रह,Q389824,Planetesimal,False
150865,जुपिटर,Q4649,Jupiter (god),False
31789,ठाकुरद्वारा,Q3424700,Thakudwara,False
149273,पूतना,Q2374344,Putana,False
64409,मिति,Q205892,Calendar date,False
126191,नोर्देन तेन्जिङ भुटिया,Q66314577,Norden Tenzing Bhutia,False
51508,द मिस्ट्री अफ ब्लू ट्रेन,Q636815,The Mystery of the Blue Train,False
52721,काम्ले,Q4937100,Boehmeria platyphylla,False
67265,म्याकमहोन रेखा,Q1354172,McMahon Line,False
3979,चित्लाङ,Q3412027,Chitlang,False
70729,कोपनहेगन,Q1748,Copenhagen,False
150829,धुम्रपान र गर्भावस्था,Q1409081,Smoking and pregnancy,False
1944,ताजिकिस्तान,Q863,Tajikistan,False
18201,बालुरघाट उपविभाग,Q4853089,Balurghat subdivision,False
80403,नटाली पोर्टम्यान,Q37876,Natalie Portman,False
93082,थामे,Q7709836,"Thame, Nepal",False
148876,देवी तुलसी,Q16038295,Tulasi in Hinduism,False
117396,प्राकृतिक ग्याँस,Q40858,Natural gas,False
88213,तनु वेड्स मनु रिटर्न्स,Q18387925,Tanu Weds Manu Returns,False
131738,कटहरिया नगरपालिका,Q3416417,Katahariya,False
86240,बाहुबली २: द कन्क्लुजन,Q21001674,Baahubali 2: The Conclusion,False
108039,स्मारटोन,Q11079498,SmarTone,False
50866,स्नेह राणा,Q3371761,Sneh Rana (sport shooter),False
31427,नारेश्वर,Q3422786,Nareshwar,False
48540,क्रिस हेम्सवर्थ,Q54314,Chris Hemsworth,False
143005,२०२५ महिला प्रिमियर लिग,Q131143410,2025 Women's Premier League (cricket),False
58761,एन्ड्रियू फिसर,Q314016,Andrew Fisher,False
69069,एप्पल पे,Q18010990,Apple Pay,False
101002,नकुल अभ्यङ्कर,Q57549459,Nakul Abhyankar,False
135461,नवदुर्गा जात्रा,Q121076218,Navadurga Jatra,False
123299,जापानी भाषा प्रवीणता परीक्षा,Q1071147,Japanese-Language Proficiency Test,False
147194,गङ्गखर पुनसुम,Q219986,Gangkhar Puensum,False
146506,गैरसरकारी संस्था,Q79913,Non-governmental organization,False
33199,"भोर्लेटार, लमजुङ",Q3413534,Bhorletar,False
92177,रुना बासु,Q7379606,Runa Basu,False
17174,हनोभर,Q1715,Hanover,False
148791,धाउ,Q102798,Ore,False
98118,हरितकण,Q43177,Chlorophyll,False
123741,उद्धव थापा,Q120435956,Uddhav Thapa,False
83392,राजश्री ठाकुर,Q7286442,Rajshree Thakur,False
149151,राजमाता रानी एलिजाबेथ,Q10633,Queen Elizabeth the Queen Mother,False
57026,सुनौलो तोपचरा,Q1314032,Finn's weaver,False
76547,आगराको किल्ला,Q171857,Agra Fort,False
112673,पब्जी,Q28937399,PUBG: Battlegrounds,False
89973,क्यानडा अन्डर-१९ राष्ट्रिय क्रिकेट टोली,Q5029442,Canada national under-19 cricket team,False
10372,देवी,Q205985,Goddess,False
73902,जमदग्नी ऋषि,Q1292730,Jamadagni,False
125987,धुर्कोट गाउँपालिका,Q65410391,Dhurkot Rural Municipality,False
26771,खरकडा,Q3421738,Kharkada,False
122499,नीरज चोपडा,Q24955843,Neeraj Chopra,False
118784,सारा म्याकब्राइड,Q17011236,Sarah McBride,False
137591,नेलाङ,Q14010547,Nelang,False
94397,मिताली राज,Q3520476,Mithali Raj,False
23057,योमरी,Q14481144,Yomari,False
136910,इन्टरनेट आर्काइभ,Q461,Internet Archive,False
57651,ठुलो निरबिरालो,Q757265,Large Indian civet,False
31561,खिजी चण्डेश्वरी,Q6401590,Khiji Chandeshwari,False
15781,गेजिङ,Q1707638,Gyalshing,False
81074,दाैड (क्रिकेट),Q1360926,Run (cricket),False
1843,भक्तपुर जिल्ला,Q28451,Bhaktapur District,False
78452,"बटको पुरातात्विक क्षेत्रहरु, अल-खुत्म र अल-एन",Q25496,"Archaeological Sites of Bat, Al-Khutm and Al-Ayn",False
92522,माल्दिभ्स राष्ट्रिय फुटबल टोली,Q387312,Maldives national football team,False
13686,बेइजिङ,Q956,Beijing,False
23562,खाम्लुङ,Q3429289,Khamlung,False
131639,जाइफल,Q83165,Nutmeg,False
119612,नेपाल कम्युनिस्ट पार्टी (क्रान्तिकारी माओवादी),Q5154424,Communist Party of Nepal (Revolutionary Maoist),False
29228,बोच,Q4936215,"Bocha, Nepal",False
33045,माझफाँट मल्लाज,Q6744042,Mallaj Majhphant,False
80133,सबैभन्दा बढी कमाइ गर्ने भारतीय चलचित्रहरू,Q6622409,List of highest-grossing Indian films,False
136753,न्युपिडिया,Q17458,Nupedia,False
72469,घैरुङ,Q7240146,Ghairung,False
101337,लालमनिरहाट जिल्ला,Q2373734,Lalmonirhat District,False
126389,अल्बानियाको झण्डा,Q48409,Flag of Albania,False
138157,स्लाभेली भाषा परिवार,Q23526,Slavic languages,False
30146,बलात्कार,Q47092,Rape,False
99364,द चेनस्मोकर्स,Q7721993,The Chainsmokers,False
103589,चामुण्डा बिन्द्रासैनी नगरपालिका,Q55886489,Chamunda Bindrasaini,False
99548,बेलारुस राष्ट्रिय फुटबल टोली,Q186252,Belarus national football team,False
130146,धनकौल गाउँपालिका,Q60762257,Dhankaul Rural Municipality,False
126011,पलाँता गाउँपालिका,Q56276745,Palata Rural Municipality,False
838,हिमालय,Q5451,Himalayas,False
30980,दयानगर,Q5242996,Dayanagar,False
54521,मोहन कोइराला,Q13185084,Mohan Koirala,False
128788,बारागढी गाउँपालिका,Q60766144,Baragadhi Rural Municipality,False
27187,हर्देनी,Q2001678,Hardeni,False
53201,गुलाबी ताल (पश्चिमी अस्ट्रेलिया),Q1520438,Pink Lake (Western Australia),False
100063,ओपेक,Q7795,OPEC,False
103162,मेसोजोइक महाकल्प,Q83222,Mesozoic,False
56428,सानो खरमुजुर,Q1273465,Lesser florican,False
137555,चुन,Q182849,Calcium hydroxide,False
48637,एरिका,Q288559,Érika (Brazilian footballer),False
77674,थापाथली क्याम्पस,Q7710687,Thapathali Campus,False
99728,भेनेजुएला राष्ट्रिय फुटबल टोली,Q214151,Venezuela national football team,False
91380,मधेश प्रदेश,Q25104009,Madhesh Province,False
83835,एस्टोनिया राष्ट्रिय क्रिकेट टोली,Q5401500,Estonia national cricket team,False
140597,कृष्णप्रसाद भट्टराई अन्तरिम मन्त्रिपरिषद्,Q105833717,Krishna Prasad Bhattarai interim cabinet,False
30874,खजुरी चन्हा,Q3426326,Khajuri Chanha,False
120622,सङ्कटकाल,Q216227,State of emergency,False
88495,जयपुर,Q66485,Jaipur,False
26038,"रानीवन, अछाम",Q6582696,"Raniban, Achham",False
95579,योग्यकर्ता,Q7568,Yogyakarta,False
17553,जैसलमेर जिल्ला,Q1419708,Jaisalmer district,False
31258,तरेगना गोविन्दपुर,Q3428468,Govindpur Taregana,False
100270,२०१३ अफ्रिकी राष्ट्र कप,Q688351,2013 Africa Cup of Nations,False
78808,पलमेरा,Q5747,Palmyra,False
108491,भारतीय हात्ती,Q591305,Indian elephant,False
101250,विरोचन,Q4260579,Virochana,False
26952,कैलाशनाथ महादेव मन्दिर,Q6347940,Kailashnath Mahadev Statue,False
107077,रूबि रायट,Q5698914,Ruby Soho (wrestler),False
130914,विकासे मौरी,Q30034,Western honey bee,False
100923,कसुर जिल्ला,Q2503839,Kasur District,False
83350,दिव्या दत्ता,Q467964,Divya Dutta,False
100276,२००६ अफ्रिकी राष्ट्र कप,Q585231,2006 Africa Cup of Nations,False
30470,हथौसा,Q3428347,Hathausa,False
51828,पानीनिहुरो,Q625571,Diplazium esculentum,False
108316,गोलापगन्ज उपजिल्ला,Q3349114,Golapganj Upazila,False
31952,शान्तेश्वरी,Q7238398,Shanteshwari,False
114270,एस/ओ सत्यमूर्ति,Q16254994,S/O Satyamurthy,False
108204,इस्लामाबाद राजधानी क्षेत्र,Q848613,Islamabad Capital Territory,False
54443,सारी,Q172827,Sari,False
135690,मोलुन खोला लघु जलविद्युत केन्द्र,Q104879430,Molun Khola Small Hydropower Station,False
140867,नेपालमा वनविनाश,Q18388264,Deforestation in Nepal,False
100013,सलमान बिन इब्राहिम अल खलिफा,Q7405402,Salman bin Ibrahim Al Khalifa,False
6335,गोरखाली,Q207962,Gurkha,False
104774,एनसेल कप २०६९,Q4626313,2012 Ncell Cup,False
27113,लिसङ्खु,Q3414669,Lisankhu,False
99854,लिन्डन बेन्स जोन्सन,Q9640,Lyndon B. Johnson,False
44225,सियोल,Q8684,Seoul,False
107187,कम्युनिष्ट घोषणापत्र,Q40591,The Communist Manifesto,False
134179,श्रीलङ्काको प्रधानमन्त्री,Q1758894,Prime Minister of Sri Lanka,False
44982,पारस खड्का,Q7135862,Paras Khadka,False
90614,अजान महा बुवा,Q352857,Ajahn Maha Bua,False
55440,भाले,Q44148,Male,False
76076,नैनीताल जिल्ला,Q1797306,Nainital district,False
89006,विराट गोल्डकप,Q25103743,Birat Gold Cup,False
51463,इन्सम्निया (उपन्यास),Q930899,Insomnia (novel),False
74983,नेपालमा नारीवाद,Q5442840,Feminism in Nepal,False
104838,हर्षवर्धन,Q216895,Harsha,False
42947,रासायनिक परिवर्तन,Q3246649,Chemical change,False
44914,सन्दीप राई,Q13186643,Sandip Rai,False
124706,बालेन शाह,Q111772343,Balen Shah,False
135691,ठेउले खोला जलविद्युत केन्द्र,Q104879431,Theule Khola Hydropower Station,False
56762,कालो चिबे,Q46435,Black drongo,False
57173,बलाकांक्ष वनबाज,Q137474876,Eurasian goshawk,False
52060,शेल गेम (लघुकथा),Q7493662,Shell Game (short story),False
139770,छविलाल उपाध्याय,Q104872379,Chabilal Upadhyaya,False
87900,क्रिप्टन,Q888,Krypton,False
93314,भारतीय सिथियाली,Q240123,Indo-Scythian Kingdom,False
100091,जेसन विलियम्स,Q10406406,"Jason Williams (footballer, born 1984)",False
58772,विलियम म्याकमेहोन,Q356261,William McMahon,False
57655,हिमाली मलसाँप्रो,Q27366,Beech marten,False
146446,खाद्य सम्प्रभुता,Q1361172,Food sovereignty,False
29209,काटाकुटी,Q6375042,Katakuti,False
15765,राजगीर,Q863683,Rajgir,False
62750,फेडरल ब्युरो अफ इन्भेस्टिगेसन,Q8333,Federal Bureau of Investigation,False
114778,निक रबिन्सन (अमेरिकी अभिनेता),Q2985242,Nick Robinson (American actor),False
93027,मर्स्याङ्दी गाउँपालिका,Q30715700,Marsyangdi Rural Municipality,False
118826,अमेरिकाको राष्ट्रपति,Q11696,President of the United States,False
137624,डिभाइन कमेडी,Q40185,Divine Comedy,False
32186,खगालगाउँ,Q3421019,Khagalgaun,False
13011,चखेवा,Q170723,Ruddy shelduck,False
57463,विशाल तालहरू,Q7347,Great Lakes,False
114833,मिस्टर परफेक्ट (चलचित्र),Q6929084,Mr. Perfect (film),False
12469,हुस्सु,Q192196,Mist,False
100510,मार्क नोबेल,Q158814,Mark Noble,False
56450,चैतेचरा,Q2752089,Sykes's nightjar,False
77715,क्यामेरूनका विश्व सम्पदा क्षेत्रहरूको सूची,Q4435422,List of World Heritage Sites in Cameroon,False
51152,द वर्ल्ड अफ नागराज,Q4996908,The World of Nagaraj,False
18219,लौका,Q1277255,Calabash,False
28835,पुरन्धारा,Q3423672,Purandhara,False
108319,फेञ्चुगञ्ज उपजिल्ला,Q3346846,Fenchuganj Upazila,False
15900,टुपी,Q1345815,Shikha (hairstyle),False
9230,अदुवा,Q35625,Ginger,False
132909,डिगबहादुर लिम्बू,Q115912455,Dig Bahadur Limbu,False
141528,वेब होस्टिंग,Q5892272,Web hosting service,False
92852,नेपालमा पर्यटन,Q1369577,Tourism in Nepal,False
23406,सोराभाग,Q682956,Sorabhaj,False
56818,कालोटाउके वनकाग,Q1586915,Black-headed jay,False
56157,फेन्टम,Q947755,The Phantom,False
35971,पौडी,Q6388,Swimming,False
12167,फतेहपुर जिल्ला,Q1946829,Fatehpur district,False
8870,क्रिकेट,Q5375,Cricket,False
2028,परिवार,Q8436,Family,False
56642,हिमाली ग्राण्डला,Q2342558,Grandala,False
29695,उपल्लो अर्खला,Q3424963,Upallo Arkhale,False
27886,बल्डेङगढी,Q4850387,Baldengadhi,False
128156,एन्टि-हिरो (गीत),Q114721508,Anti-Hero (song),False
58639,सेलिन डियोन,Q5105,Celine Dion,False
86294,वाचस्पति देवकोटा,Q27063075,Bachaspati Devkota,False
25982,खप्तड,Q135737572,"Khaptad, Achham",False
53297,बबुल,Q15525126,Vachellia nilotica,False
74762,ग्रेट स्यान्डी मरुभूमि,Q326896,Great Sandy Desert,False
3756,विराटनगर महानगरपालिका,Q8247,Biratnagar,False
108454,लोहागडा उपजिल्ला,Q6667942,"Lohagara Upazila, Narail",False
138423,विदेश मन्त्रालय (भारत),Q3524953,Ministry of External Affairs (India),False
74405,सेरिए आ,Q15804,Serie A,False
37407,नेपाल विज्ञान तथा प्रविधि प्रज्ञा प्रतिष्ठान,Q15995346,Nepal Academy of Science and Technology,False
121850,सुदूरपश्चिम प्रदेश सभा,Q55630708,Sudurpashchim Provincial Assembly,False
30726,"श्रीपुर, कैलाली",Q7238325,"Sripur, Kailali",False
56681,श्यामश्वेत अर्जुनक,Q73829,Little pied flycatcher,False
93081,नार्पा भूमि गाउँपालिका,Q31732401,Narpa Bhumi Rural Municipality,False
28834,हेकुली,Q3421253,Hekuli,False
79282,वन च्याम्पियनसिप,Q3880200,ONE Championship,False
130938,नरेन्द्रलक्ष्मी शाह,Q21069462,Queen Narendra of Nepal,False
5831,ढुङ्गखर्क,Q3426674,Dhunkharka Bahrabise,False
13567,गन्धर्व जाति,Q5520610,Gandarbha,False
8347,दशरथ रङ्गशाला,Q1171789,Dasharath Rangasala,False
139963,भुटानका सहरहरूको सूची,Q498484,List of cities in Bhutan,False
136200,मुख्य सीमा दरार,Q104864271,Main Frontal Thrust,False
87574,भियाग्रा,Q191521,Sildenafil,False
26883,सिङ्गिया,Q3420046,Singiya,False
146135,कार्लो बिओट्टी,Q17279884,Carlo Biotti,False
8378,विस्तृत शान्ति सम्झौता,Q5156986,Comprehensive Peace Accord,False
14589,रामदेव,Q286658,Ramdev,False
73070,प्रभास,Q3136554,Prabhas,False
9367,कलियुग,Q228409,Kali Yuga,False
70925,अल्लू अर्जुन,Q642827,Allu Arjun,False
30696,खैराला,Q3425112,Khairala,False
54485,रात्रीकमिज,Q1146363,Nightshirt,False
83867,टुर्क्स तथा काइकोस टापु राष्ट्रिय क्रिकेट टिम,Q7855490,Turks and Caicos Islands national cricket team,False
79114,ग्लिविस,Q105084,Gliwice,False
78209,नुयेस्त्रा सेन्योरा दे लोरेटो,Q681861,Nuestra Señora de Loreto,False
136724,सिन्धिया,Q1555065,House of Scindia,False
38179,पुल्चोक क्याम्पस,Q7259274,Pulchowk Campus,False
43433,भूकम्पमापक यन्त्र,Q160567,Seismometer,False
18126,अलिपुर,Q2341786,Alipore,False
103307,नौमुले गाउँपालिका,Q55887673,Naumule,False
57060,रूख भँगेरा,Q25968,Eurasian tree sparrow,False
89100,सुसाइड स्क्वाड (चलचित्र),Q18604504,Suicide Squad (2016 film),False
57672,छिरबिरे बिरालो,Q80191,Marbled cat,False
48011,म्याथ्यु बोमर,Q315340,Matt Bomer,False
12401,आत्मा,Q9165,Soul,False
148831,देवी माहात्म्य,Q1206760,Devi Mahatmya,False
53454,टुकी फूल,Q131219,Taraxacum officinale,False
29022,हर्नामाडी,Q3465607,Hurnamadi,False
103212,नत्रजीवक उपकल्प,Q102416,Cenozoic,False
120081,सी. जोर्ज बुरे,Q2689090,C. George Boeree,False
74731,होलिका,Q3636069,Holika,False
118912,हन्टर सेफर,Q59248250,Hunter Schafer,False
134865,अस्ट्रेलियाको पिआर,Q4825075,Australian permanent resident,False
134203,ओपेनहाइमर (चलचित्र),Q108839994,Oppenheimer (film),False
89959,मार्कर,Q493615,Marker pen,False
123130,अपराजिता राजा,Q107288938,Aparajitha Raja,False
72688,भारतीय,Q226324,Indian,False
29755,सनई,Q7415474,"Sanai, Nepal",False
62458,राजु परियार,Q42889668,Raju Pariyar,False
29747,रजहर,Q7285644,Rajahar,False
125935,हतुवागढी गाउँपालिका,Q55075056,Hatuwagadhi Rural Municipality,False
82580,नेपाल महिला राष्ट्रिय क्रिकेट टोली,Q6994471,Nepal women's national cricket team,False
30590,"गोकुलेश्वर, बैतडी",Q5578119,"Gokuleshwar, Baitadi",False
30449,भिल्मी,Q3417164,Milmi,False
113620,स्कट मरिसन,Q7436908,Scott Morrison,False
113650,बङ्गलादेशका राष्ट्रपतिहरूको सूची,Q1976884,List of presidents of Bangladesh,False
29128,पाम्का,Q3417081,Pamka,False
31326,सीतापुर प्रध,Q6783695,Sitapur Pra. Da.,False
147373,मारमा जाति,Q1929668,Marma people,False
113697,शेक इट अप (अमेरिकी टिभी शृङ्खला),Q308700,Shake It Up (American TV series),False
28797,"लक्ष्मीपुर, दाङ",Q6505274,"Lakshmipur, Dang",False
30596,तल्लादेही,Q3419260,Talladehi,False
52139,टेन एयर्स,Q401860,10 years,False
1992,युक्रेन,Q212,Ukraine,False
125539,रेकर्ड लेबल,Q18127,Record label,False
91300,मानव इतिहास,Q200325,Human history,False
119550,सेलेना,Q23543,Selena,False
122287,मानसिक पूर्वाग्रह,Q1127759,Cognitive bias,False
5978,दिप्लुङ,Q3412214,Diplung,False
107697,नेत्रकोना सदर उपजिल्ला,Q2748751,Netrokona Sadar Upazila,False
12908,तित्रा,Q740872,Francolinus,False
123323,अजरबैजानी भाषा,Q9292,Azerbaijani language,False
32852,दाँतमा किरा लाग्ने,Q133772,Tooth decay,False
145424,जगदिश्वरनरसिंह केसी,Q135677470,Jagadiswor Narsingh KC,False
123763,दक्षिण सुडान,Q958,South Sudan,False
87432,आशुतोष गोवरिकर,Q281249,Ashutosh Gowariker,False
87708,आइफोन ४,Q300890,IPhone 4,False
17928,ग्वालपाडा जिल्ला,Q42522,Goalpara district,False
93190,उपप्रमुख,Q581817,Deputy mayor,False
150549,खप्पर,Q13147,Skull,False
28057,मार्ता,Q12696949,"Marta, Nepal",False
29577,बुधसिङ,Q601411,Budhasing,False
100324,न्युजिल्यान्ड राष्ट्रिय फुटबल टोली,Q175315,New Zealand men's national football team,False
105894,राज मान सिंह चित्रकार,Q16065867,Raj Man Singh Chitrakar,False
104393,ए मेरो हजुर ३,Q55087336,A Mero Hajur 3,False
90430,प्राचीन तिब्बती भाषा,Q7085214,Old Tibetan,False
23990,हलोविन,Q251868,Halloween,False
62728,गुलजरीलाल नन्दा,Q317769,Gulzarilal Nanda,False
55361,मही,Q106612,Buttermilk,False
149293,वैकुण्ठ चतुर्मूर्ति,Q7908749,Vaikuntha Chaturmurti,False
137368,एकसदनपद्धति,Q140247,Unicameralism,False
57123,सेतोपुच्छ्रे हुटिट्याउँ,Q827245,White-tailed lapwing,False
138260,वीरेन्द्र सिंह थापा,Q60194748,Birender Singh Thapa,False
74929,यौन दासत्व,Q875521,Sexual slavery,False
141156,महानिर्देशक,Q1501800,Director general,False
109397,काबुस बिन सइद अल सइद,Q57331,Qaboos bin Said,False
75021,जिनेदिन जिदान,Q1835,Zinedine Zidane,False
33097,आठबिस डाँडागाउँ,Q3423106,Aathbisdandagaun,False
5007,चमैता,Q3430451,"Chamaita, Ilam",False
80831,जिम्बाब्वे विरुद्ध आयरल्यान्ड २०१५-१६,Q20981289,Irish cricket team in Zimbabwe in 2015–16,False
12911,गिद्ध,Q123120,Vulture,False
23860,राउटे जाति,Q10901092,Raute people,False
4757,कमल,Q16528,Nelumbo nucifera,False
73973,एरोन फिन्च,Q4662015,Aaron Finch,False
58763,म्यालकोल्म फ्रेसर,Q315979,Malcolm Fraser,False
128675,ज्यू,Q4545013,-ji,False
58185,जेसन स्टेथम,Q169963,Jason Statham,False
92989,पन्जाब,Q1228961,Punjab (disambiguation),False
119124,लैङ्गिकतामा आधारित हिंसा विरुद्ध १६ दिने अभियान,Q18608408,16 Days of Activism against Gender-based Violence,False
147735,सान राज्य,Q456847,Shan State,False
107960,मोबिफोन,Q6886703,MobiFone,False
6481,भाइ टिका,Q31023,Bhai Dooj,False
55466,काल भैरव (काठमाडौँ),Q106208411,"Kaal Bhairav, Kathmandu",False
12818,बिमिरो,Q150064,Citron,False
51144,द म्यान-इटर अफ मालगुडी,Q7749843,The Man-Eater of Malgudi,False
108845,म्याङ्गो टिभी,Q24833016,Mango TV,False
82977,रवीना टन्डन,Q2001803,Raveena Tandon,False
8519,थिरबम मल्ल,Q13181900,Thirbam Malla,False
9562,मध्य-पश्चिमाञ्चल विकास क्षेत्र,Q28464,"Mid-Western Development Region, Nepal",False
74044,अध्यात्मोपनिषद,Q7602113,Adhyatma Upanishad,False
99713,अफ्रिकी राष्ट्र कप,Q83145,Africa Cup of Nations,False
148064,छात्र-जनताको विद्रोह,Q130255015,July Uprising,False
30870,पचहर्वा,Q3420807,Pacharhwa,False
52026,द ह्याङ्गिङ स्ट्रेन्जर,Q13182169,The Hanging Stranger,False
69194,घनमूल,Q1774143,Cube root,False
76814,मिचिगन ताल,Q1169,Lake Michigan,False
80452,ऋचा शर्मा,Q7306595,Reecha Sharma,False
32190,गोठी,Q3423757,"Gothi, Nepal",False
145129,भन्सार,Q182290,Customs,False
15412,भर्‍याङ,Q168639,Ladder,False
134428,मानविकी,Q80083,Humanities,False
151186,वडा (खाना),Q2723131,Vada (food),False
93139,अली (अभिनेता),Q4724516,Ali (actor),False
125094,योगेश राज,Q110279104,Yogesh Raj,False
106863,कल इट ह्वाट यु वान्ट (टेलर स्विफ्टको गीत),Q42976009,Call It What You Want (Taylor Swift song),False
26879,पश्चिम कुसाहा,Q3419041,Paschim Kasuha,False
115836,क्यूएफएक्स सिनेमाज,Q28407747,QFX Cinemas,False
99083,वाइल्ड वाइल्ड कन्ट्री,Q50822507,Wild Wild Country,False
48685,एलिस केलन्ड-नाइट,Q467046,Elise Kellond-Knight,False
83438,बिदिता बाग,Q16727188,Bidita Bag,False
8869,कटवाल,Q3632335,Katuwal,False
4411,ट,Q4307966,Ṭa,False
137561,आइ ह्याब अ ड्रिम,Q192341,I Have a Dream,False
106053,अष्टाङ्ग सङ्ग्रह,Q15644485,Ashtāṅgasaṅgraha,False
8890,"पिपलकोट, दैलेख",Q3411236,"Pipalkot, Dailekh",False
28347,बियर,Q44,Beer,False
15188,तिलक परियार,Q19678728,Tilak Pariyar,False
29834,"गौरीशङ्कर, सर्लाही",Q3427523,"Gaurishankar, Sarlahi",False
4018,डडुवा,Q3411430,Dadhuwa,False
20450,औँसी,Q108566,New moon,False
150491,हावडा रेलवे स्टेसन,Q986105,Howrah railway station,False
27079,थकनी,Q3413832,Thakani,False
142926,द बोरिङ कम्पनी,Q28874479,The Boring Company,False
136809,युरोपियन सुपर लिग,Q106548888,European Super League,False
126356,माझी औँला,Q167131,Middle finger,False
104219,इन्टरनेट चलचित्र डेटाबेस,Q37312,IMDb,False
120902,मार्भल सिनेमेटिक युनिभर्सका चलचित्रहरूको सूची,Q16148930,List of Marvel Cinematic Universe films,False
84924,पारविन्दु,Q626990,Break-even point,False
1943,सिरिया,Q858,Syria,False
128693,सिराहा २ (निर्वाचन क्षेत्र),Q104835982,Siraha 2,False
15439,जागर,Q3632320,Jagar (ritual),False
129262,सोरेङ जिल्ला,Q112939132,Soreng district,False
110688,सम्बन्ध विच्छेद,Q93190,Divorce,False
120542,रामबहादुर थापा,Q3418324,Ram Bahadur Thapa,False
15594,काँगडा,Q662868,"Kangra, Himachal Pradesh",False
23567,चाँगे,Q5071754,"Change, Nepal",False
5458,अङ्गोला जनमुक्ति आन्दोलन - श्रम दल,Q28551,MPLA,False
100408,१९६२ फिफा विश्वकप,Q160813,1962 FIFA World Cup,False
17305,कन्याकुमारी जिल्ला,Q15158,Kanyakumari district,False
48432,क्याटलिन मनोज,Q5017907,Caitlin Munoz,False
52056,क्याप्टिभ मार्केट,Q16851991,Captive Market (short story),False
15882,अहिंसा,Q178498,Ahimsa,False
53209,गयाना,Q734,Guyana,False
12809,इन्द्रकमल,Q1072101,Gardenia jasminoides,False
51432,ब्ल्याक हाउस (उपन्यास),Q239725,Black House (novel),False
18045,शिवगङ्गा जिल्ला,Q15195,Sivaganga district,False
123657,सात दलीय गठबन्धन,Q1775917,Seven Party Alliance,False
146517,अजमोदा,Q25284,Parsley,False
3204,फरेस्ट गम्प,Q134773,Forrest Gump,False
100075,मार्सेलो,Q721804,"Marcelo (footballer, born May 1987)",False
32148,"मूलपानी, धादिङ",Q6934328,"Mulpani, Dhading",False
107441,वान पिस (एनिमे),Q710324,One Piece (1999 TV series),False
87740,इटाली महिला राष्ट्रिय फुटबल टोली,Q775805,Italy women's national football team,False
61691,उधौली,Q15227527,Udhauli,False
53124,ग्वादलुप,Q17012,Guadeloupe,False
23466,ओलने,Q3417840,Olane,False
30999,बैरघाट,Q3421785,Bairghat,False
83794,अन्तर्राष्ट्रिय क्रिकेट परिषदका सदस्य राष्ट्रहरू,Q487299,List of International Cricket Council members,False
73712,थोमस पेन,Q126462,Thomas Paine,False
92038,भुम्लु गाउँपालिका,Q30301528,Bhumlu Rural Municipality,False
25073,बीएमसी रेसिङ्ग टीम,Q787401,CCC Pro Team,False
134092,पश्चिमी चालुक्य साम्राज्य,Q14624218,Western Chalukya Empire,False
60576,दबदबे,Q15226345,Garuga pinnata,False
53513,पुष्टकारी,Q7261960,Pustakari,False
23258,चापागाउँ,Q3411027,Chapagaun,False
91353,कालीप्रसाद बास्कोटा,Q29001221,Kali Prasad Baskota,False
78088,सिडाडे भेल्हा,Q464913,Cidade Velha,False
29715,देवचुली नगरपालिका,Q3412583,Devachuli,False
6469,नारायण नगरपालिका,Q1590553,Narayan Municipality,False
125057,समानान्तर प्रणाली,Q1062211,Parallel voting,False
57146,मधुहा,Q605431,Crested honey buzzard,False
132392,भाषिका,Q3329375,Variety (linguistics),False
125973,गुल्मीदरबार गाउँपालिका,Q65410209,Gulmi Darbar Rural Municipality,False
5792,धवाङ,Q3411106,Dhawang,False
85986,बङ्गाल वारियर्स,Q18110379,Bengal Warriorz,False
131527,बृहद्रथ वंश,Q12443072,Brihadratha dynasty,False
68567,डेभिड कपरभिल्ड,Q139637,David Copperfield (illusionist),False
138532,अन्धो आउने समस्या,Q202173,Stye,False
130334,भोटेकोशी गाउँपालिका,Q65068206,Bhotekoshi Rural Municipality,False
102276,बट्टुक,Q25302803,Medu vada,False
133760,पूर्वी गोलार्ध,Q186198,Eastern Hemisphere,False
13123,मोल छुचुन्द्रो,Q3189180,Mole (animal),False
100821,मरिष्का पोखरेल,Q67264740,Mariska Pokharel,False
26933,मारेकटहरे,Q3414353,Marek Katahare,False
129920,ट्रोङ्सा जिल्ला,Q728938,Trongsa District,False
9556,मध्यमाञ्चल विकास क्षेत्र,Q28579,"Central Development Region, Nepal",False
100741,चमन,Q1017644,Chaman,False
71363,चण्डीगढ,Q43433,Chandigarh,False
10009,अन्डमान र निकोबार द्वीपसमूह,Q40888,Andaman and Nicobar Islands,False
136823,जियाङ्सी,Q57052,Jiangxi,False
87794,रोहित जोन क्षेत्री,Q27554964,Rohit John Chhetri,False
141181,जलमार्ग,Q1267889,Waterway,False
92489,भ्याम्पायर,Q46721,Vampire,False
108562,रञ्जन घोष,Q7293096,Ranjan Ghosh,False
87742,संयुक्त राज्य अमेरिका महिला राष्ट्रिय फुटबल टोली,Q334526,United States women's national soccer team,False
61356,इमरान खान (बलिउड अभिनेता),Q312781,Imran Khan (film actor),False
29580,बर्सुञ्चेत,Q733874,Barsunchet,False
3571,खस जाति,Q3630408,Khas people,False
99682,स्लोभाकिया राष्ट्रिय फुटबल टोली,Q174512,Slovakia national football team,False
140963,गेबोर कोसा,Q17361723,Gábor Kósa,False
14739,विमलेन्द्र निधि,Q4913693,Bimalendra Nidhi,False
81338,नोभेम्बर रेन (चलचित्र),Q7064791,November Rain (2014 film),False
95333,जवाहर लाल नेहरू पुरस्कार,Q3295156,Jawaharlal Nehru Award,False
29279,भिक्टोरिया क्रस,Q219578,Victoria Cross,False
77565,इजरायलका विश्व सम्पदा क्षेत्रहरूको सूची,Q130116,List of World Heritage Sites in Israel,False
23092,भर्मोन्ट,Q16551,Vermont,False
100488,फिजी महिला राष्ट्रिय फुटबल टोली,Q1411396,Fiji women's national football team,False
26851,भारतका नदीहरू,Q2365517,List of rivers of India,False
44253,कैलाली बहुमुखी क्याम्पस,Q19671573,Kailali Multiple Campus,False
88890,मोतिलाल बोहरा,Q16199680,Moti Lal Bohora,False
52961,रुमाल,Q192411,Handkerchief,False
34032,छाङछाङ्दी,Q3414043,Chhangchhangdi,False
27018,"सिद्धेश्वर, भोजपुर",Q7508166,"Siddheshwar, Bhojpur",False
149351,वेदवती,Q3521649,Vedavati,False
5037,साँखेजुङ,Q1905500,Sakhejung,False
26282,कोल्हवी नगरपालिका,Q3421909,Kolhabi,False
69552,विसं १९९० को महाभूकम्प,Q3492593,1934 Nepal–India earthquake,False
51981,द डार्क हेयर्ड गर्ल,Q3208850,The Dark Haired Girl,False
30519,अन्नपूर्ण (स्पष्टता),Q340645,Annapurna (disambiguation),False
116080,सिनकोपी इङ्क,Q984047,Syncopy Inc.,False
3999,चुनवाङ,Q576811,Chunwang (place),False
146071,अजय बाबु शिवाकोटी,Q135841648,Ajaya Babu Shiwakoti,False
100007,चार्ली अस्टिन,Q211581,Charlie Austin,False
72226,अजिङ्क्य रहाने,Q137669,Ajinkya Rahane,False
141377,नेपालका इन्जिनियरिङ कलेजहरूको सूची,Q118144785,List of engineering colleges in Nepal,False
47551,नेपाल कम्युनिस्ट पार्टी (मार्क्सवादी-लेनिनवादी),Q974577,Communist Party of Nepal (Marxist–Leninist) (2002),False
64964,कनकचम्पा,Q157017,Magnolia,False
44503,हाथरस,Q1709695,Hathras,False
27544,ज्याम्दी मण्डन,Q3423312,Jyamdi Mandan,False
13196,दादुरा,Q79793,Measles,False
29110,काफलकोट,Q3414476,Kaphalkot,False
69193,घन,Q861555,Cube (algebra),False
87335,प्यारजङ्ग थापा,Q27580095,Pyar Jung Thapa,False
3786,बिसुखर्क,Q3412786,Bisukharka,False
29669,कोर्ताङ,Q3424791,Kortrang,False
136074,च्यान्डलर बिङ,Q745284,Chandler Bing,False
92407,थापाथली दरबार,Q24906191,Thapathali Durbar,False
62531,अधार्मिकता,Q58721,Irreligion,False
146075,वधू दहन,Q4966111,Bride burning,False
23308,केचना,Q3414627,Kechana,False
53299,भाङ,Q2936421,Cannabis indica,False
26140,रिठापाटा,Q6628801,Ridhapata,False
81920,रियो मोरी,Q242578,Riyo Mori,False
47996,दुःशला,Q2723039,Dushala,False
71325,ठुलाबा,Q12158205,Paternal uncle,False
45129,अलिखित (उपन्यास),Q60749273,Alikhit,False
101877,सन् १९२३ को नेपाल-बेलायत सन्धि,Q6994574,Nepal–Britain Treaty of 1923,False
2012,पृथ्वी विज्ञान,Q8008,Earth science,False
12252,व्यास,Q330521,Vyasa,False
137230,नेपाली साहित्यकारहरूको सूची,Q19901790,List of Nepalese writers,False
87599,नेपाली सेनाको प्रधान सेनापति,Q56723908,Chief of the Nepalese Army,False
6424,मास्टर मित्रसेन,Q17040625,Master Mitrasen,False
29575,बेलकोट,Q4883054,Belkot,False
120283,गाई जात्रा तेस्रोलिङ्गी र्‍याली,Q65052421,Gai Jatra Third Gender March,False
150716,मणिकर्णिका घाट,Q3630417,Manikarnika Ghat,False
99440,रोहितकुमार पौडेल,Q48734810,Rohit Paudel,False
51008,ज्ञानेन्द्र वीरविक्रम शाह,Q201327,Gyanendra of Nepal,False
134373,अवेस्ता,Q83426,Avesta,False
30869,सोनिगामा,Q3428540,Sonigama,False
99643,कोसोभो राष्ट्रिय फुटबल टोली,Q113143,Kosovo national football team,False
23759,गोइठी,Q3416545,Goithi,False
3901,बुङताङ,Q3414057,Bungtang,False
127349,करणबहादुर राना मगर,Q4389844,Karanbahadur Rana Magar,False
35921,कृष्ण सागर,Q166,Black Sea,False
124916,पोखरा बागलुङ राजमार्ग,Q97162503,Pokhara Baglung highway,False
134080,कदम्ब वंश,Q1479952,Kadamba dynasty,False
135671,दरम खोला-ए जलविद्युत केन्द्र,Q104873205,Daram Khola-A Hydropower Station,False
98201,अलेक्सा इन्टरनेट,Q230051,Alexa Internet,False
107992,बेलकुचि उपजिल्ला,Q4082077,Belkuchi Upazila,False
31002,कम्हरिया,Q3417749,Kamahariya,False
32003,जुबु,Q6301966,"Jubu, Nepal",False
22894,क्रिसमस,Q19809,Christmas,False
70868,बर्लिनको पर्खाल,Q5086,Berlin Wall,False
56563,फिरफिरे (चरा),Q210791,Zitting cisticola,False
67242,भाषा परिवार,Q25295,Language family,False
99714,रोबिन ओल्सेन,Q6799321,Robin Olsen,False
14548,बागेश्री,Q37603,Bageshri,False
30713,पाण्डौन,Q3423187,Pandaun,False
30863,बनिनिया,Q975509,"Baniniya, Dhanusha",False
5017,"पशुपतिनगर, इलाम",Q2700910,"Pashupatinagar, Ilam",False
77583,फिनल्यान्डका विश्व सम्पदा क्षेत्रहरूको सूची,Q18605924,List of World Heritage Sites in Northern Europe,False
102122,म्याक क्ल्युरी जलसन्धि,Q1135336,M'Clure Strait,False
56522,ट्याकट्याके,Q312779,Blyth's reed warbler,False
56636,हरियो कचोवा,Q1585763,Green cochoa,False
29828,डुमरिया,Q3412380,Dumariya,False
135934,राजेन्द्र बजगाई,Q115912444,Rajendra Bajgain,False
114779,स्तन सम्भोग,Q839512,Mammary intercourse,False
8416,जन गण मन,Q83099,Jana Gana Mana,False
111431,सादी कार्नो,Q181685,Nicolas Léonard Sadi Carnot,False
88616,पणजी,Q214681,Panaji,False
35741,लेते,Q6533201,"Lete, Nepal",False
68205,१९७५ क्रिकेट विश्वकप,Q1139930,1975 Cricket World Cup,False
16653,नगरपालिका,Q15284,Municipality,False
56697,चटक चाँचर,Q1591651,Dusky thrush,False
10407,तिलेपाटा,Q3411806,Tilepata,False
77708,मौरिससका विश्व सम्पदा क्षेत्रहरूको सूची,Q4435467,List of World Heritage Sites in Mauritius,False
56662,साइबेरियाली नीलो रबिन,Q27075670,Siberian blue robin,False
62739,झिङ्गे माछा,Q1038113,Lobster,False
58326,ताशा रेगन,Q7687171,Tasha Reign,False
30994,रायपुरा,Q7298383,"Rayapur, Rupandehi",False
100035,चिनियाँ ताइपेई महिला राष्ट्रिय फुटबल टोली,Q640408,Chinese Taipei women's national football team,False
145333,महिनावारी कप,Q216997,Menstrual cup,False
129972,सर्लाही १ (निर्वाचन क्षेत्र),Q104882407,Sarlahi 1,False
131628,वाकाटक वंश,Q1501306,Vakataka dynasty,False
26897,भलुवा,Q4900929,Bhaluwa,False
99317,जेम्स कुक,Q7324,James Cook,False
119301,पाग,Q13415349,Paag,False
81677,अनिल चित्रकार,Q17155850,Anil Chitrakar,False
15270,पिपला,Q685336,Long pepper,False
6396,गौर नगरपालिका,Q740050,"Gaur, Nepal",False
83365,जिना क्यारानो,Q233017,Gina Carano,False
57220,कालीकण्ठ डुबुल्कीचरा,Q185183,Black-necked grebe,False
8846,राराताल,Q2120180,Rara Lake,False
148858,भावन उपनिषद्,Q12444073,Bhavana Upanishad,False
26874,डुम्राहा,Q3412148,Dumaraha,False
105688,चौहान वंश,Q24897370,Chahamanas of Shakambhari,False
109109,गृह मन्त्री (नेपाल),Q110903930,Minister of Home Affairs (Nepal),False
80905,न्युजिल्यान्ड अन्डर-१९ राष्ट्रिय क्रिकेट टोली,Q7015815,New Zealand national under-19 cricket team,False
57069,गोभण्डीर चाहा,Q26711,Jack snipe,False
51662,द बिगिनिङ्ग (एनिमर्फ्स),Q7716326,The Beginning (novel),False
32303,हिस्थान मण्डली,Q3426475,Histhan Mandali,False
55439,पोथी,Q43445,Female,False
78456,ट्रोयको पुरातात्विक क्षेत्र,Q22647,Troy,False
78605,पर्सेपोलिस,Q129072,Persepolis,False
62089,अस्ट्रेलियन ओपन,Q60874,Australian Open,False
81755,मनिला,Q1461,Manila,False
83230,अपरा मेहता,Q4779112,Apara Mehta,False
146549,बहु-स्तरीय शासन,Q1459305,Multi-level governance,False
92132,योगेश भट्टराई,Q29513017,Yogesh Bhattarai,False
44362,अमरेली,Q589163,Amreli,False
104278,आचार्य विद्यासागर,Q4673553,Acharya Vidyasagar,False
78922,हुमा कुरैसी (अभिनेत्री),Q5936662,Huma Qureshi,False
80958,लिन्डा ह्यारिसन,Q272445,Linda Harrison,False
115907,नारायण प्रसाद खतिवडा,Q67575588,Narayan Prasad Khatiwada,False
